BH05640,MFITNAYAQVAGGVSNGPSLVTFVPFILIFGIMYFFIIRPQRAQMKKRQEMLNAVRRGDTVITGGGVIGKVTKVYDESGELEVEICDGMRIRVIRSTLSDVRVKGEPISEEKSKLNTKVKAPSKAKAVKKENMSASKEKKAVSKEEHS
BH13530,MAAKEVKFGREARERLLRGVDILANAVKVTLGPKGRNVVIDKSFGAPRITKDGVSVAKEIELEDKFENMGAQMLREVASKTNDIAGDGTTTATVLGQAIVQEGVKAVAAGMNPMDLKRGIDAAVDEVVANLFKKAKKIQTSAEIAQVGTISANGAAEIGKMIADAMEKVGNEGVITVEEAKTAETELEVVEGMQFDRGYLSPYFVTNAEKMVADLDDPYILIHEKKLSNLQSLLPVLEAVVQSGKPLLIIAEDVEGEALATLVVNKLRGGLKIAAVKAPGFGDRRKAMLEDIAILTSGQVISEDVGIKLENVTLDMLGRAKKVNISKENTTIIDGAGQKSEINARVNQIKVQIEETTSDYDREKLQERLAKLAGGVAVIRVGGATEVEVKEKKDRVDDALNATRAAVEEGIVAGGGTALLRAANALTVKGSNPDQEAGINIVRRALQAPARQIATNAGEEAAIIVGKVLENNADTFGYNTATGEFGDLIALGIVDPVKVVRSALQNAASIASLLITTEAMVAEVPKKDTPVPPMPGGGMGGMGGMDF
BH04550,MSKQFQKRHFYSLSEIIFKMLDPILRKRTGLNVALIENWSQIAGRDIAEHTVPLKIIWKRRVDQDEIFQPGTLIVACEGFVALKLIHETAELIHRINVFFGYIALNRIKIEQRSVSVFSNQLPRKLSLSVKEKKCVEKMLEGVENESLRQSLYELGCCIFAEKKNK
BH05630,MCLKVLGNVVRCNQGIALLAMIMVLVGCSSGMQRFANPFSYPTISNQPNISTTMSTYTDSPTLSYGAGMIQSTELPPVEPVNDLSTYDNTAYNSPPQDGTSSPNSRIMGTPPRNLGTLSRSQMRNDPLFRQNSYIVQTGDTLLSIARQRGVSVEALKLVNGIRSNSIYIGQVLMIPSGRTAETSNVRNNDWGASKQSLSQSQSASSIRHKKYSSTEKAPITPKPSAQINRSNGEQNSSAQMSSLNYEKGVLDTVMNKDNGVTPQATGISKMRWPVRGRLLSQFGQKRGTTMSRGIDIAVPEGSSVKAAENGIVIYASDGLKELGNVVMIRHENNIITIYGCNSKLVVTRGQRIRRGDEIAKSGVSGDVKTPRVYFEVRENSLPVDPIKYLEN
BH13880,MVDNKQIQPSKDHCGEQCALPQELPLDPAVERVRKKLMRFMIISISITLMMTLAVLFLVVYKILATRSTPKHPPQFSSHNRNPEVAYHTLSLPKGTQILSQSLSKHNIVLKVLMPDDHIKFMVYNYHTGTLIAVLSVETTRSNIVPQPR
BH00190,MKMFKKKFIAAFVMVFISAGATCAQAPNRLDQFEAWGAYSYKSPQKTICYVLSMPLESLPTTVKHGDNFFLVTKRSHSPLSFEPQFMAGYPLKEGSRVTVTIGSKDFDFFTKDSSAWLASPALEKQLVSAMRAGKNMKVSAFSKRGTHTTYIYSLKGVTAALNAAQKCH
BH05620,MDQKGILRFHEELASLVLKMRSKGIDDVRFFTALEKIPRQQFVSSPWFKSAYDNKVIPIECGEYIERLEEQLLILYALSLKKKHRVLEIGTGSGFCTAFMACLSDRVITVDRYKTLVDLARQKFQTLGIENIVVRQIDGSRIITGFGSFDRILIWPSRSDEPKEFLELLTENGILIQAIGPDEGVQTITRYTKIASRFECLEMFQVRYQPFIEGIAETL
BH09080,MSWNEALLVVFVVLLLFSGVMLFALYYRHQAKNLKDELEERKREVLIETKAIIDQCAADLKRYDAEIKVRDEEIEKLQQDLKRLEEEAKANSHII
BH01250,MSMHNETHNPSTSSYLVGFILAVFFTLGSFIPVMYGMMDSWAISTKVVYLIGMAIIQIIVQIIFFLHLNSGPDAKWNLSALWFAAICVFVIIGGTWWAISHLNYNMMGGSGRVVEPEISGGTNPSVSEQLSDIQEIEKHLSGKDISAQKAPAVQIPVEPVPGSEMPLGQAPTVQTPIEPIPGSEIPLEQAPAVQTPIEPVPGSEIPLGQAPAVQTPVELAPGAEMPME
BH12700,MYLKKIKQIKIIRPILVILALFMLWFGYKWITHWRYILSTEDAYVQGDIAAIAPKLNGYIKKIAIKANQVVKKDDVLFCLDNGDYQIALDQTEARLNTQQKTLLRIDAQIVAAHSALDDAQAQKAAASAIATNAQLTLKRTTELKADRYAPQSDVDDAKSAYEQAIANVNRADAQIAAARANIQVLEAQRSETESQTKSLELTRDKAKRDLDSTIIRAPFDGIIGNLTAKTGDFVVNGQRLAALVPIQALYIEANYKETQLQNIHAGQTAYITFDAFKKEVFTGRVLSIAPATGAVFSLLPPQNATGNFTKIVQRIPVRISIPEEALKDKRIRAGMSVSVQIDTRTKLHNHPL
BH13180,MKKSFLLYTVSGVLLFSYPSLSYALASTDLQPLFVNYSLKKNKNNNLKAEQLGEPASRTFVSKKRKRSGAEESSAGASLSIPVKSAKSRKRPILESSPTNPTSESPSRSPASIKPANSAQVDEDQSTKIEVENGTTVTKQNVKIHDNYVAVHAQEANSKVKIIGGSVSSNFIGLSTLAGGTIDATNITTTVTSVGLLNTNGTIILKDSTVNVTGNDKTHGIVLRGMQNPSGNQQAQNAGREGNVHHEKDMRNKVMLTNTKILVQNGIGIGVYGAHASGEVTLKDSEIRADMLSKNEKNIEAPAHILTLNADHSILEGGVKTLADNKTFLNLNNNSTWLLTAPRKRESNNDPSHGHDIDEKLHSNLSGISLTESSIVFGTSTDGHYQTLFVGSQSQEADQTPNNPIVYKATGAAEIHLNSEWSNNSPMHKQKTDRVIINGDVSGSTIVHINFLESGNKGTKSTAVWKEEMVSTSSTAHGISLIQVSGNADKNSFKLEKGYLTMGGTPYKYVLTAYAPGTSDASQNLFGKNDQNFWDFRLQSAYVDSDKKVRALLPQVANYLVIPNAVFSAGFSEVNNQNMLLNNMRTTMFGAENHNKNGIFLSYYNEKVTLSSNRDPLHYGYGADINYDAVQLGIIMNALEGKNINTQFGLLGTYGKLSFTPKDMQDSEKTKLDKWSLTAYSGIQHSMGLYMNALLSYGVLKGNVTTALIGTAAKLDGTKTLTLSATLGQKLTTGLQGLMFEPQAQFIYQNLMLDVLSDADGLKVDMDNPHQWLVRIGGRLTKNLTTTEEDNDHAVSFYGKLNVLRTFGDGGAIQIGESFYLDPTGSSIEGGVGVNAHIAQKVVLHGDISYRHKLQKAGVSGTNFSGGIRYHF
BH15350,MSNSFSLIPLPLVDQRYAQALFDLAQEEGLVEILEKAVESFLMVLDQDEDLKHFVQSPFFSVKEQVKVMHSVCENIPFADEGAGQILSRFLRVITLNHRLRALSGILHAFQRRVALSRREFSAQIIAARPLNSQQEQQLQSVLESVVGGKVFLNICVDPEILGGLIIRLGSSQIDTSLMAKLSSLKIALKKRSADGY
BH09990,MSDNNRKNPYEMKQDYEHHNPLEKLTRIFTPNKQRKNQKDLSSLQIDQSISQSPKTSLHGDDFDLSFLEAEFENNLKNDLPLDEQKKQFNLHKTKNKTNSDVISTTLFNHPEKDSFLSEEKLSLPQSHNEEQILDALSPLPIQKNLSSQNKTSQTPAHPSFEESNFDPLSENFFFDESERQDNNRIIPELGEQNKRFSQTIAPQQNTSNIQQNYDDNQSLHNSPINHPYKVSADQENWIEEYYTNVPNPSMKANTGFSSATLISEREGTERSKSTSDFPSPLDSTQTNKSSDLKGFLQENHTDSYPQFYEEKLSEQETYAAQTPQYVDSQDQYINNAENISKQNNEKEVVYKQNNLNKISSSSKVFKDTQTDRFFAHNTMQRDTSPPSVDTYKFSDEIVEKTGPIMVPEVPYEVPEYDVPTDGLKEEFSDVLNVGNVSAENFSQQKPQDKVFNEIFNQTIQNSKENTYINPQEESTNYFPADNTKHTESLSYKSVDEIPYTSNPLSLENSIFSKTLTKSIILLILIAVSFVGYSRFFMSSQKNESTPIIHADNTPFKFKHQSTETKNDVEHNLDIYKQTTGQNEKQENTQQFLIDNSEPPEDLAALNQQESTSFSPSSLDDSDVEDAVTEAINHTIPTQKVQTVIVKQDGTVVLSPMHDTEKKTTDKYEEKIDQTTVDQLQESQPISSHFSDTKDKEAEDNLTSNIDKIIAENISTSSVEKKVENSFVPLPSHAKSNSEVQTPASSHKNPPVQVRTQNSENYYVQLASQPTHALAKDSLKNMKSKFGFLIGTRPLNIQSAVIPGKGTYYRVRVQAQNRNEAINLCENIKNSGGSCFITR
BH15320,MVKAVTSSKETAKVEKKKSAPRSGVKKAVSKSQAGVKDSSSPVHKSSKKAPLAEAAVGVIKQVIGAVVDVQFEGPLPNILNALETDNLGNRLVLEVAQHLGENTVRTIAMDTTDGLVRGQKVFDTGTQISVPVGEATLGRIMNVIGEPVDNVGPIATSKTRSIHQEAPEYVEQSTASEILVTGIKVVDLLAPYSKGGKVGLFGGAGVGKTVLIMELINNIAKAHGGYSVFAGVGERTREGNDLYYEMIESRVNVNPKDNNGSTEGSKCALVYGQMNEPPGARARVALSGLTIAESFRDEGQDVLFFVDNIFRFTQAGAEVSALLGRIPSAVGYQPTLATDMGALQERITSTRTGSITSVQAIYVPADDLTDPAPATSFAHLDATTVLSRSIAEKGIYPAVDPLDSFSRMLDPLIVGEEHYTVACQVQTILQRYRSLQDIIAILGMDELSEDDKLLVGRARKIERFLSQPFHVAEAFTGSPGKLVPLEETIKGFKGLCAGEYDNLPEAAFYMVGSIDEAVEKGKRLIAEVSS
BH14590,MPNLISPYPPTPSENRTISNQPQKTKRQPDVLIFVKSHVSSVFEKREKCNLRICHGHTALLYAEFFYGEVYAKNIKRRTCAD
BH05250,MIITVLDGIVVAVILFSAFLAMLRGFSREVLSLISWAIAAVVTLFLFKPVVPFFEQYISNKMVALITTLIVIFIIVLIITSIITMKISDFIIDSRIGIFDRTIGFIFGALRGLLIMVIGMLLINALVKPEQQPDWLKNAKTKPIIDSLGQKVWNILPKNLDTVLEKTEQLFKRNDANTNDQHSHENMSQQNGK
BH07770,MSWNEALLVVFVVLLLFSGVMLFALYYRHQAKNLKDELEERKREVLIETKAIIDQCAADLKRYDAEIKVRDEEIEKLQQDLKRLEEEAKANSHII
BH06680,MKQTLKLFSAVTLLGIAGCQFNKPPAGYLTAWEKNGVTDFTEVGKALLECGMPTPYDRDPENQKLSPNDMVSIDACMVQAGFRYKDEEVERAGGWCYTFRAENLPNCRPGVVFPQRSVKKRLNSPFCKKHPEQYECYP
BH05230,MKKLDFSLFGRVALVTGASRGIGYHLALELAERGAHIIALARTMSGLTELDNQIQKKGARATLIPIDLHHMENIDALATSITQDWKKLDIMIANAGILGTLSPIAHIENKVFEDIFQINLISQWRLMKAVEPLLRKSDAGRVILLSSSVAHVARAFWGPYAASKAALEIISRCWAEELKQTPIKINCVDPGATRTAMRAQAMPGEDPQTLPPPQEVAEKIAHLLSPDLKETGKLFNVRKNRFMNYHAPN
BH04470,MGVDISRLRNGLTIATHTMQQIDSVALGIWVKVGSRNETFTQHGIAHLLEHMAFKGTENRTAFQIASDIEDVGGEINATTSTETTAYFARVLKNDIPLAIDILADILMHSKFDEDELEREKQVVFQEIGAARDVPDDVVFDYFTETAFRHQSLGRSILGTPKTVQSFTSADLHSFMNKHYSADRMIVVAAGAVQHENFLQEVESRLSTFRPHSTEPLTNLANYVGGDFREYRDLMDTQVVLGFEGRPYHARDFYAAQILSIILGGGMSSRLFQEVREKRGLCYSIYAFHWGFSDIGLFGLHAATGQEKLKELLPVILDELSKVSKNIHTNELQRARAQYRATLTMAQENPSSQANFIARQILLYGREIPLSETIERLELITPARLTDLAGRLFINATPTLAAVGPVGSLMNFDNLTSTLSSNIKQV
BH04100,MAKDNEPVVPKEEADGKKQEDCFNSEDLECRSQNLGLALMRKKALKKRGYRKEGGEPQGTMARAIKLSSEFLASIIVGVVLGLGFDQLAGSLPWGLVFFLFLGFAAGVLSILRSVGYIAFSQLGQKGASRQDKGADKRSDK
BH13430,MKKNQPSSSTSPSVKELKKRYEQTAAEASTLHQLSAGSAPKEKKQPSSRLEELRKRYEQTASLTASQEALSARGFPKEKRQPHTQQSPEQLPIHHEQQFAVTPQQSSSQTPLYATPLPQQPVRTPPQRPPRAKDKELHKTAPQDSTPLYATPSPQQSVQTPPQRPPRAKDKELHKAASQDSTPLYATPSPHKQQPMRERAQSNTSSQDSEPLYATPLPQRHQPMRERAQSNTSNQDSEPLYATPLPQRHQPVRKRTQSNTSSQDSEPLYATPLPQRRQPVRKRTQSNTSSQDNEPLYATAAPSQSPRMEEKSVNTMQRNLLLEAYKEEIKYWCGIVYGDRLILQKRIEEIQENPALGEQLSWEVSEHPKSISKLAGKKMLGVKTKARRKAEENYLALRDTINSYVYTLKYSQQKPLHAPHTEHTRDEQQTHRTQSAEKERAPLSNQELADRIRTEPSVLYSQTEVQYWSKIVFGNPYILQYRIEDIQKNPDMGEEFSWQVANNPSLFSPLAGKRILGIKNDARRHAEASLSCLCSAIEGYADAVKQAKEDIVQEYQVQQSRQELSTEPAKQLQKQQTLSKPHKLPEHSPTDAHQETTQTSMQTEWERLGARPRTVTTHKKHTQESTLPTSHAEQKTTREQTTENQQKSLTPEKEKTPLSHKEIASRVQNDLSVQRAQIEIYNWCNIVYNNPLVLQHTTEDIKKIPMLGEELSWQVANFSTIFAPLAGKQVLGIKNNARKHAEEAIPSLCTAIDHYTEIVKQVREDIVKNHQEQSPKKDKNVKRQQSLSKPPKLPERSTEIPRHQALEASRQAQQKPSNVRSSEAEKTQKMVLAL
BH13420,MKRNQPPPPTTHSTEKQREPYGQSAIRAPSPQPEPLYATVNKRPPRAKDRELNKPLSQQEEVVYAALDFENRSHHPRERYPERNLESETIYTTVSSQSTTQAEILYADVTHTPLHSKHTRRDPASETLYAEVAMQSTIPSLTREEIADRMQHNPLVQAYQQEVMHWCKIVYGNSDVLKEKMQEVLQKPSEGEDLSRQVAENPTSVHKLAGRNLCGLKTNARRQAEEGFMHLCQALDGYTSAVTQAQENIKHVPQAEARRYGQESEQRAERLQQSRHPERERQSLSNQELLGMVQENASIQRYQAQVEHWCKIVYGNSSVLKEKMEGILQDLSEGEELSWQVAAYPQSVHKLAGHNVCGLKTSARRHAESGLSHLCDAIDNYTDAVRQIKESITRGHQAQTRQNRQEQSVGVKQGLHKEKALSSPKQHGHQTHHQGAEASKRTHQQSPEVPPRKVGGAKAIAFAI
BH13410,MKKNRPSPPTSRSKEQEQEQARTPSPQAEPLYAQVNKPPREHRAQSSEETIYAPQNPPETIYAPQKPLGNPYDRLGGRPRNGRRAEKLVDPYAVTDVQNLDRGADFQTLENPLYEGVGGGAHGGPHPQEPEHLYAELEFDTQSGRSPQKPVESVYATVGMGAEGGQDTQTLKNPLYEGVGSGKTTPPPTPHSTEKEQEQARAPSPQAEPLYAQVNKPPREHRAQSSEETIYAPQNPPETIYAPQKPLGNPYDRLGGRPRNGRRAKKLVDPYAVTDVQNLDRGADFQTLENPLYEGVGGGAHGGPHPQEPEHLYAELEFDTQGGRSPQKPVESVYATVGMGTEGGQDTQTLKNPLYEGVGPGRATSPPRSPKDEVTSKLLKHTDFQHGVKEVQEWCKIVYGNQYALNKKLCKILENPKAGDTILWDLAADPESAGKLAGQKILGIKSPDRKQAEEGFGSLCAAFERHVAITQKLHKDFTLEQEKQRGHERETSPERQEHRHHRRHHSQEREQGASEQEARRRNNPTNQKGMAFGM
BH14850,MKRGLALSLVVHVIFLSWGSIYFTNPVSLPQQLEAVPIILAPVTEEFASQQGALNAPVRAIPAVKPTTKPQEKEDARHFGEGQIDSLAPFKPKEKPRSVETTPSSSGEEKASEKSLPVIREQELRETKAEKVSEKPLEVAEKIAPASPEEVHPEVAEKVASETVQQTHKNQGGILPQDLASTEKKVPGDQATRYQQLPKIALPEKFPFPQFKPKPVKESAVQNAQAVKKQNQRMKEKTIEDVLAMEENNLLNHARSQGGGAKRSSELESLGARKNINDTTKMAQTLVSIAGGCIQKKLKLVALGGDLKNRPVVRLRFYLNREGMIMGDPIIDPLSGEQSQQAIMIRQVYAAVFSCQPYTDLPRDQYDLWGQGFDFNVDPLQEIIR
BH05510,MRHKYKLSFSIFIISSCFVQVASASENKNRALKKITSVTSGGKIAKSSALVTQSLIPSSNIMIQDGGVEIVENGKTSIGATVEEGGKQIVTRGGKAIDTKISGGKQFVFEESPANFDDLQRQSSAYDAIVSGGNGVVGQQNVYDDAKAWNTKVTQGGEQNLYMGNKKIGGGFAENTVVSGNGRQHILAEGMATNTILKDKAVQVVYPGGIIDRLTVNGSASSWLYVGADLQGEIKVNDKGHLYLFAGDRTDHIIREKLFVEGRVAEWLFGVGERNNNETPQIEIDSLSGDGGTIIFSSVPYDRRHISLHVEFLSGTLHFNLNISTKDENRDYLSIGSNSAGNHTISITDSGAEITSSFSRNSSIIAELNLITDRSQGEGANFALANYFGKKITAVDGGAYMYTLQKRNRCADSSGDYTVWYLGVGTERADRSNNYSQCVKNKSKTRVPLVASSSDVGVDAQSHQNFSSSQRQDSNSQTTRRKNNEQTSKPRPPRHLRDAQHPPIPPTIPFLEKPASDTSSPTGHYHFSDEQQQSVVSTDGQSLADQMILRPGQQGSSSPQSSQKLSVSHFLTTPSTDAVLSMSVIPALVFHNELQAVRAGRGILDRGKKNTAFWAHAIKSKEHIVADHKDFKLDQTGIVLGVSGVSELMGGEFYIGGFGSYDQARVAHARGGVSGINTYSIGAYATYFDKSGWYLDSILKYNQYQNNLKAVSTNGIAIEGNYNQWGLGTSFEAGYRFETTKSSWMQPYAQLSWLQVEGKEIKLSNEMTGDINAFTSLRSEVGLSAGYEFCLGGDVTSMAYITAAWLRENRDSNHTTINKLHQFVTDLSGNFGKLGIGLSSLVSKKFKLYAEAQYVKGDKVKQSFQGILGVRYSF
BH04770,MVKKTFFTTLAAVSFSAALETALFFSGCGSSLWTTKAHANSVFSSLMQQQGFADIVSQVKPAVVSVQVKSNKKKKEWFFSDFFSTPGFDQLPDQHPLKKFFQDFYNRDKPSNKSLQRSHRLRPIAFGSGFFISSDGYIVTNNHVISDGTSYAVVLDDGTELNAKLIGTDPRTDLAVLKVNEKRKFSYVDFGDDSKLRVGDWVVAIGNPFGLGGTVTAGIVSARGRDIGTGVYDDFIQIDAAVNRGNSGGPTFDLNGKVVGVNTAIFSPSGGNVGIAFAIPAATAKQVVQQLIEKGLVQRGWLGVQIQPVTKEISDSIGLKEAKGALITDPLKGPAAKAGIKAGDVIISVNGEKINDVRDLAKRIANMSPGETVTLGVWKSGKEENIKVKLDSMPEDENMKDGSKYSNEHGNSDETLEDYGLIVAPSDDGVGLVVTDVDPDSDAADKGIRPGDVIVTVNNKSVKKVSDITDTIKNAQKLGRKAILLQVRTNDQNRFVALPIFKK
BH02590,MKKREVKIFSTSMLGVYLILTGCSAPTYGTGKPASLQFFEDVANITSLTPTNNNSQLVMKPHPKLVMPSSSALRFLPPPQQDVAQESSFNGKATLNQHTGSGKVFGFPKKVSSMNGDIDSSKSVSRLSTKQRYEYLRLQRAQVGSAQYRQYLTEPPLSYRQPARIAPVGQQDKDEVEALKERERKNTSKMRSDKKSL
BH00390,MVQISTYFQLIRTGWVLAREGVLSALPHDDLQGFPALCHRIASMLARRKTKKKRRSEKLSYAINRLGPSYIKLGQFLATRPDIVGRDIAEDLAQLQDRVQTFSCTAAIDQIESSLGRSINDLFANFYPPIAAASIAQVHPAEYYDEVGHKKKCAVKVIRPNIRTRFAKDLRSFYLIAHLQERYIPAARRLRPVCVVDTLAQTTRIEMDLRLEAAAISEMAENIQHDTGFRVPKIDWERTGRNVLTMEWIDGIRISEISALKEAGFDLQALAITLIQSFLRHTLRDGFFHADMHPGNLFVDPQGCIVAVDLGITGRLGKKEKHFLAEILYGFITRDYHRVARAHFEAGYVPPHHNIESFAQANRAIGEPIHGQSAQSISMAKLLTLLFEVTELFDMQTRPELLLLQKTMVVVEGVARNLDPNFNMWKASEPVVKEWISKNLGPVGIAKDFSEGAQALFSLVRNTPQLIQNFQRMEEDLNQMIKTGFNLSPTTLKKLAVEQSRSNRYGRYSLFIIALCCICLTFYLFHFF
BH10450,MGQKINPIGLRLGVNRTWDSRWYADSGEYGRLLHEDLKIRLYVLEELKQAAVSKIVIERPHKKCRVTIYSARPGLIIGKKGADIEKLRRKLSEMTNAETSLNIVEIHKPEIDATIIAQSIAQQLERRVAFRRAMKRAVQSALRLGAEGIRINCSGRLGGAEIARMEWYREGRVPLHTLRSDVDYGTAEAKTAYGICGVKVWVFKGEILEYDPMASERRAAEVDHSGSSSNRRRENA
BH11510,MKKVIFKPLKSYPVKMAMIALTLLAASPITHAEESKMKNATITVTATGENQATPDMAIINLAVVTQDKTAQKALADNNKSMNDIINAFKNNGIQANDLQTSGLSIYQSNPNKDHEKKNNGIVYHVSNSLTVRIRDLSNAGKIFDQAMALGVNSVHGITFTNANTKPFYQEARKKAIAEAIEKAKTIAEAADLKLGKIIKINENDDNYYSRPHLMSKAVNANYTDTTFSSGELNYSVSVTIVFAID
BH15290,MIKALRSRATIIAFFSGITGCLLILWAWKLPPFVSAIQITDNASVKGNMTLVSSQISGVIARIYVQDYQRVEQGMLLFELDDSLFRQQLARAQAVLDSKNAKLASVVLQAQLLQGEINTAEAELTRSRAFSNVIPENKKLGFGDGASSVSRPLSQLLAALETKRQLQKQLDLERQSLQSEVAGAKVGVELAKLNLKHTKILSPKTGHVGLVGARVGQYVLPGTQLVSLISDDIWIIANYKETQLSQMRVGQPVVFSVDALNNQKLTGRVVRFAPATGSEFSLLKTDTAIGNFIKIAQRISVRISLDPGQEGVEKLIPGMSVVTYVDTSQRGSGE
BH00660,MKVDYYEILGVTRECDDKKLKSAFRKLAMQYHPDRNAGDKEAERKFKEIGEAYEVLKDPQKRAAYDRFGHAAFENNNNGGGSPFSGFSAGGFADIFEDFFGEIMGGGHRKRSDGRERGADLSYNMEVTLEEAFSGKTAQINIPSSVVCDACEGSGAKKGSKPQTCGTCHGAGRVRAAQGFFSIERTCPVCHGRGETIKDPCPKCQGTRRVEKNRSLSVNIPAGIEDSTRIRLSGEGDAGIRGGPSGDLYIFLSVKPHEFFQREGADLHCRVPISMVTAALGGEFEVSDLDGIKARVKIPEGTQNGRQFRLKGKGMPMLRRQQVRGDLYIHITIETPQKLTQEQRELLQKFEKLSNHENSPQSHGFFSRMKEFFENISGKNE
BH00650,MAKVIGIDLGTTNSCVAVMDGKNAKVIENSEGARTTPSVVAFTDGGERLVGQPAKRQAVTNPEGTIFAVKRLIGRRFDDPMVEKDKALVPYKIVKGDNGDAWVEEAGKKYSPSQISAMILQKMKETAESYLGEKVEQAVITVPAYFNDAQRQATKDAGKIAGLEVLRIINEPTAAALAYGLDKKDGKTIAVYDLGGGTFDISVLEIGDGVFEVKSTNGDTFLGGEDFDMRLVGYFADEFKKEQGIDLKNDKLALQRLKEAAEKAKIELSSSQQTEINLPFITADQSGPKHLTMKLTRAKFESLVDDLVKRTVEPCKAALKDAGLKAGEIDEVVLVGGMTRMPKIQEVVQSFFGKDPHKGVNPDEVVAMGAAIQGGVLQGDVKDVLLLDVTPLSLGIETLGGVFTRLIERNTTIPTKKSQVFSTADDNQNAVTIRVFQGEREMANDNKLLGQFDLVGIPPAPRGVPQIEVTFDIDANGIVNVSAKDKGTGKEHQIRIQASGGLSDADIEKMVKDAEEHAAEDKKRREGVEARNQAEALIHSTEKSLTEYGDKVSTEEKEQIETAISDLKSVLDSTDTEEVKAKMQKLAEVSMKLGQAMYEASQAATPNTETDTKSDDVVDADFEEINDKKK
BH06280,MTMNSRFLNAASVLVLGMRVIAPTTAFVSIAMVEEVQASVVRSIEVHGNKFVSAQVVRDNIDIKVGKSFSSGDVDFAVKRLFALGLFYDVKINQVGDRLVVLVKEYEVVNQVLFQGNKSLKDPDLKRFISLKPNEPFNSAKLSADVNVIREAYKTVGRNDIAVTIQTINLGKGRVNVVFNIVEGRRTKISNITFKGNHAFGSSRLRDVISTKPSGILSLLLRGDVYSEERLAADEEALRRFYYNRGYADFRVISSKAVFDEARNAYEIDFVLDEGVRYKIGDVQIESDIDGIDVQSMKGILKTRSGDVYSAENIEQSVAIINNKAADSGYAFAKVEPRGNRDLANHTISILYNIEQGPRAYVQRIEIRGNEKTRDYVIRREIDLNEGDAYNQTLVQRAKRRLESLGFFKAVNISMVPTDQPDQIILVVDVLEAPTGDLSFSGGYTTGGTSPGVSLEVSVTERNLGGRGQYVRLGLGAGQEKSRNYNLSFVDPYFLGYRLSAGVDIFRSTYRADKAYDVRQTGGSLRFAVPINDQLSANLAYSYIQEEYDFGKKYDLSKETDIRELYGKYSGAIVQAAQHSPWKRSSISYGLTYNTIDDMKNPHDGWYVRVLQEYAGLGGNAKFLKTTGKAMMYKTLSDRMDLVGLLSFGGGYIHEIGREGVRIFDMFKINTDMIRGFKYNGIGPRQVSNKGEVYFLGGTTYMNATAEVQFPIPVVPEGLGFRGALFADVATLYGSNYKPVFQGETPVTNIKSAWRSSAGVSLMWDSPFGPLRFDYAWPIKKQEGDRLQQLNFGISTKF
BH14130,MEVIRKTFFKKSRLEETSLEEIQLILASASPRRLALLAQIGLDPHQVYATNIDETPKLREHPANLAKRLAKEKALKAQETFLWRDQSSGEKVSAQKIVILAADTVVAVGRTILPSPESEDEAYECLRFLSGRAHKVYGAVCALNECGKITVKLVESCVRFRRLTSPMMEAYLYSGEWQGKAGGYAIQGKAGAFVVYIAGSYSNVVGLPLAETMDLLTAYHYPLLTHWNGKTH
BH06220,MALPDFTMHQLLEAGVHFGHQTHRWNPKMTPYIYGQRNNIHIIDLAQTVPLLHQALKLVSDTVARGGRILFVGTKRQASDIIADAANRSAQYYVNARWLGGMLTNWKTISNSIQRLRKLDKILAAEAQGFTKKERLNLERDREKLNRALGGIKDMGSVPDLIFIIDTNKENIAIQEAKRLGIPVIAIIDTNCDPDNVDHPIPGNDDASRAISLYCDLFARAALDGIARQQGAMGIDLGAQADAPVDPVLENTAPVSE
BH07300,MRQVDFSPFYRSTVGFDHLFNWFDSRTQPDDVSSYPPYNIERLSEDSYRISMAVAGFSQDEIDIETHCNQLIVRGERKPENDDEEREFLYRGIASRAFERRFHLADHVKVIGAELGDGLLHIQLKREMPAELKPKKIVVQASSSAVKNGNDHAVRKVSLENERTE
BH04370,MSNRVVIDHIGASGHGISNISHDSLSVPFTLPGEVAIVALRGKYGKLIALEKKSSERIDAICQHFENCGGCVLQHWHADAYRSWKRQLVIDALKRYGIDVFVSPLIEGGYQNRRRITLTALATQKGHIVGFNRYLSHDVIALEECPVTRLEIMSKLNSIKLLCALVGNHTKRFQVTVTSVENGLDVAFNGCVVRDEHIRQQMIHTALAYGMTRLSVEGEILVEREKPLVYFGDVCVEFPAGGFLQATFEAENIMGNIILAYLEKAKNAVDLFSGLGTFTLRMAKKMNVHAVENNETALANLDRAARFATGLKTITCERRDLFRRPLSAKELSCFECVVFDPPRAGAQEQVRELAKTTIPRVVTISCNPVTFARDLSLLVAGGYTIEKIIPIDQFLWSPHVEIVALLSKRKIKANWKL
BH14790,MRFLKNIIFQPLTVVLFFSLSLVGCGDKKNVGALSGINGAFLNNAGFNQATLGSSQDFTVNVGDRVFFSLDSSSIEPDAEAILMRQAEWLLRYPFYSIVIEGHADERGTREYNLALGQRRAVAVRNYLISLGVSAQRIQTISYGKERPVAVCDDISCWNQNRRAVTTINNINRN
BH13340,MNDPMDENNLLNDRDMIKDGHGKKQRPNTSKAAALVILFGVCLYLAYSTLFTEKQQPVEVQKEGIIKQTELFRPAPPKPVSLEPTIEKNNVLLPKVELPTPPKKTTNSDDSLLEAAQRAPVLAYANTQKGQGSTEKNKDISANQPEAKPDETAQRFNHLLKPTTLEGIRAAKLGNRNYIIAMGASIPCILETAISSDQQGFASCIVSRDILSDNGRVVLLDKGTQIVGEYRAGLKKGQKRLFVLWNRAKTPNGIIITLASPATDALGRSGMDGDIDNHWLERIGSALLVSIVKDATNYVKGRLPKDQDKNNSETISSGQNIANIAVENYANIPPTLSKNQGEMVNVFVARDLDFSNVYKLKVIENKKQIVNRALSRNFYKNSAVICNEPKLAHIER
BH14780,MWMYCRKKLKIVFYMAIFIACSASFAQSAAHWVSKYFTHDSESSATDKPSDAVDETAPGATDKPSDAVDETAPGATDKPSDAMDEAAPDAADKPSDAMDEAAPDAADKPSDAMDEAAPDAADKPSDAVDEAAPDAADKPSDAMDEAAPDAADKPSDAVDEAAPDAADKSSDAVDEAAPDAADKSSDAVDEAAPDAADKPSDAVDEAAPDAADKSSDAVDEAAPDAADKSSDAMDEAAPDAADKASDVGE
BH13320,MKINEFNEYIKEARSFDIDRMHGMRQRMRIAMALTVLFGLMTIALALAVAALTPLKTVEPFVIRVDNSTGIIETVSALKETPNDYDEAITRYFASKYVRAREGFQLSEAEHNFRLVSLLSSPEEQSRFAKWYAGNNPESPQNIYQNMIATVTIKSISFLSKDLIQVRYYKTVRELNDKENISHWVSILNFSYINAQISTQDRLINPLGFQVSEYRSDPEVIQ
BH06510,MFMNSILRILMAVIFCFSQIVEVNANLWRCRSQESTFMIMVAQEKDILVQATNRVFIGISSQNARENDRSIIKQKAEKVIFTAIAIFLGTLALKMVGVFKRWVGTRFSQAFEDWRDSLYY
BH14750,MNSNYRSLLIWGVIALILIVSFSLFNGDSQRSGGGELSYSEFLQKVENNELQAVTIQGQKLTGKTVENRVISTYAPRDPGLIQKLESKNVNVKAVPESSGNSIFLNLLFSLLPVIIIVGAWIFFMRQMQSGSRGAMGFGKSKAKLLNEAQGRVTFQDVAGVEEAKQDLQEIVEFLREPQKFQRLGGRIPRGVLLVGPPGTGKTLLARSVAGEANVPFFTISGSDFVEMFVGVGASRVRDMFEQAKKNAPCIIFIDEIDAVGRHRGAGLGGGNDEREQTLNQLLVEMDGFEPNESIILIAATNRPDVLDPALLRPGRFDRQVVVPNPDVSGREQILKVHVRNVPLAPNVDLKVLARGTPGFSGADLMNLVNEAALMAASRNKRVVTMQEFEDAKDKVMMGAERRSTAMTQEEKELTAYHEAGHAIVALNVPVADPVHKATIVPRGRALGMVMQLPEGDRYSMSYRWMISRLAIMMGGRVAEELKFGKENITSGASSDIEQATKLARAMITRWGFSDLLGNVAYGDNQDEVFLGHSVARTQNVSEETARMIDAEVRKLIDDAYTNATKILKAKKKEWFALAQGLLEYETLTGAEIQEVIAGKPPSRTQKNENASPRTSSVPKAGASKAEFDQETLDKKDAHKADKEKEKLKAGMEKVKSNHAKSNDSVSKRKKSPGAEKKTQSTKKTPQAANFSGSKENTEKDLNAAERKGKQEPKA
BH04670,MIKFFHAALLAIIGAIIVHICVLFLIPYWAKNNIWTELKKSGASYQFVDLDAHNSFQQTSDPFFRLKVCRFDLENGPVHLKALKTNQFWSLAAYTQNGIIFYSLNNRTAPDATLDLIIGKPIQIIELKQSKPKNNANSVLIAKNLKKGFVILRIFSPSLLAKKESEAFFSSATCRILNE
BH01350,MEFSKKIFLLMFFVVILMVTYWARKQSSEQFIPLVDKTTNASHKLSKVSMGRPPTNVVVDLVKIQDFHKRLNVLGSGQAFASVELTPWSSGVINKFFVSAGTKVQVGDVIAKLDSKKEEIAAAKAKVQRDNSASTLSRILKLRASKTATEVQEINARLELDNANLALRNAELDLDRRTIRTPISGTVGILPIDEGNAVALNTVIGRVENRERILVDIWVPERYASHIHKGDEVTATLMAQPDKTFVGHIYAIDNVINPESRTLHVQIEIKNEKDTLMSGMSFSVALQFYGDLLPVVNPLAVQWNSKGSFVWRVRDGKVEPIPVSIIQHKADQVFVKAALKSGDQIVIKGVQMLYPGSQVTIDDSKARQQQLLSLPEQDVQ
BH03860,MLKEFKEFALKGNMIDLAIGVIIGGAFGGLVNSIVNDIFMPIIGLITGGIDFSNMFIQLAGEKQATLSAAKAAGATISYGNFITLLINFLIIAWVLFLFVKSMNKIRRKQEEEETSKKMSLEQQLLSEIRDLLAKKK
BH11730,MKKITKLAVLSAISTATIWVPLGTTLADTKLTYSEEITKKIEDMKKEMKTNFPSHNFSAHSVLEKHHPYYPSSNHHHHHVDHKRREQSHHHTERKTHRHVERKITTHRHIYEHHVTTRNNSGDALASGIIGLAAGTILGNVLKKPEQPKIIYQTVPQSRVIYQEIPQVVYQQIPQNQVIYEVQPTGTYQPIQQPWTTDWLQYCKKKYRSFNPKTGTFRGYDGLDHFCYAPLK
BH11710,MKKLVISFVFVSLFLTATVSGAADAFVTRNLNFRTGPSIQCTIHGLIPAGKLVFVQNCKANWCQIRYNTQTGWVSSRYLSFKDGSDLYETYTMLPITNHSKYSHSP
BH15180,MLKSILKVAVISTIGLSTVACTVNDQRIARYGVGGAAIGALAGTAIAGSTPEAALTGAAVGAIAGSVTGAAVNQQRQQRQRQQRQIVAPHPAMCTYRNRKGQVYSAPCAQKVQTPQLCTYRDGRGVMYQAPCPQRVR
BH15170,MVVPLLRLDRICLTFGKTPLFNQACLAVEQGARIALVGRNGCGKSTLLKIAAGIIEPNEGEIFRHPRATLRYLSQNPDCSGFEDVHAFVEAGLDHVPDAQWINTLLANLGFSGTEKLANLSGGERRRVSLLQAIAAKPDILLLDEPTNHLDLPTIEWLEGTLFSLRSALVVISHDRRFLENVTRSTVWLDRGITKRLEKRFSEFENWRDKALEEEALEQHKLRRQIAREEQWLRYGVTARRKRNVRRLGALKELRQLHQTYKGPSGSALLTVAKSHDSGQLVLEAKRISKSYGERVIVKDFSLRVQRGDRIGLVGPNGIGKTTLLSVLIGQEAADSGTVKHGYNISMAFLDQQRILNEEETLAHYLTGGRGDTLVINGQERHVVSYMKDFLFLPEQARTPLKEFSGGERARLMLARLLSRPANFLILDEPTNDLDMETLDLLQEFIADFAGTVLLVSHDRDFLDRTVTHMLAPQGDGHWILYAGGYSDMIAQNKHAALLGCKEGAVSQGKALSNPRVLENKNSNASTNRASMEPEKIKPRKLSYKQVYALEKLPEQIAVLQDEIKKIEQELFDPALYCNDKERFERLSIKLQEKQKLCAGKEEEWLELELLREDIEGVKS
BH05080,MIQKEKMHKNKEKSGILEFVFVLVQALLLAALIRTLFFQPFSIPSGSMRPTLLVGDYLFVSKYAYGYSRFSMPFSPPLFSGRILASQPQRGDVVVFRLPSNPDIDYIKRVVGLPGDRIQVRQSILYINDEPVSRHFMGKVENVDITEVNYPVKVYRETMPNGVSYDTLDLAFIPQVDDTKVFEVPSGHYFMMGDNRDNSDDSRLDVGYVPEENLIGRASIIFFSISNGSSAWQIWRWPFDVRWNRLFSFINTVHDLPLIKQGINDEASND
BH07250,MKQTLRLLGAVTLFGIAGCHLGGPPTSSIGMWEKPGADFTEIGKALLECGMPTPYDRDPENDNRSFNQMATVYACMVQSGFHYENEHEGGWCYTFRAENLPICRPGAVIPQRSVKKRLNSPFCKKYKNSRKCQP
BH09420,MRDIVIVIVGILILWSIVSDMWEEAENGRNTEFQGTLLLVIVLGVLWYLEFSRNFLLIVAILLFAWRNYLGIIANSEHDRLVEYSQMAFDYENEKINKAIIQRNEAVKENSRMVDRHYKAIKERDKTIEELSEKLWQQQKQIMIMEKQNESG
BH16560,MNIHEYQAKRLLHEYGAPIANGVAVYSVEQAEKWAKKLPGPLYVVKSQIHAGGRGKGKFKELDPDAKGGVRLAKSVEEVVANVKEMLGKTLVTKQTGPEGKQVNRLYIEDGADIERELYLSLLVDRNVGRVAFVVSTEGGMDIETVAEETPEKILTLPINSTQGVTSSDCARLCDALDLHDSAREDGEKLFPILYKAFCEKDMSLLEINPLIVMTNGHLRVLDAKVSFDNNALFRHPDILELRDTSEEDPKEIEASKHDLAYVALEGTIGCMVNGAGLAMATMDIIKLYGAEPANFLDVGGGASKEKVTAAFKIITADPNVKGILVNIFGGIMRCDVIAEGVVAAVREVGLKVPLVVRLEGTNVEQGKAIISDSGLNVIPADDLDDAAQKIVAAVKGA
BH07220,MKKILKLLSCVVVLTIAGCLNQPPPSTLALWEKPGADKAMTQQALTKCGWKPVYASSDDMNSYASEFASVYECMKKAGFRYKLQDSKGIYFSPSAKSGSFLSNLMVAGYQQFMENDSFGVSNSTKHERELMLRIEKEKKRQKTKKSLQR
BH15470,MKKNFIKNFIKKRKKLSFLLIAIFLIILFLWLRSVFFGTSSPVYMTVVVKRGDIEESILASGLVRPYRLVAVGARTTGRVVSMRVFPGSIVKEGDLLAEIDPTDQENDLKRKKAALSHYYASLLEQEAYLALAQKNLERQKKMIGVRAISRAELDDAATQVKIREAQVAQLRQQIIQAQIDVDSAEVNLGYTRIIAPSAGTVLATVVEEGQNVNAVQSAPTIVILGDLSKMTVKAQISEADILKVQPGQSLYFTVLGNSQRRYEGVLERVEPAPESIRADVSINPGMVGGSSALVSSAIYYNGIVHVDNADNFLRTYMTAQVHIILGRAQDVLLIPSDALRDETNERKAWVSVLVGKDKVVAKQVTVGLNNKVMAEILSGLEEGEVVITGSPDGVMPDIPDEQSKNES
BH13290,MKKYSLVTLLSLFCISHAKAQTATLTDEYYKKALENTQKLDVAKSQTAESIYESATQTANKIKDINNQLANLKADTKTKPEQLQALQIELTLLQAQLQADTLKIQSLAMIQAKDTKTKEELREEQTQKKHEDLQKQLKEKLEKSDVRL
BH05380,MSDVNNQRLLKDVDDSSSNHIINNKFLLAKKRKKSFIVRNPLVILGHFFLMLIVVFILAISIPLYIGKSIFEGKGITEKEQVVLIYPGTGIREIASLLEKRGFIRSSDVFVYGVGYHQKTTDLKAGEYLIPAYASMRDIMDILVKGKSIEYTFTVPEGLTVQQVFDRLAANEILIGDLPKVLPPEGSLMTDTVHFIRGTTRKEIINRLREGQTKLIHAIWATRSPDLPIKSIDEFVILASIVEKETGIAAERPKVAAVFYNRLAKHMRLQSDPTVIYGLFGGKGLPSGRAIYRSDLEKETPYNTYKIKGLPPTAIANPGRDSLKAVAHSPSSDVLYFVADGSGGHVFSRTLEEHNINVRKWRALKATH
BH16530,MTTEIRVPTLGESVTEATVGKWFKKLGEAVAVDEPLIELETDKVTVEVPSPVAGKLSEIIAKEGDTVEVKALLGLVEAGAAGISQSFSPSATPIPEVPSELKQSSSSGAMQKDTMPPSPSAAKLMAENNIAKSNISGSGKRGQILKEDVLGVLEQEVKAPSVSAASSSASLVQEKHEERVRMTKLRQTIARRLKDAQNTAAMLTTFNEVDMSAVMDLRKRYKDLFEKKHGVKLGFMGFFTKAVCHALKELPAVNAEIDGTDIVYKNYVNVGIAVGTDKGLVVPVVRHADQMSLAEIEKEIGRLGRLARDGKLAVSDMQGGTFTITNGGVYGSLMSTPILNAPQSGILGMHAIKERAMVVGGQIVIRPMMYLALSYDHRIVDGQEAVTFLVRVKESLEDPERLVLDL
BH13260,MTDTISRNIIFIIIMLLLTALVVSDPSYAAAATGSASGLGNVDNVLQSIVTMMTGTTAKLIATICVAAVGIGWMYGFIDLRKAAYCLIGIGIVFGASALVSKLTSAS
BH11080,MNTKKDLRFRESQPRINTTARLHGCKLGRYVEINERVVLRDVTVGDFSYFEHNSEAIYSDIGRFCSIASHVCVNALEHPMERLSTHKITYRPNEYFRYMSLDRSFRERRCEKRVTVGHDVWIGHGAVIMPGVAIGHGAIIGTNAVITKDILPYTIVAGVPAKPLRMRFPDNVIQTLLEMAWWNWPLDKIYNALSDMQNLPIEVFIHKWK
BH08980,MILWGKRYFVVVMAVLTAFFVALVRVFRLGKKTERQKQTETIVNRAITRLEIENEVNKKSNADVRSDLSQWVRK
BH14680,MLRSFFSFVQRKALSFRSAQRVIFRALKTKKQHAALYLGYARALKPYSPKQAAVFTAMGIQELENYKQLLCLSCSNRAGTMDSACGRSSFVARKQPHTYSRTKTTTQTTKKPSKAQKQTLLTWIQPGLAGLMDGSVSTLAPIFAAAFATGDTHQTFLIGLSASIGAGLSMGFTEAAHDDGKLSGRGSPFKRGLASGIMTTIGGLGHALPYLISSFYIATIIAFIIVFFELWAIVWIQNKFMATPFWRASLQVLIGGALVFATGIFIGSI
BH07510,MNLKCNKKLLVCTVMQNVLLVFLLAVFCAFFIWLYYFFQPRGYQATLTFSLSDSVGKSLPVDKQKNVITFLFSQTAFLNDSSLQNFSSNPFFKKEFHENIRLSRDGDLIKLTFEAATLEAAQQGLETWFSVFSEAIVKQKQKLLLTEQQFEQQYDAHAVLNIVQRFRSSINSFLHHNAKQTELNDLSVQLTQATLKRIHLTSLNATIKMMRENGRSLLSLSFIANNPVIAALESKRNLLETQRAHMVTQLGWTHPQIKAMTAELEALSHQLENKILQIAHQIHSDEVIARDFEGQLKKKISSFAKDQSRSLNQMFDELENKIRAEVDAQNKEMRKDTSLLQNTKVHVVVPTTLAPISFMTLYGKNVLVSVFASLMTLLGGVFLFYHCFGSKKDKLEEEGLKKDESFLLSKKIRNLEACITIEGLSDFLKGRASTIISIIGPEAARTAAKLSLHLIKERKTILLVDISGEQIEKVIGPHRGLSDILIGSAQLHDVIYHDYDTGVDILPQGLTNAVYAQDFSNNISHLLQELKKEYDFIILEMANEPKYGFEQFAELTDYYICSIVLNKQDWMLQMVNKFPKIVYRVVAS
BH07870,MLNVRNASIIFTYPMLKMLRRFSIPILLAFLIPFLSGCGFNTIPTNEEKAHAAWSEVLNQYQRRADLIPNLVETVKAYATHEQAVFTNVVEARAKATQININADMLNNPEIMQQYLNDQANLSSALSRLMAVVENYPDLKANQNFLALQSQLEGTENRISVARRDYIETVRIYNTALKTMPTMLWAKLWFRDAKPMPTFTIDDNSQQTPKVNFN
BH15750,MFGNKKGDEINKGAEQNYAEQKHEKSYTEYIEGAYGSSELASERRPIIPGARTLLIVGLIVIVAVPIALTWKALKMRNTVNVEEEKPQQTVQQIIPSYTPRVIEEPKVIEEPEKPTQTEELTQSIPPALAQLLQTTMPPHLMQDSEELARKRMLSSGLNNGGSSESSSEHPKGNTSGNERNNGVLFDQLQPVRLGQSHAAQLHNRDLLITQGTQIDCTLETKIVTSQPGMTTCHLTRDVYSTSGRVVLLDRGSKVVGFYQSGIQQGQTRVFVQWSRIETPSGVIINLDSPGTGPLGEAGIGGWIDTHFWQRFSGAIMVSIIGNLGEWVKGKINYGNKEKSSSQNAPQQSPELMVNEILQSSINIPPTLYKNQGERVNIFIARDLDFSDVYSLVTR
BH06770,MKQTLRLLGGLALLSIAGCQFNKPPAGYLTAWEKNGVTDFTEVGKALLECGMPTPYDVFPENRNLSNNAWATIEACMIQAGFRDKVGGGTWCENHKVENLPICRPGAVIPQRSVKKRLNSPFCKKHPEQYECQP
BH11390,MQKNSPYKSKKQLFLAVPETCYQTSPLFSIANTTVCFYRIKPTYQCNRILQRKPILYAPSFFALWALHFAVKNPTLFSSILCHGRQWTSPFALMWLKLRLQNERRFLGSDVPSLIIMKALHQYVAMSEYSALPIGRWLQLVKNYKKNCKNLSTPFFYLDNYNTNIHQIISKLQDEI
BH05670,MLDIIRNATNSWIARIFLAILLLCFILLWGIPQLHTKSERDLISSGESIITIDDYRLALADQSARLALASRLGRMFTPNEMQQYQIPAFVFNQLQQDVLFDEQTRQMKINLSKDAIARKIGADNMFQINGVFKHDLFRNYLQQLHISESNFLDYYTKKEKRNQLISASLSGMKAPDLFYKALAFYQRETRIADYLVLDLKEKEIISEPHQETLQKWFETHRNKFRVPEYRTISFLSMELADFIKPKDISEDEVKNYYTQNSSRFITPEKRTIEELRFPTREAADNAVKKIADGLSFDDLVKAENKTLNDIKKGPFTENELPSYLSSEIFELKQGQISAVINDLQGPVIIRVTDITPAGPIPFEKVEDNIRQTLAQNRAADDIRNSYTEIENARFEGASFKELADQYKLPLRTITLDKTGKTIEGTILTDLPQKDLLLNSIYQSNEGADLDPLSLPNGGYLWYKINTIIPARDKTFEEAKQEVIAQWKKEEIQRLLDEKAKDALKQLTEGKSLVSLAHILGVTKQTTQPLRRQDSSEILGFEGVKALFSGPKGHYGIVKGPIAKNRILYQIKEVTTPKDISPHTLSSDIRSNIDMMIREDLKLEMLHVANKEHPLKINSANYNQIFQALQ
BH13200,MIIGLLNQKGGVGKTTLSVNLAASFARTGARVLLIDVDPQGSALDWAAAREGAPLFPVVGLPRATVHKEITQIGHNYDHIIIDGPPRVTDLARSALMASDFVLIPVQPSPYDIWAADGIVKLIDEARVYKENLKSAFVINRKIVNTAIGRDVGEALGVYPVHVLSANVAQRVIFAEAATQGKTVYEVDKQGLAAAEIEAVAAEIKELAQ
BH15730,MTKKQVKPIKAEQLNSYYEESRGLERELISEFIKSRKTAWRVAGVVGVFGLFGMMCGVVGFSQPAPTPLVLRVDNTTGAVDVISVMREHETSYGEVVDRYWLNQYVLNRETYDYDTIQLNYDTAALLSAPTVQQEFYKIYEGENARDQVLSNKARIIVKVRSIQPNGLGQATVRFTTQQYNSNGTAEAKQHQIATIGYTYVGAPMKSSDRLLNPLGFQVTSYRADPEILLNN
