BRU634,BRU,MAPRAKKAPAGKTQASSVNAPKAPSPANFDKKQELEAYREMLLIRRFEEKAGQLYGMGFIGGFCHLYIGQEAVVVGMQMALQEGDQVITGYRDHGHMLAVGMSARGVMAELTGRRGGLSKGKGGSMHMFSKEKNFYGGHGIVGAQVSLGTGLAFANHYRENKSVSLTYFGDGAANQGQVYESFNMASLWKLPVIYVIENNRYAMGTAVSRSSAETDFSKRGLSFNIPGIQVDGMDVRAVKAAADLATEWARSGRGPIILEMLTYRYRGHSMSDPAKYRSKEEVQKMRSEHDPIEQVKNRLIEKGWATEEELKEIDREVRDIVADAADFAEHDPEPDASELYTDILL
BRU297,BRU,LESIERAIRNAFAKADAHNPATRQRIYESAWGAHERAMATNTALSAAQKEQRREKLKDAISRIEEEFAKRHQDGEAQREPSLDSPHQNDPVLGSSMAESTPVLDSGDIRPMSRKKRPAADLGYEGGTSRKDHKKKRHSPFYSYGIPALVLLVAVMIGYSLYNSLSDLGRGPSTGPLMSGTSLAPLKEGEEPGGAKWINIFLPDEATRISVQGSATAEILQDGKNKFARIRSSGVGDTVTFDVGEGILDQLVGKKATFDIIARSDDGKLTQMSVNCNLAGLGDCGRRRYDVNESLNDFLFDMDFSASRKPGGAGTITVDSDLSNSGKPVDIYAIRVTTADK
BRU296,BRU,LGLDSLGTFQLNRRSKPEQIMSKGSVTVIDIAREAGVSKSTVSLVLRDSPLVHAETRAKVQEAIEKLGYVYNRSAANLRQAKSKIIGLVVNDLTNSFFAELAVGVDRVMQSAGYVQFLANTAESIDRQREVIASMREHGIAGLIVSPARGTEASDLKPLAKSGLPVVQMVRDVPGSGVSSIVSDNRGGVAKAVEHLVSLGHRAIAFMGGYADIAVFSERLAGYRTGLEQAGIAFDEALVFTSAPSRAGGVEALEQMLRQGMKPTAAVCFNDAVAFGVCDGLRATHLEPGRDFGVVGFDDVIEAKTAVPALTTVAVDPQGLGERAAQLLLKQINSERVEAEAQRLSVRLAVRASCGAPFRKPEEKFEWQSGAL
BRU271,BRU,MAGVNEIRSTFLDYFRKNGHEVVPSSPLVPRNDPTLMFTNAGMVQFKNVFTGLEHRSYNRATTSQKCVRAGGKHNDLDNVGYTARHHTFFEMLGNFSFGDYFKEDAISFAWNLITREFGLPKDKLLVTVYHTDDDAANFWKKIAGLSDDRIIRIPTSDNFWAMGDTGPCGPCSEIFYDHGDHIWGGPPGSPEEDGDRFIEIWNLVFMQFEQQTPELRIDLPRPSIDTGMGLERIAAVLQGVHDNYDIDLFKALIRASEEATGVKAEGDFRASHRVIADHLRASSFLIADGVLPSNEGRGYVLRRIMRRAMRHAQLLGAKEPLMWRLLPALIREMGQAYPELIRAESLISETLKLEETRFRKTLERGLGLLSDASENLAEGDRLDGETAFKLYDTYGFPLDLTQDALRQRGIAVDTEGFNVAMERQKAEARANWTGSGEAATETIWFGIKDKVGATEFLGYETESAEGVIASLVRDGVEVPSVREGETISVVVNQTPFYGESGGQQGDTGTISGEGFVIAVKDTQKKGEGVFVHIGEVTEGTAKAGDVVELKVDSARRTRIRSNHSATHLLHEALRETLGTHVAQKGSLVAPDRLRFDFSHPKPISAEELEAVENLANEIILQNAPVTTRLMAVDDAIAEGAMALFGEKYGDEVRVVSMGTAKHGSKAGKAYSVELCGGTHVRQTGDIGLVRIISEGGVAAGVRRLEALTGEAARLYLEEQDERVKAIASALKTTSADVLDRVNALIDERKKLERELADARKKLALGGGSSDGGSAVEAVNGVNFLGKIVTGVSPRDLKPLADEGKKQVGSGVVLFIGVGEDGKASAVAAVTEDMVGRFSAVDLVRAASAALGGAGGGGRPDMAQAGGPDGAKAADAIAAVKALIA
BRU270,BRU,MAKAATPKTTAAAEAKPAAKAPAKKAAPKTTAAAKPAATKSGAPKAAAAGAIGHITQVIGAVVDVKFPEGQLPLILNALEVDNQGHRLVLEVAQHLGEDTVRTIAMDATEGLVRGQEARDTGEPIMVPVGVETLGRIMNVIGEPVDEAGPIKTKATRAIHQNAPEYIEQSTEAEILVTGIKVVDLLAPYAKGGKIGLFGGAGVGKTVLIMELINNVAKAHGGYSVFAGVGERTREGNDLYHEMIESGVNKLGGGEGSKAALVYGQMNEPPGARARVALSGLTVAENFRDQGQDVLFFVDNIFRFTQAGSEVSALLGRIPSAVGYQPTLATDMGAMQERITTTTKGSITSVQAIYVPADDLTDPAPATSFAHLDATTVLSRSIAEKGIYPAVDPLDSTSRMLDPKVVGEEHYAVARQVQSILQRYKALQDIIAILGMDELSEEDKLTVARARKIERFLSQPFFVAEVFTGSPGKLVDLADTIKGFKGLCAGDYDHLPEAAFYMVGSIEEALEKAKKLAAEAA
BRU9,BRU,MFGRKQSPQKSVKNGQGNAPSVYDEALNWEAAHVRLVEKSERRAWKIAGAFGTITVLLGIGIAGMLPLKQHVPYLVRVNAQTGAPDILTSLDEKSVSYDTVMDKYWLSQYVIARETYDWYTLQKDYETVGMLSSPSEGQSYASQFQGDKALDKQYGSNVRTSVTIVSIVPNGKGIGTVRFAKTTKRTNETGDGETTHWIATIGYQYVNPSLMSESARLTNPLGFNVTSYRVDPEMGVVQ
BRU8,BRU,MTLMNTENEPTGMLTIRVSAMPKDANSAYDIFGGWVMAQMDMAAGIRSAERARGRTVTAAVREMAFARPVKIGDTLCVYTDITRVGRTSITLRVEAWAKRYLSDKRDLVTHAEFIMVALDADGKPTPAPQED
BRU7,BRU,MKRFRIVAPLALMSLALAACETTGPGSGNAPIIAHTPAGIEGSWVDPNGIASSFNGGIFETRTTDTNEKLAEGNYLYLSPQLVEINMRSIVRGTTSKVNCALVSPTQLNCTSSAGSRFSLTRRNAG
BRU6,BRU,VFALCASAGIASAHCSLDQKEAKAGTFYKAALRIPHGCEGKATTKVTVDLPEGFIMAQPQAKAGWKIETTKGDYAHGYKLHGKEVTSGVKQISWSDGNLPSDFYDEFVVVGQLAPFDKDTTLSFPVTQFCGDAASVAWTEIAKDGQNPHDLKHPAPQLRVLAAASTDEHAGHDAMSEHMNHAAMPTKVGDLVITDPSVRAMVPGAKVAGGFLTIANDGKKADKLVSVSAPGVKRVEIHEMTMQDQIMKMRKLEGGLDLPAGKTMQLKSGSYHLMFIEPEHPYEEGETVPVTLEFKKAGKVEINFPVTAKKGQTKDHSEHSSH
BRU5,BRU,MSRARISNYRKGVAAVALSAALAGAFVVTGPLGALNEARAEAVHVTPPQQAGFADLVEKVRPAVVSVRVKKDVQETSNRGPQFFGPPGFDQLPDGHPLKRFFRDFGMEPRGDSRSDNRRGKANKPRPGHERPVAQGSGFVISEDGYVVTNNHVVSDGDAYTVVLDDGTELDAKLIGADPRTDLAVLKINAPKRKFVYVAFGDDNKVRVGDWVVAVGNPFGLGGTVTSGIVSARGRDIGAGPYDDFIQIDAAVNKGNSGGPAFDLSGEVIGINTAIFSPSGGSVGIAFAIPSSTAKQVVDQLIKKGSVERGWIGVQIQPVTKDIAASLGLAEEKGAIVASPQDDGPAAKAGIKAGDVITAVNGETVQDPRDLARKVANIAPGEKAALTVWRKNKAEEINVTIAAMPNDKGKSGSQSNDNDGGQGETLDSYGLTVVPSEDGKGVVVTDVDPDSDAADRGIRSGDVIVSVNNQTVKTAGDINKAITAAEKSGRKAVLLQLQSNDQSRFVALPINQE
BRU4,BRU,VSKSMKETFIHPTALVEPGVELGQGVSVGPFCHVQSGAIIGNDCELMSHVVITGATTLGAGTKVYPHAILGCDPQNNKHKGGPTRLNVGVNCIIREGVTMHKGSDNARGYTSIGDNCSFLAYAHVAHDCDIGDYVTFSNNVMIGGHTSIGHHAILGGGAAVHQFVRVGHHAFIGGLAAVVSDLIPYGMAIGVHAHLGGLNIIGMKRSGMERKEIHNLRHAVRMLFDRTKPIRQRAQDVLAAIPDSPTVSDMISFINVDTKRAYCTPPLDAAHGGAGHDSDED
BRU3,BRU,MRRIQSIARSPIAIALFMSLAVAGCASKKNLPNNAGDLGLGAGAATPGSSQDFTVNVGDRIFFDLDSSLIRADAQQTLSKQAQWLQRYPQYSITIEGHADERGTREYNLALGQRRAAATRDFLASRGVPTNRMRTISYGNERPVAVCDADTCWSQNRRAVTVLNGAGR
BRU2,BRU,LFYGFSKIFWLFFQPLTIIFLLVAIGLLAAWRGFRRLGIAVLIPATALLFFGAFTTGGAMLLSPLENRFPKSESLPQHVDGIIVLGGYMNGEIVAGRQNFELNSAADRIVETMRLARLYPDAKILVSGGEGTFFEKSAREAETTRALLLDLGFSGNRYIFEGKSRNTVENAIFSQALAQPKPGETWLLVTSAYHMPRAVGCFRKAGFDVTAWPVDYKTRTRETFGLYLESPNDALSRFSMALREWTGLAAYWWTGRTDMLLPHS
BRU1,BRU,MNTRASNFLAASFSTIMLVGAFSLPAFAQENQMTTQPARIAVTGEGMMTASPDMAILNLSVLRQAKTAREAMTANNEAMTKVLDAMKKAGIEDRDLQTGGINIQPIYVYPDDKNNLKEPTITGYSVSTSLTVRVRELANVGKILDESVTLGVNQGGDLNLVNDNPSAVINEARKRAVANAIAKAKTLADAAGVGLGRVVEISELSRPPMPMPIARGQFRTMLAAAPDNSVPIAAGENSYNVSVNVVFEIK
BRU593,BRU,MSKHISFAEAAALIPDNAVVSVSSSSGLGCPDMMLKAIGERFDETGHPQNITTLHPIAAGDMSGIRGVDYIAKKGLLKKILAGSYPSGPSSAEPPLIWQMITNNEIPAYNIPSGILFDMHREAAARRPGVLTKVGLDTFVDPKRQGTAMNDKAREAPVVKRVSFEGEDWLYFPAIAPQVAIIRATTADERGNLTYEHEGATLGGLDQALAARNNGGIVIAQVKRIAREGTLKPHDVRVPGVLVDYIVVDPDQKQTTQTLYDPAISGEIFRPLDTFRLPEFNIQKAIARRVAQELQAGSAVNLGFGISANVPRILLEEGLHGAVTWVIEQGAVGGVPLLDFAFGCASNADAYMPSPYQFTYFQGAGFDASLLSFLEIGRDGSVNVSKLSFRPHVTAGAGGFVDITARAKKIVFSGPRGVEQGQDVTYVTERAVMKLTPQGIVLTEIAPGVDLQAHILDQAEFPLIVSDQLKLMDEALFREEPIGLTLPQKPARKLEA
BRU592,BRU,MNIEPETKREIIIVRRGGHDDHEAHHGGVWKIAYADFMTAMMAFFLVMWLINAANEETKAAVASYFNPVKLIDRHSSPKGVQNVDQRDGKVRFESDQQVESSTKVVNDTTVRPASDQEERQLFREPYAMLAELAHETGVLQNQSAKGDGGTAQSGSASGADGGEAYRDPFSPDYWSSKAVGDLTPPAPQTVPQTAPLPQAQPKKAETQEELIADLKKAATGEPAPNAGKAAKPEPMPDVTVVPVEGGVMSQLTDKVDYGMFTIGSAKPDARVVQMLERIAQVIARQPGEVIISGHTDARPFKSATYDNWRLSSARAQMAYYMLVRGGLDEKRVLRVEGYADRQPKNPNDPNAAENRRIDIFIKSKP
BRU574,BRU,MLDSLRSAAQSWIAKLLLGLLVLSFAIWGISDVFRGGMAGNAALTAGDSEVSATDYRFAYEQQLMRLSQQFRQRLTREQAKAIGVENQVLAQLAAGVVLDEAARNMQLGLSQDAIARLTAEDPAFHDAGGNFNRARFDAVLRQSGIRAEDYLENRAKVARRQQIVEAATDGMKLPDTMLKALALYQGESRSADYIDVPAEKADAIPAPSEDVLKAYFEAHKEDYKAPEYRKISYVKLEPSDIADPAAVTQDEISEYYEKNKARFSTPKTRTIEQLNFADDAAAEAAHQKIEAGTSFLDIGKEQGKTESDLTLGTFEKSGIPDQTIADAAFALGEGAVSPVVKGIFGPVLLRVTKINPAHEKPLSEVEGEIRNTLATNIAASSINSLHDSYEQERSDGATMADVAKKLHLKMVTVDAIDAEGDDPAGKPVELPNAQALLPAVFQAEQGFDNDPLTMGNIGYLWYQVDGVTPARDRTLDEVKDKVVAAWKGEEAVKRLNQRMEELKKRVEDGATLDTIASELGLEKQTKRGITRTTNDADIGSAATAQIFRGANGLVGTAAAPSDDAQILFKVTEVTKPAAAGPEAIPEDQQKYLATALADDMLQQLVGELQKQYPVKVNQAVINSAFAF
BRU564,BRU,MIRFLLKSAFWLSLAFIAVPHFFPADQENKAQENKPHEKPAHEQAKQEPSSIEQILANGKTAVEIGKLCMDNPSFCKSGTSLVSSAGSGFLEGSRVMLEYLSARFGAKKETPVQERPAAAETISVKSQIPVPTPREEALRALDHRVTGSITPNR
BRU561,BRU,MDDSNDLFSRVVNNARERQMERQTGENTVAQPVVQPAPSAPKPVPAAAKAPPAASGGDDYNASSIRVLEGLEPVRLRPGMYIGGTDEKALHHLFAEVIDNSMDEAVAGHANFIEVTVDKEGFVTVSDNGRGIPVDEHPQVPGKSTLEVIMTKLHAGGKFDGKAYETSGGLHGVGVSVVNALSDVLEVEVARNRRLYRQCFSRGIPQGGLEELGEVHNRRGTRVRFHPDPEIFGKNAHFDPHRLYRMARSKAYLFGGVEIRWNCDPSLLDPKKETPEKAVFHFPGGLKDYLEASLGKEHQVTREVFAGRTEKQGGHGAVEWAVAWFGGDGFVHSYCNTIPTGDGGTHEAGLRIALTRGLKAYAELTNNKRASIITTDDVMVSAAGMLSVFIREPEFVGQTKDKLATVEAQRLVENAIRDPFDHWLAASPQEASRLLEWVIDRADERLRRRQEKETVRKSATRKLRLPGKLADCTQNAAAGAELFIVEGDSAGGSAKQARNRANQAILPLRGKILNVASAGREKLTANQQIADLVQALGCGTRKNYREDDLRYDRVIVMTDADVDGAHIASLLITFFYQEMPELIRNGHLYLAVPPLYRLSQGGKTAYARDDAHKEELLRTVFTGRGKIEIGRFKGLGEMRADQLKETTMDPAKRTLLRVQVDEEYGDETRNTVDDLMGTKPEARFRFIQDRAAFVEELDI
BRU529,BRU,LRRVGQGARLLNTFPRGKDGGNMKTVRLTAAQALVRYLANQMTPEGDTFIAGVWAIFGHGNVAGLGEALYRAREHMPTWRGHNEQTMAHAAIAYTKQLGRRRACAVTSSIGPGATNMVTAAALAHVNRLPVLFVPGDVFANRGPDPVLQQIEDFNDGTMTVNDCFRPVSRYFDRITRPEQLLTALPRAFRTMTDPADCGPVTLAFCQDVQAQAYDWPEEFFTPKVWHWRRPPPDERELETAAAAIKTALKPVIVAGGGVHYSGAHEVLRAFVETHGIPVIETQAGKSALPWDHPLNFGPVGVTGADSANAVAAEADLVIGVGTRFQDFTTGSWALFRHPGRRLLSLNVQPYDGAKHNSLPLVADAKIGLEALSGAIGAYRRQAVDASLKNRWFAAADRFTAAPSDGNALPTDMQVIGAVQRQARENSVVMCAAGTMPGELHQLWKAGRPMSYHMEYGFSCMGYEIAGGLGIKMAEPDRDVIVMVGDGSYMMANSELATSIMMGQKITVVVTDNRGFGCISRLQMATGGAEFNNLLDHAAHVNPSQIDFAAHAAAMGADAKKVGSIRELEGALAEARDSLRTTVIVIDTDPYPTPETGGWWWDVAVPEVSERDEVRAARKNYEAQIKERN
BRU505,BRU,LNRFIAFFRSVFLIGLVATAFGALPARAANETAPDYALSMHGDVALPADYTHFPYTNPDAPKKGSLTVGVVGTFDSLNPFVLKSMRTTARGLYNDGEFGNMVYQTLMLRSRDEPFTLYSLLAEKVAIDPERKWVEFTLNPKAKWSDGQPVTVDDVLFTYDILTEKGRPPYNSRMSRVAKIEKTGERSVRFTFNEKSDREFPMLIAGSMPVLPKHAINRDTFGNSTLEPPIGSGPYVVASVQPGQRIVYKRNPDYWGKDLPSQRGFNNFDKISIEYYRNETSLFESFKKGILDIFIEGNPIRWEKLYDFPAVEQGKVIKDTFEKGTPADMLGFVFNTRRPIFADRRVRQALGLLFDFEWANSNLFAGQYRRTQSFWEGSQLSSVGRPADARERELLAPFPGAVREDVMNGTWHPPVTDGSGHDRVPAKKAYDLLSQAGFQFKDGMAIDPTGKPFAFEIMTRSPDEEKIALAYQRNLSRLGIAVEIHTVDDAQYQQRLQTFDYDMILGALASSLSPGNEQWLRWGSASRDVQGSFNFAGVADPAVDAMIEALLAARNRADFVSAVRALDRVLISGDYYVPLYHLPYQWVARWDRIEHPQKTPLSGYQLPAWWHTSQ
BRU500,BRU,MATEQTIKVFDGHNDVLLRLWSSNQPEPENRFLEGESSGHIDLPRARKGGLGGGLCAVYVPSPSHDLDADGNLPTPSQQDTLKTTLAMSAILQNIERKSEGQVRICRTAADIRDAFAKDIFASVYHIEGVEAFDADLDALYVLHAAGLRSLGPVWSRPNIFAHGIPFRFPSSPDIGPGLTDHGKALIRACNELKVMIDLSHMNEKGFWDIAALSDAPLVASHSNAHVLCQQSRNLTDRQLDAIRDTGGLVGLNFGVSFLREDGKHDPDTKLEELVRHADYIVGRIGIDHVAFGSDFDGTIISSTLRDVADLQLVIETFRKHGYDDASLVKLAHGNWIDVLERTWGK
BRU195,BRU,MYNYLDFEKPVADLEGQILELKKLAQEQGSVEMGDEISRLEKRSADALKDIYRKLTPWQKAQIARHPDRPHCLEYIDRLFTEFTPLAGDRKFANDEALQAGFGRFNGTPVAIIGQEKGSDTKTRLKHNFGSARPEGYRKAVRIMEMADRFQLPLITFVDTAGAYPGVSAEERGQAEAIARSTAECLKLRVPVISIIIGEGGSGGAIAIAVANRVYMLEHSIYSVISPEGAASILWHDSTRAKDAASNMRITAQDLFDLKIIDGIIPEPLGGAHRGKESVIDATGDIIAASLRSMKDIDGETLKQERRQKFLEIGRNI
BRU186,BRU,MKKLFYSGLCLMWFSTAACAHFQELIPSEDVVTEGGPVTLDLIFTHPMDRGPTMDMEKPKRFGVKRGDKIIDLSSRLEERKIDGKRAWRAKDEITEPGASLYFVEPQPYWEPAEKKYIVHYAKVLVDGFASGEDWDSMVGLPVEIEPLTRPTGLWTGNVFTGVVLKNGKPVPNAEIEVEYVNDGSVKVPNPTFVTQVLKADSNGTFSYAMPRAGWWGFAALTEGDEKMKRPDGSLAPVEVGGLIWVKATDMK
BRU155,BRU,LQAMNGSGLPDGIASGNGRVEAVEIDISTKSPGRIREIFANEGSFVKAGDVLARMDTDQLESQYRQAKAQLRRAEIGIDTAQSLVTQRQAEHAAAEATVAQREAQLDAAQRRLARSRQLSESRTVSQQVLDDDRATAQGAEAAVGAAKAQLAATDAAIGAAKAQVVDAQASVEAAKAAIAAIEADLRDATLTAPKPGRVQYRVAQPGEVLSAGGRVLNLVDLSDVSMTFFLPTAQAGRVAIGADARIVLDAAPQYVIPAKVSFVADVAQFTPKTVESEEERQKLMFRVKAKIPQILLQKYIQQVKTGLPGVAYVKLAPDAGWPKNLAETVK
BRU147,BRU,LSVLALVFVGFAHKPIDLTAQDSYLIAQYKLPDGSYSALCIGNRSSDATDHGSDQHPNKNGCDACRLSSAFLCPAPANSTGAMPLIAMVDGSIPPQPILRQNVYPPSAPPQAPPFA
BRU144,BRU,MLEKTYDAAATEPKIAERWEEAGAFKAGAGAKPGADPFAVVIPPPNVTGSLHMGHALNNTIQDIMVRFERMRGKNVLWQPGMDHAGIATQMVVERQLAERKEPNRHAMGREKFIERIWQWKAESGGMISNQLRRLGASCDWSRERFTMDEGLSRAVLEVFVTLYKQGLIYRDKRLVNWDPKLLTAISDIEVESREIKGHLWHFRYPLENVPFDPENPHTYIIVATTRPETMLGDTGVAVNPKDERYHALVGNDVILPLVGRHIPIVADDYADPEAGSGTVKITPAHDFNDFEVGKRNNLRAINILTPEAAITLKDNVDFLEDLELTAELKALIVELDGMDRFAARKRIVELMDERGYLEKIDDHTHAVPHGDRGGVPIEPYLTDQWYVNAGELAKPAMAAVRDGRTQIVPKNWEKTYFDWMENIQPWCVSRQLWWGHQIPAWYGPDSHCFVEKSEAEAKAAARAHYGEDVALERDTDVLDTWFSSALWPFSTLGWPDKTPELATYYPTSVLVTGFDILFFWVARMMMMGLHFMEEIPFHTVYLHALVRDKHGAKMSKSKGNVIDPLELMDEYGADALRFTLAIMAAQGRDVKLDPARIAGYRNFGTKLWNATRFAQMNGVKLAPDFRPENAKLAVNRWILTELTRATRAVTEGIATYRFNEAAGAAYRFVWNQFCDWYLEFLKPIFMGDDEAAKAEAQATAAYCLDQVYKLLHPFMPFMTEELWSLTASEGKKRDTVLALAEWPELSFEDEDAAADINWLVDLVTGIRSVRAEMNVPAGAIAPVVVLDANKVTVDRFARHDAAIKRLARVERISFEQQAPKGAAQMLLGEATICIPLGSLIDLQAEAARLAKEAGKIAAEMDRIEKKLANEKFVANAREEVVEAERERLLELKEAAQRVATAESRIRDAS
BRU492,BRU,LRDGVVWRAVAATLVASPAFAQGVDPTAGTGLSLPEPKLNLPTINPYASPASPENNPLVRTYELDLKAKLTQEGGDIPAGLVWRVFSPDVGPDGQLPLIASSKGGSASFNLPEGSYLVHVAYGRAGATKRITLSNSARHEIMILDAGGMKLSAVLPGNGKIKDDLLRFSIYADEENSDRSLIVPDVKPNKIIRLNSGTYHVVSNYGTANAIIRADIRVEAGKLTEATVQHRAAEVTLKLVRDHGGEALADTSWSILNASGDVVRESAGAYSSMVLIEGDYVAVAKNKDRIYQRDFKVESGKNEDVEVLANSDSEASDDIVD
BRU488,BRU,MADLAKIVEDLSALTVLEAAELSKLLEEKWGVSAAAPVAVAAAGGAAPAAAAEEKTEFDVVLADGGANKINVIKEVRALTGLGLKEAKDLVEGAPKAVKEGASKDEAEKIKAQLEAAGAKVELK
BRU116,BRU,MSALSISRYLTDFSTHHIDDKAVEIITAPVPPKPLTPVAGEAAEKPAAVGQEQAEMAAVIALEEEKRAAFEAGREDGHREAQVLYEAEKARLLREHEAEIETLRATFSREQALLLAGSLTEALSALEQSLSGQMAEILMPLLAAKMEHEAVAEFARRIAALALEGEAPEISGPARLLEALQAHGVLLPSGCRFSETASNELSFSFGERMLETRIAPLLEELKAAVK
BRU472,BRU,MKSVTFKNKNWDIAAYLHTPAGFDEAKKYPAIVVAHPISSCKEQTAAIYAAKLAELGYVALAFDASTQGTSGGLGKYLEDLASRVEDFRCAADYLVTLDFVDENRIGVLGICGCGGYAVNAAMTDRRFKVVSTVVGANYGRLLREGDMSPDAAIKAMEAISQQRTAEARGGEVAITSYIPQSVDALKASGITDIDVTEAVDYYTTPRGQKPGSPNKLNVTSTGAAFNWDAFHLADQLLTQPLQIIIGGGQPGIFGSFRDGYELFDKARSQTKNLFIVPGATHYDLYDKPEYVDQAVARLKEFYSEYL
BRU466,BRU,MKFEGGQMKSSRNIDRLLEIMAALRNPETGCPWDIEQNFRTIAPYTLEETYEVLDAIERDDMDDLREELGDLLLQVVFHARMAEEQGYFAFGDVVEAITHKMIRRHPHVFGDAQARSAGMAKGSWNRIKAEEKAERAERRAKLGLESIGKTGFVDDIPNAFPALLRALKLQQKAAKVGFDWSEAAPILDKIAEETAELKEAMAASDKAEIEEEYGDLLFAMVNLGRHLEIDAETALISANEKFKRRFHFIEEALKTSGRDLDAASLDEMEEIWSEAKKKGL
BRU450,BRU,MAYVNFKVETDADGIALVTWDMPEKSMNVFTVDAMQELNAIIDAVIADDKIKGVVITSGKETFSGGADLTMLEGMFKEFQKQKVKDPEGAVQTLFDNVGKMSGLFRKLETCGKPWVSAINGTCMGGAFEMSLACHARAASDAPGVKMALPEVKVGLFPGAGGTQRVPRLANQQDALQMMTTGSSLTAQRAKAMGLVTEIAPAKKLVETAKKLIKGGLKPVQPWDEKGFKLPGGAIYSAAGANLWPAATAILRRETSGNYPAALAILKSVYEGLLVPFDTGLKIEQRYFTEILQTTEAGMMIRSLFVSLQELNKGARRPVDEKPTRLKKIGVIGAGFMGAGIAYVTAKAGIPVVLIDRDQESADKGKAHTADLITKEMQKGRATEADKEKLLSLITATPDYAQLEGADLVIEAVFEDREVKRVATEKAEEVLKSSAVFASNTSTLPITGLAKVSKRPKNFIGIHFFSPVDKMMLVEVILGKKTSDKALAVALDYVRAIKKTPIVVNDTRGFYVNRCVLRYMSEAYNMLVEGVPAAMIENAARMAGMPVGPLALNDETAIDLSQKILKATLADLGPKAVDPRHVELVDKLVNEFDRKGRKNGKGFYDYPAKPAKKHLWPGLKDLYPQQNPDKIDVKELKERFLVTIALEAARVMEEGIVTDPREADVGSILAFGFAPYTGGTLSYIDGMGAKKFVQLAKDLQKKYGAQFKAPKLLLDMAENGETFYQRFNPYKGETKKAA
BRU98,BRU,MTAQTVATSFSFRRIFIALGLTVLVPLLSACGFNTIPTNEEKAKAAWSEVQNQYQRRADLVPNLVETVKGYAAHEKETLQAVIEARAKATQVQITPETLNNPALFKQFQDNQANLTSALSRLMVVVEKYPDLKANQNFLALQSQLEGTENRIAVARRDYIEAVRTYNTSLRTMPTMIWTWIWYRDAQPMPTFSADAGSQAAPKVNFN
BRU444,BRU,LTAGALAFAGAASAQDKKVTIGVSIPAADHGWTAGVVYHAERVAKLLMEEHPGLNVIVKTSPDAASQANALQDLAVQGLDGLVVLPTDPDPLVNAIKEIKDKGTFVALVDRAPSNNDNTIRDLYVAGNKPALGQVAGEYIKATTPDAQVVVIRGLPIPIDQQRQDGFDKGIEGSNVKVLDRQYGNWNRDDAFRVMQDFLTKYPKIDVVWAQDDDMLVGVLEAIKQSNRSDIQYVVGGAGSKDMIKRVMDGDKLVPVDVLYPPAMVSTAMELAAGHFYDQIPVSGDYILDATLVTEDNAKDFYFPDSPF
BRU89,BRU,LLMRFSRLRLVGFKSFVEPMEFVIEGGLTGVVGPNGCGKSNLVEALRWVMGENSYKNMRASGMDDVIFSGSATRPARNTAEVTLFLDNSDRTAPPAYNDADELQVSRRIEREAGSLYRINGKEARAKDVQLLFADQSTGARSPSMVGQGHIGELIQAKPQARRALLEEAAGISGLHTRRHEAELRLRAAETNLERLDDVVGELGSQIESLKRQARQANRFKSLSADIRRAEAALLHLRWNVAKGQEAEAQSALSQATATVGDMAEAQMKAARDQAVGAHKLPELREAEAGAAAALQRLSIARTQLDEEGERIRARRAELMKRLEQLTADIAREEQMLRENADILARLDEEEQELAASSEASGERNEELRALFEEAEIRLQDSESALARLTAERAEAAAERAQVERALKEAQDRRDRLAVQMENIERDIAAVVGQIGGLFDPAEKRIVVDACTQALEAAEEAVVAAEELVAHAREAEAASRQPLSEARTELNRIETEAQTLARILNAGETGQFPPVVEELRVEKGYEVALGAALGEDLDAASDENAPVYWAYNPAAETDPALPEGAMPLDRLVDGPQQLRRRLAQVGVVSEADGRRLQVGLRPGQRLVSKTGALWRWDGYTASADAPTPAAQRLAQKNRLAELEQDAIGARRRVEDAGQAVERAEAAVRKAVEDERVARDQWRANQRKLDEAREALAAAERAAGELATRRSALDESRARLEENLEEAQIRVAEAGDRLGEMPDMDAIAQRLSALTSEVQSDRAALAEARAAYEGLRREADARLRRLEMIALERRNWISRAENADRQIAALNDRRAETAEEAEVLAEAPDEIENRRRALLNELSLAEERRRAAADILAEAETRQAELDKAATLAIQHLAASREQRARAEERLTAAQERRKDAEARIFEALNCPPHEAIRHAGLKPEDAMPDPDQLERQLERLKIERERLGAVNLRAEEESRELSDRLDALISEREDVIEAIKKLRQAIQSLNREGRERLLAAFDVVNAQFQRLFTHLFGGGTAELQLIESDDPLEAGLEILARPPGKKPQTMTLLSGGEQALTAMALIFAVFLTNPAPICVLDEVDAPLDDHNVERYCNLMDEMAASTETRFVVITHNPITMARMNRLFGVTMGEQGVSQLVSVDLQTAEQLREAS
BRU88,BRU,MIRSVLEHNPTAAKRGRSRLCFGKKSLERRSVSIRLKRALKRLVGPASAFLALAFSHGSVDAAMRKNKQPPAPPSVYTQTPGFAVKSTEIMVPDGVSAGEYRRITHPFPNWTLVCDENLKAKKRVCNITQTIMHEKGLVVFSCSLAAAENGKPYMIMRIPAVVGARQEIRLDFGDGTPIIVSKTHGCEGAVCIAYLPVGPRLRVYIAKGSVPKVSYPVPDIRRGSADWLMFYAPLSGLAHALAAI
BRU437,BRU,LGQTVPIIDVDAFGNPANRVPQANVDSSYGGWVQMYAAVEDNGYQLPAIPIQKMDTRYLRQVVPDPTGEMPGTIVIDTANRFCYLVLDNGQALRYGVGIGREGFAWSGRAVIQYKRQWPRWTPPDEMVARQPELVQYSAKNGGMAPGLKNPLGARALYIFKDGKDTLYRLHGNPEWWSIGKAVSSGCVRFLNQDIIDLYDRVPAKTPILVM
BRU431,BRU,MTGFDITLLILVALVLAALIASIKTVPQGYNYTIERFGRYTRTLNPGLNLIVPFFDRVGARLNMMEQVLDVPTQEVITRDNAIVGVDAVAFYQVLNAAQAAYQVAKLQYAILNLTMTNIRTVMGSMDLDELLSNRDAINDRLLRVVDEAAHPWGIKITRVEIKDINPPADIVTSMARQMKAERDKRAQVLEAEGNRNAQILRAEGQKQSQILEAEGKLEAAKREAEARERLAEAEAKATTMVSQAVANGNVQALNYFVAQKYTEALSNIASAKNQKIVLMPLEASSLIGSLGGIGAIAREVFGDGSQPAGPAPQPPARARSVPPTGRD
BRU421,BRU,LEPVKMTNSSDDFTQSAEPFKLFAEWLADAAKSEPNDPNAVALATVDPDGLPNVRMVLLKDFDETGFVFYTNYESKKGQEILSAEKAAMCFHWKSLRRQVRVRGPVEKVSDAEADAYYASRPRGSRIGAWASKQSRPLESRFALEKAVAEYTAKYAIGDIPRPPYWSGFRIRPVSIEFWHDRPFRLHDRVLFTRPTPEGDWNKDRLYP
BRU63,BRU,VYTIRIMNCAFFAHHGVFDEEHKLGQRFYVDAVLDVDEGNSLESDNIDGTVHYGIAFSVIEGIIMGRQRYLIETLALDVAKALVARFPQIKRAEITIRKPNAPVSGVLDYVEVTVVYPQ
BRU404,BRU,MLTDRLRGLILAFAFVSVAFVSGAHADPKLNFSWPVNVGPLNPHLYSPNQMFAQNMVYEPLVHYNADGTVGPWLAESWEAFQDGRSYTFKLREDVKFSNGEVFDAAAVKANIDTVLQNRPRHNWLELVNQMVSAEVVGPYKVRINLKKPYYPLLQELSLPRPFRFIAPSQFKNGGTADGIVAPIGTGPWKLTETKLGEHDVFTRNDSYWGPKPAYEQITVKVIPDPNTRAIAFEAGEIDLIYGTEGPISPDTFERFQKMGIYNTELSEPLETCVLAINTNHGATKDLAVRKAINHAVDKDTMIATVLYGTQKRADTLFADNVPYANIGLKPYAFDPALAARLLDEAGWTAKASGDIREKDGQPLAIELCFIGTDAISKSMAEIVQADLRKVGIDVKLTGEEESSIYARQRDGRFDMIFNQTWGAPYDPHAFVSSMRVPSHADYQAQLGLPDKAKIDAEIGQVLVSTDETARQALYKDILTRLHEEAVYLPLTSVTAMAVAKPEVGKITFGAMSSEIPFEKLTPKAN
BRU50,BRU,MLKLLAPLISSLAGEEIQLISGRAKRAAIFCAAMVVFGAIALAFFCIAAFLALAENYGGPIAALILAAISLLLALITLAILKIQGAAEEKKRKQKIEADKSALMATAAIATVPAILKRPILAVALPLAGIALVSLLSDKKKDR
BRU401,BRU,MFGNSKPAEAKPDEFASQAEKPQETAATAVKQAEPAKAQDVEAAKPAQAAEKPIQVSSLFGSSKTAYASAQRPPASQGSIARLFSDESTGARSSRTENKKLAVIKPVSSTTATHDYNYSLPGVRPNGGIEIKHRNSLYDDSDIDANEDDEFASVTLASAPGLARLAPNGLKVQRQTVDVACLKPELVTMLKTMERHFRRPVMVTSGYRSPSYNRKVNGARRSLHMICAAADIQIDGV
BRU48,BRU,MDEAHEAKPAADKAEPEQQAKPQKDDRIYQVACPALISGDVDGKLLPPIKDGEQCGTHSPLSLTAIGTKEPLRFAHPVTTNCAMAVTLAQWSSAIKKAAKTAYGDDFKITKIGTGSDYQCRRVNGASSGRISEHAFANALDIMSFEFSDGSKTELQSGWNGSDKEKAFWRAVHEASCELFMTVIGPDGDAAHRTNMHLDQGCHGKTCLMRICE
BRU45,BRU,MKLSARASIFTLALLVSTNAYASSAIVTSTVNLRTGPGTQYGTIGAIPNGVGIMVAGCTRGYGWCQVSYGGMTGWAASRYIAIQTGNGYTTNDNFGSTAAAVGIPLIAGIVIGSAIANSGPAWGPGPYRGWGGRPNIYNGCIGRNCQSNWGPPRPHWTDPPAGATIRVIIPISVMVSVTALVMGPACVSAAGGKAQRKTGPPDSLLSGASPDWKRVKGISLPHSFHLNAEIPYWEHGFLKRQTYPGFAQQG
BRU39,BRU,MNLKLLSSVAFAATIGFASAAYADITIGVIAPLTGPVAAFGDQVKKGAETAVEVINKAGGIKGEKVVLKFADDAGEPKQGVSAANQIVGDGIKFVVGLVTTGVAVPVSDVLSENGVLMVTPTATGPDLTARGLENVFRTCGRDGQQAEVMADYVLKNMKDKKVAVIHDKGAYGKGLADAFKAAINKGGITEVHYDSVTPGDKDFSALVTKLKSAGAEVVYFGGYHAEGGLLSRQLHDAGMQALVLGGEGLSNTEYWAIGGTNAQGTLFTNAKDATKNPAAKDAIQALKAKNIPAEAFTMNAYAAVEVIKAGIERAGSTDDSAAVAKALHDGKPIETAIGTLTYSETGDLSSPSFDIFKWDDGKIVGLE
BRU37,BRU,MATEIRVPTLGESVTEATIGKWFKKAGEAIAVDEPLVELETDKVTVEVPAPAAGVLAEITAKEGDTVEVGELLGQISSDGAAVAAAPAQKKEEAKPAAAAPAAAPVASASSGPAMQPAPAAAKLLAESGLSADQVEGSGKRGQVLKGDVLEAITKGVSAAPAAPVAARPASSADDASREERVKMTRLRQTIARRLKDAQNTAAMLTTFNEVDMSAVMELRNKYKDVFEKKHGVKLGFMGFFTKAVTHALKEIPAVNAEIDGTDIVYKNFCHVGMAVGTDKGLVVPVIRDADQMSIAEVEKELARLARAARDGSLSMADMQGGTFTITNGGVYGSLMSTPILNAPQSGILGMHKIQERPMVVGGQIVVRPMMYLALSYDHRIVDGKEAVTFLVRVKESLEDPERLVLDL
BRU35,BRU,MRETDFVGGFAKGLRVIEAFGEDRPRLSIADVSKITGLDRATARRCLLTLAELGYAEYDGKFFMLLPRILRLGHAYLSGTPLPTIIQPHLDRLSQSVGESASASVLDGAEIVYIARASQMRVISINLMAGSRLPAYCASMGRVLLAWLDESEARTILEQTELRARTPFTQKDPEKLMEELRRIRAQGFAVNDQELELGLRSIAVPVFNHRGAVVAALNIGAPVAHVEVSDLVGRILPEMLKIQSELRSMLRQRLFE
BRU27,BRU,LVALGIGYCAGTARQASKPVQAATSTVAFNPKAVENIVRNYLLQNPELMLEVQTALETKQAHAAQEQVKQVLAANQSVLFDPKHDAVFGNPNGDVTVYEFFDYNCGYCKRALPDMEAILKKDPNVRYVLKEFPILGPDSMRAHVVSQAFKALMPEKYPEFHEMLLGGHGRATEESAIADAVKLGADEAKLREKMKDPAITGAFQRTYQLAQQLNITGTPSYVIGDELVPGAIGIDGLRQRIAAARDAAKK
BRU24,BRU,MAEAHRLNLFATVEGGTVHGYGFFVGGGRPSEAQLIIRNAQGVELFKGPAGEDGSFSFTPAAPADLVLTLNAGDGHVAEAHIAADRFSQYGAQGAASSTKAETGTATPKGAALPASPSPEELSAMIDQSVDRAVSRQIAPLLEAYAEADGRARFSDIVSGIAVIIGLAGLFLWAKSRGRASHSDRQREP
BRU19,BRU,MAPKFNRSFVMTIKHNIIAFSALALIAGFSLTPAAFAEDAMKTDHMKSDAMKSDNMSKDAMGKEDAMKGDAMHKDSKKMKKHDAMKGDAMKGDAMKGDAMKSGQ
BRU18,BRU,LAPPTQWLLFICRHCQGVHKQMQLKSILLALGIGAAGLTLSGCVSESYYGTSGGYYDPYYVRGGYVGSAIIYDSGRYRAPRRYHSYRHNHRPNRPDYNRPHRPNRPDYNRPNRPDRPGRPDRPHVRPGDGSSSGSGNHRPRIHAPERGPR
BRU17,BRU,MGISKASLLSLAAAGIVLAGCQSSRLGNLDNVSPPPPPAPVNAVPAGTVQKGNLDSPTQFPNAPSTDMSAQSGTQVASLPPASAPDLTPGAVAGVWNASLGGQSCKIATPQTKYGQGYRAGPLRCPGELANLASWAVNGKQLVLYDANGGTVASLYSSGQGRFDGQTTGGQAVTLSR
BRU16,BRU,LRSAKSTCCFKRERRYQRAGDRMTSFKFTGVTKTALLSGTIAVLIPLAGCASKNDDIDLTKYVETIDPADKLYNEGLANLDAGRLDEAAKKFAAIDRQHPYTEWARKALVMAAFTNYRKGNYEEAISMAKRYNTLYPTSPESAYAYYIIGLSYFRQIPDVTRDQAASRRAIAAMQEVIDRFPNSEYTDDAKTKIRVARDQLAGKEMQIGRYYLERKEYLAAIKRFRGVVEEYSNTRQVEEALARLVEAYYALGLTSEAQMAASVLGKNFPDSQWYKDSYKLLQSGGLQPRENGNSWLAKAGALITGGSS
BRU15,BRU,MFKLKLLLFRWSRKLKQFNYWLWAQAVFVLLGFLRLFPAKAAISFSARVARLIGPLTPRHKVATDNLRKAYPEKSEAEIVKIAREMWDSMARLFAEYIFLDAVFDFDPYAVKPGLVEVEGIPIFEGLRDEKKPHIFFTAHTGNFELLPICAATFGLNVTALFRPPNNPYIANKVLKARRTNMGHLVPSKAGAAWALAGILGDGGNVGMLVDQKFSRGVPSTFFNRPVKTNPLLAKLARQYDCDVYPARCIRLPGGRYRLELYERMELPRDESGQIDINATTQLLNDTVEQWVREYPGQWMWFHKRWG
BRU13,BRU,LKTAIDRGGSFKAELDTYVSVAPQDASVEGLRAYADKGVPTIADLNAWFGAVANRIVATENKLPADASLWDQLLASARGLVSVRPVAGNVSGTGVGPTTARMEAALQAGDLDRAIGEWEQLPADAKAVSEEFASQMKARRDADALVQRLVADSLKPKAPVTGASDNTTGEAPASSGQ
BRU12,BRU,MTASSKFFGAASALAMSVALVASGTAGFSLASVSVAEAAVVSRIEVRGNTRVDAQTIRDNIDIRPGKAFTSADIDAAVKRLFAMGLFSDVRIHQSGSTLIVQVKERSVVNNVLFQGNKKIKDPDLARAVQLKPRAPFDMATMEADKEAIKAAYSHIGRSDATVNARTVDLGQGRVNVVYEINEGSRTKIANIEFVGNQAFSGRRLRDVISTKRSNPLSWLTRNDVYDEGRLQADEETLRRFYYNRGYADFRVLSSNAVLDPSTNEYTITITVDEGPRYTFGDVSVESTVDGVDTQALDRLVKTRTGKPYSAKEIEDSVLSVTESVAGSGYAFAKVEPRGDRNFENHTISVVYSVDQGPRAYIQRIEIRGNDKTRDYVIRREFDLNEGDAFNQVMVQRAKRRLEVLDFFQTVNISTAPGSEPDQVILVVDVVEKSTGEFSIGGGYTTGGESPGAQVEAAITERNFLGRGQYIRISAGAGQDDMRNYGLSFTEPYFLGYRLSAGFDVFRRSYRVNDDYDVEQTGGTIRFGLPITDNFSAGIAYSLVQEKYDLFRGDAENYYAPALLEAAENSPWLRSSVSYSLTYSSIDDIKNPHDGLYGKFIQEFAGLGGDAKYVKTTFKGNYYQTLSQEADIVGLLGVGAGYIHEFGDDGVRIFDLFKNSSDIIRGFKFNGIGPYQDAKNGKRYWMGGTTYFSGTAEVQFPMPVLPESLGVRGAFFADAATLYGNDTPDISGDDKKLRASVGVSLMWASPFGPLRFDYAFPVAKADTDKVQNFNFGVSTKF
BRU11,BRU,MALARNRRTQRHIDYWPGFVDALTTLLLAIMFLLTVFVLAQFLLSREVNNKDSVLARLNSQIQELTQLLSLERSNSQDMQDTIANLQASLSTVESERSRLQSLLNEGSGAGAAAEKRAGELAQSLDAEKQVSARALNQVELLNQQIAALRRQIAALEDALNASESRDRESNAKIADLGRRLNVALAQRVQELNRYRSDFFGRLREILSDKENIRIVGDRFVFQSEVLFPTGSAEINPKGQVEMKKLADAIIQLNREIPDDINWVLRVDGHTDNVPLAGTGRFRDNWELSSARATAVVKFLIANGVPANRLVAAGFGEYQPLDTANTADARARNRRIELKLTER
BRU709,BRU,METKANYVLVGVFTLLVSLLAFGFVYWIARYGEARDSLPLDVRIQGSVTGLGIGSQVLFNGIKVGDVRRLHLDDSNPGMVIVQTRVNATTPITRSTTATLGFQGLTGQAYIELKGGRLDEPNLLTEAAKEDTVARIDADPSAVNNLLATAQDIAARANNVLSQLEGFVKDARGPLTDTINNTKTFTQALADNADIIQELGQNAGNIRQIVVDAKDMMARLNAASVKVESILNKTDKMLSADDKNGLVAQAITTLQSIRETSNNLDARLAPIANNLDRFSGQGLREMQGVVIDSRRAIQRIEQVITELERNPQRLIFGGPVSVPQYDGRKRH
BRU704,BRU,VLIQRSEGGGLGIGGGSGFMTARGAANALTRTTAILAIGFFATSLLLGIMARYGERPTDILNRIPATTGSQSAPAGGSTNGGGILDQLGGEPSGSGNGAAPAAPAAPAQPDAGQPQAPAAPANPVPSSQ
BRU389,BRU,LMSTIGKALTLLDVLSRLNTEAGLTEIAQACGYDKATTRRFLVDLEKHGFVEQLAESRKYRIGAEPLRLARIREARYPFLGTALPFVRQLAERTGETVHLSEFSNGRLSTIHVEESPRAHRVFINVGMILPFHATASGLAYLAACADDVVEATVTKSLDTFTEFTIADPEEVRRRVREARQNGFSVNRQGLEVGVMSTSAAILTPGSRPVGCITVAAPLARADDGIVMRYGADAHATAEAISAALFAEHRQARSNQSKRNG
BRU383,BRU,MRYTVFKACKELVAAAVLLSGTVLTGQAALSETLTGALVKAYKNNAPLNSSRAGVRIQDENVAIAKSAYRPQITGSYNISRGKTPATDYRTTGTVGIQLNQMLFDGFQTRNNVAAAETQVFAQRENLRNDEQNTLYQAVAAYMDVYQLRQIAALREKNLAAMNEQVRAARARLDVGEGTRTDVAQAEASRSTAIAALNAARADVKTAEATYMQVVGSLPDKLTPASAARHLPQSPSQAYASALASHPGILATKYAVNAAGYNVKAKEGALLPTIGLTASASQLDTIAGTDMGDGNTASIGVGVSIPIYTGGRTSAQIRQSKEQLGQARIEVDVVQDKVRQAISSAWSQLEAARASVAANRDGIAAAQLALDGVIEERKVGQRTTLDVLNAQNDLVAVQIALVQAEHDVVVASYALLNATGRMTADQLGLQVAQYKPEEHYKAVKDKWFGLRTPDGR
BRU370,BRU,LRPAHGPISKIEAQPIDIAIDPAIQELIEKLALAGPGIRAIVVMHDGKLIAERYGPGFSAQTPLLGWSMTKSVMATLIGMRIAEGRMALARYNLFPQWKTDGRSQITLANLMAMESGLRFDENYGTVTDVTRMLFLEQDMAGFAASMPLVTAPATHFNYSSGTANILSRLFMQSFENGKEALDFPMHALFDPLGLSNAVLEMDASGTFAGSSYMYATARDWARIDAFLADGGVIDGKRLLPEGFVSFMAKPSQASLGRYGSALVWRQISGVRAGTEGIPKDAFWMFGHDGQSVMIVPSRKLAVARLGLTPSRTGYNVQNLNAAIIKALYP
BRU333,BRU,MRNVFACLSGLFVAMALSLAAPMAYAGMLPEKLPLAAPLTPVHTGAGVSKQSAQEKPVSAAQTPEERLDKLFSDLRHTANEAKARRIAAQINMLWSQSGSATVDLLMQWANKAMLEHRYPSAIDFLNEAIALDPDYAEAWNRRATVYFLQKDYAYAMYDINRTLELEPCHYGALTGMAAILRARGLKEQAMKAYEQALSIYPMMRDAQKNFNDLADELTDTRT
BRU689,BRU,VGQGVTFSLPSNDAAVFETGQTKKLSATTGNDGTATAIIIRNAAGGGTVTVTCVLDADGKVSDQCDVHFAAVSADIISFSVSATDPLGYSNNGKAARVFAEIIPSPNNPVTNCLINFSTFGVSGIINNYVNIIGEPNSVSSGPSLMQFVQIGNTKTTIPVDVSYKGPEEGSVGIQAALVTTTQPDKAFALSTPNARVDFINPAPPPPPPPPSPCPPPPCPPPPPSPPVRPSYTIQIDAVVDNIPIPTGRGDIARVTVFQNGRPLAGALVQCSLVSLSGNTSLMFALAANEIANLVSPPQNTSGLTNITMRTNTYGWFEITFAQWFQRGQARFTASSNGAQNSRNFNFT
BRU685,BRU,VIGLGGLYVYFIWQTQAWTNFNPDYPAKYSYQDAATPGEEIKAEAPLPLASEPAPADADNPAPAGQPVQAAQIPSSVRKCSPSAIADVAADLTDFNVNQNAWISSMLLYKLGFFGLDWDRTPFLDNKASFQRGINAAVRRTAIELVDNIGRLRGTSQIDGDLQKARGNLQFAEDAWYFGLNPFGPKTPTPSYYRSAIKDLRAFNGRLENCQATFDARADNLIQFVDRIASDLGSTSAILKDRAENYHAGWFDTRADDRFWFAYGQLYAYYGLLRAAHSDFRNVLAEKHLDGVWDEMEKQLRDALDMQPFIVSNGNPDAWITPSHLTTMGFYILRVRSNLVDVKQVLER
BRU678,BRU,VLQAQSIEKALDLKNKPGPFNIELFGGSPDDNNAYFFYNGAMSVLQPYIDSGKLVVGSGQTGMDKVATLRWDGATAQARMDSILSAYYSDKKLDAVLSPYDGISIGILSSLKGVGYGSGDMPMPVVSGQDAEIPSVKSILAGEQNSTIFKDTRELAKVTVDMVDALMTGKEPEVNDTKTYNNGVKVVPSYLLKPVIVDKSNWKQVLVDSGYYKEDQIK
BRU655,BRU,MAENATETAPSERYKLGMRVRRSVLGDTHVDRASNGATELDAPFQALITEAAWGTVWARPGWSKRERSIVTIALLAALGQDDEVAMHIRATRNTGATKEDICEALMHVAIYAGVPASNHAFKIAKQTYAQMEAEEAEK
BRU638,BRU,LIGFNLFRSKMIKDFFANMQQPAQTVSTVTVEPGVWQPGVEAIGTASALNGVDLTVQLDGVLQKINFKANQDVKQGDILLQMEDSIQRADLAAAEAEAVLAQQNLKRADTLRTRGVGAVSNVDTTAMPANAAVALVKKMRATLAQKSVKAPFSGVIGIPKVDIGQYLTPGTVIATLQNIDIMRIDFTVPEQLLATIKLGQTVKVGSNADTLDFTGKIVGIDPKIDPTTRLVSVRAEVDNPDHKLTPGQFVQVRVELPEESNVIALPQTSIVSSLYGDYVYVVRPEQKQESAKASEAAKVQEGQKQVAQQVFIKLGRRSAGNVEVTSGLKPGDIIITAGQNRLSSGVPVKIDNTVNPSGNPADRQ
