BUR69,BUR,MTTHDLTQTAAPRAGRGRALCAAALALALACAVGAARAQSPQRDAPSASEIGHATQTWFALQASNREAAPAQPMIGEAASLAYARYIESFRTKIPAFYGSAAGMSGMSGGGGGGGGGGGAGYSLAPASGSQ
BUR58,BUR,MATYKELKARAEALSAQAEAARQAELQAAIEDVRAKVREYGLTAYDVFGHRKKPGERHRGAVRPKYRDPATGATWTGRGIEPKWIRGRNRDEFLIE
BUR56,BUR,VRHRAGFKHHVKRGEHPTATASDREHYAEFGDKMSADDAKHVETESIEAAVFRKAVCAGFDHKRVALALMKRGGRSAANRRTPTCQSGMAADSRNIGEARCARRLCSQSLLFPCPRGALETETLQGQSIVTNCAGGAYQFR
BUR130,BUR,MARPLYRIRQFAQSRVRGGKLFCVGACQVQQRVAGLFWLEIAYCSDRTGAEAAIRAAVIARRRARLKPRVLGLFDRDGQALGQ
BUR127,BUR,VVVSLALAPPSRADQFSPRQHAQREQFARSQANAAAPADARPNVPRGNLRGDIASNARARNNDAQRPPGDSNHH
BUR123,BUR,MSTLQRVLFLLGVAAWPAAGRADTLLPRTQAFTVSAQIVAGCGVAGGGPASGLNFGTLDFGAHPAVATGQVSAAVGGGALQIECSPGSTLKMTIDGGANASAGNTQRNLASGGARVAYRLYSDPARTQAIAVGQAVSLPVSGTITLPIYGALTLPGGGAPAGTYTDTAQVTLSY
BUR122,BUR,MSYKSILVHLDTSDRARARLETALTLARQFGAYLSAVFAVYTPEPTSFYVMAGTADYFADQQRRRDEKRAALERLFHAELKRADVEGQWIVADARANEAVPHYARYADLVIAGQTDPDDPETYVDDSFPDTLVLSAGRPVLLLPYAGMPSAIGTRVLVAWDGSREATRAVHDAAPFLALATKTTIVTVNGAAHEPPGARIPGADIALTLARHHANIDVRDLERARDASIGDVLLSHAYESGTDLLVMGAYGHARWKELILGGVTRTIFASMTVPVLMSH
BUR90,BUR,MHQERRKRNADRHGTHPYDADSRAAPREAPRFEHEPKKQRDAAQHEVDRDRAAREIRERIEHKARPDVRRAERPISQDVAQTPIGAAGAISPSTAHSIFLEIGLALAGRPIQVRRNRAPFTHGTPRRRPARGPTARTASPAPV
BUR112,BUR,MTTNQRESTVSLRRACASLAALALLAACTSTPEAIQRKTGWMRSEVADSYIYAYPLVLMDVAKEAATADGAPVNTLRHAQALPAPGAANPPLASVDMLDSTAWLDVADEPVIVALPDGRGRYLDARALDMWTNVLWSTGPSANPRSGASRARTLAFVGAGWEGTLPEGVTRVDVPARNVWLDVRIQTSGGRDLAAARKLQRAIRVEPLSVYTGDARGARADAGAASAEPASGAAASPVAQVAALDPPAFFSRVARALQDNPPPAADAHAQEILADIGVTAGAPVQWKGDKLIGAENGAAEARERLTALPPNALSANGWSWLGDSVGNYGQDYALRAYAASTQFGAGTRDDETVAVVKTDSAGRPLNGAHRYVIRFAPNALPPARAFWSLAPYTPDGAVPELGRARRSIGERDRLRRNRDGSLEIVVSAAPPGKGYASNWLPAPRADFELALRLYAPKRQAADGTWQPPAVVRK
BUR78,BUR,MTRTRFALRRVATALVVAGIVAAQAAHAQVTLNFVNADIDQVAKAIGAATGKTIIVDPRVKGQLNLVAERPVPEDQALKTLQSALRMQGFALVQDHGVLKVVPEADAKLQGVPTYIGNAPQARGDQVVTQVFELRNESANNLLPVLRPLISPNNTITAYPANNTIVVTDYADNVRRIAQIIAGVDSAAGSQVAVVPLKNANAIDIAAQLTKLLDPGAIGNTDATLKVTVQADPRTNALLLRASNAQRLATAKKIAQQLDAPSGVPGNMHVVPLRNAEAVKLAKTLRGMLGKGGGESGSSASSNDANAFNQGGSQSGSNFSTGASGTPPLPSGLSSNSSGGAGGTTGGGGLGNAGLLGGDKDKGDDNQPGGMIQADAASNSLIITASDPVYRNLRAVIDQLDARRAQVYIEALVVELQATTSANLGIQWQVANNALYAGTNLVTGQTGLGNSIVNLTAGAVTNPGGTLGSLGSITNGLNIGWLHNMFGVQGLGALLQFFAGSSDANVLSTPNLVTLDNEEAKIVVGQNVPIPTGSYSNLTSGTTANAFNTYDRRDVGLTLHVKPQITEGGILKLQLYTEDSAVVPGTNTTSANSPGPTFTKRSIQSTVLADNGEIIVLGGLMQDNYQVSNTKVPLLGDIPWIGQLFRSEGKTRQKTNLMVFLRPVIINDRETAQAVTSNRYDYIQGVTGAYKSDNNVIRDKDDPIVPPMPLGPSQGGSPAMNLFDLDKMRRQQLAPPAPASAPAAASDAGTASPGARP
