MAL2276,MAL,MHLLSFLSFIIWFIHCTAKRHEYSIKKYFLNSHNFCKIKPDPFRKDTLKKRLYSSDGIKDEIIIGTRDSPLALKQSEKVRKKIMSYFKKMNKNINVTFKYIKTTGDNILDSKSVGLYGGKGIFTKELDEQLINGNVDLCVHSLKDVPILLPNNIELSCFLKRDTINDAFLSIKYKSINDMNTVKSVSKTEDIHHINKKDSDHNNDTLCTIGTSSLRRRSQIKNRYKNIYVNNIRGNINTRIEKLYNGEVDALIIAMCGIERLIKKANLKHLLKNKEQKNICQPFLLKCNNKKCIDLCHVNIQKLNKNLIYPALGQGIIAVTSHKKNYFISSLLKNINNKKSEMMAQIERSFLYHIDGNCMMPIGGYTNMRNEDIYLHVIINDIHGYNKYQVTQKDTLYNYKEIGPNAAIKMKEIIGTEQFNKIKAEAELHLLNNK
MAL2275,MAL,INVGQRKIEELNLKVVTLRIEKEKFDIVELVNNIPNDIVDILKYKNIVICICYDYIYIINMMSYKKVVYFFNKTSYINEIFELMKDNCLFVDYTYFNINFSILNVHTKNNNIFLLNKKYMIHGHISKDLNDLIHLMRWNITYKFMATIKTSTFFTFSKYLYFVYSYDGIGGVSDICIIRRKERIKKNKNINKNEKNQKNENINIYRKRKNTNTFSCVPTKRPKNEHIENKFRQNGNPNIVQEDSSSYYYNDDNNNKYCVDITEKSDHIIPRNNDTTQMENNNKKEKKNNNNKKGEKNDNKREKKNNNNKKEKKKNNNKKEKKKNNNKKEKKNNNNKKENICTKLKYYKRNNNFLFDLLNYLNKNINVNEYTKELNNKKYDLLFQKYKKKIKILENHFSKINAHGNIEYSSPLFFMKKKKTKKIKNKIQDKNDKMNDHFNKVKDNILNQEIIIQETQEKNKENENIELINSKHKINNNNNNNNNNNNDNMLFFSKVDKILFKGILIDIHKLYDHFSSIYKCIYISHIGKKKNSTINKVFFEVPLVIKLDIEFLQCYIKNVHCTQVQDRKIRDKEYIKHYRRNNRKYKDTRIQYILLNVTQKDCNNNIEINDISKMNKLKNYPMDKVICNKKNDYLKDNEPNRHILLCINNIMFLKTKRANQYFVLYENNKLKRNLFLRQFTERISMLYKYDNNKEENLNHDDDNHMEDQNNSDLFINNVNDVMYSDDEVIEDKESIQPDEDCYNNYLCLLKEKDDDDEYVIDDTKRRDNMNFMDFNKNRFNNFSRDNYFCS
MAL2274,MAL,KSEKNIMKMNNLNGNDNNDNNYNNDNYNDNYNNNYNDYYNNNYYMDEGIMNSFDENTSIDFKKTQNKRQHEDFLVNSLDKRRKKKNFLIKNEQEQNYKYDEYYNEPNNNYVLNNNSHMMYSPYQNSVHPSYHVHKNIEKKKNQNYDDKVYKDMEYEYNDVNKKNRSLCRNNIRNNNNIISNDSSINYEYDTYEERNINELNNNGYDNINKGSTSYYNNVDYFKEIYTKIYENINVAFSSFLKCYYKCFLILNLKLYENNMFKKNIIRKIKKIIYFNNSLYSMLYMKKLPCNKIYNFVLNEINYNLFNKDIFNDKSSFFKILKEDIIIYQVYKQNENYIKNIKVDCKNDYKCNMKENDIIDKKENMYSKKKMDEDIYVVSKNLYKMNNPNDIYNILITFYKCMKMNENFDVSKKKKKYKMNKMEKNFIILRHTYIYIKKRICDEIENNNIINLFKKAKEKDENFITNIDYLHSLFDSRFCMITLNYSLQKLIINFLYDCIYFTMKYEKKKIYFSLINNMMNIYNMIFSIFYLRLNAFSDFSTNKLNTHIYNFNKKNIYSHDDTHIYNIFNWFSFINYRYGCSYEFINFVFTSFHVITNFLVNINISTEMSHRKYIGRKKNIIHISHDYLKNKQYHKNIIKNKQKNVYVEKKITNDEYIKYNNIYNKEEATNMFLLSSAHNKLDNKLEKYMKQQKRSKRNIKPERNILNNMYIDKIYIYRIIKQIQKNVNKNGVFKIHDNYLEQKLKMDMDKHYCYITNNNNNNNNNNKIYKHEKDKTKKKKQKKNKKKNYIDIYYGLMKNILLNLNMNNEQNIIHNSIKCKKKLWRDFLTNESFNKQLSNILYKNKNSHKILNKIHTYLYFNVSTNHYINNNNFSYIRRCAKNIKLLNYQHFRFKNSKHNKNVEYYHVIKYNKDMENKLILNDYIKKYKRIVRKYNRLKKIKREIKCERNNMSVFTYVALINRSYNKLYTSICPTFSHILFLLISIL
MAL2273,MAL,MEEDSFKNRLLKRNIDIWIEKYRPEFLDEVVGNPFVINTLKSIITSGNMPNLLLA
MAL2272,MAL,KYASEDVQKILIGNKIDLKNDRNVSYEEGKELADSCNIQFLETSAKIAHNVEQAFKTMAYEIKNKSQHETINKGKTNINLNARPIKDTKKKCC
MAL2266,MAL,MVNKEEAQRLKELGNKCFQEGKYEEAVKYFSDAITNDPLDHVLYSNLSGAFASLGRFYEALESANKCISIKKDWPKGYIRKGCAEHGLRQLSNAEKTYLEGLKIDPNNKSLQDALSKVRNENMLENAQLIAHLNNIIENDPQLKSYKEENSNYPHELLNTIKSINSNPMNIRIILSTCHPKISEGVEKFFGFKFTGEGNDAEERQRQQREEEERRKKKEEEERKKKEEEEMKKQNRTPEQIQGDEHKLKGNEFYKQKKFDEALKEYEEAIQINPNDIMYHYNKAAVHIEMKNYDKAVETCLYAIENRYNFKAEFIQVAKLYNRLAISYINMKKYDLAIEAYRKSLVEDNNRATRNALKELERRKEKEEKEAYIDPDKAEEHKNKGNEYFKNNDFPNAKKEYDEAIRRNPNDAKLYSNRAAALTKLIEYPSALEDVMKAIELDPTFVKAYSRKGNLHFFMKDYYKALQAYNKGLELDPNNKECLEGYQRCAFKIDEMSKSEKVDEEQFKKSMADPEIQQIISDPQFQIILQKLNENPNSISEYIKDPKIFNGLQKLIAAGILKVR
MAL2265,MAL,AKEKFREFCSDTNFESEKLKTFQNECWDYLNMLKRQTIIHNLYHVDKPLVNK
MAL2260,MAL,KMMITCDFFRHGFDGSGGDNFNEAGSCIDGRLTSAWNWCSKIEKKKYFPIFLLTGFVGFDGTF
MAL2240,MAL,LIPIYGNIQQTEKRRNKKILEDNRKRKKTKKNKKKNLPKKKKKIIKKKNKKKIKNNNNNNNCSSNNSYKMKKDFFFREGVHKNFFIKILNIIKIKEKVSEIVKNKNTIYKKLVKKINERNYICIEKMNKKKIKTYEYYYNIFINLLKTVKHQDQIIMNILFSMLKNINDHLNLFYKNICLCIPCKTSEQINVQNVMKHKIEILKGDTSLFHHSNNGNIRHINENEQEENYSHLKKGDVGIMDISNMDMNDICVYNNNEFNSNTIDNHIYSNDVQGNSQHDNNLPGSNSVEYNPYNDKIHVDNKYRDNKYRDNKYRDNKHKDNKHDSNKYDSNPPSSQALSTDPPSSNPPGSNAYSIDPQNNNPYSNNLYSSNLYSSNLYSSNLYSSNFYSSNLYSSNLHSSNLHSSNLDSSNLHSSNAPKSNILHSDKFNYTLNIFNDEHIPNNSVCTKDTSNICCNNLSSNTSCSNNDFNTNVSSIMDEKSMRLDNSNSILFDMNNKNETCNKIKKSSEYNSIFEKLNKNEYNKKDKCINCDSLLNEDIIRKRKMMLDNFFNIDKYYKKKNERTNYLIYDINILKDYLYIYLKKYFDDIILLFEYFFSMSSNFFYNDFVNKTYKDTRIIESRECSNTYINICRTEEILENIFSLSSYDNFHIYNNNDCDNNSDNNNDNVLFRTRDYNNYVFIKRMKYFINNDIIQFINKGMNLINNYVNLKIYNVEKSFRILFRLLKVNNCKDPVFLFNILWSLILKYSKYCRKKLIKKRTINKLSNNVNKNEIEKDFIFEKKRKMFLEKFGLNYLTTSEGIILYLKYIARVCSDRNKDNDMDKDNKDNDKDNDKDNDKYNDNDKECSKYGMFNIHKNNSYLYKNRFYNLLSRKNEKTNDTYDTHVLMRRKNKKGEEVDEYKEEDNNENNNNDDNNNNNNNNNNNNNNNIDHYNSDGLLKDMLNKLMQ
MAL2229,MAL,MKEKNEKIMDYLSCPLDDVVDREKKSGKNSLLKSSSTKKSDYKKSSIFSKKRDSHKKGSSFRGRRSGFINRKSGSFKKPYYNNRLINKNYNNYKGRNFHNGRDNFKGRTGSFGSRVFDNRKGSFKKRFISNRNKSSVKSYRGNGSNKMGRKSFNKAPTSRTVVTKRLNNYKTVSAPVKKFNNLNISLYRKNRTFALNTKRSKPVGTIKSSVPRKRIKKGLKKGSLKSKTRKSTSGSKFKPLNKYFLSKIKIVTSLNKIPSPLKEQKNTEVNLPESLNNATTKKN
MAL2223,MAL,GMYAPCDENSIIGKFREFYSLKNVNYQEQIENMSLFREQAYYINSVIEEIKENYSVDKRPTREKEIFIVLDEPCIATTPVDNAI
MAL2209,MAL,MKTKYKTLMVNIDDNDLGKRGNKIKPKHKKVEINLNDNNLSNNESKRKSRRKKVKVNLKDNLAKREGKMKRRNKKEKRRKEKDNKKMNELKLKREYKESYLLDNKSDMDVIRNDKFSYFTLYKNNLFPNSNNYFLHMLKTYDEENKGIDENTDINENVEENEYVDKNTEGDKDGDEDKGGGESEGGDGHGSAGDSAGGDRGGDENKDKDNEENKDKKGNKDDDDEEEEEEEEDDEEKEEKDEKDEKDEKDEKDEKDEKDEKDEKDEKDEKDEKDEKDEKGEKDESKGEEKFLKEEKMPKKEENMQDKIERDKEFEGFKDEYFTQMEGGAYGITVEHEGQKLRETLTEGVEGYEKVIEEMEQTKLDEFLLPTNEGKSDDFVSEMEEERLFNFVSYMEEEVKDKMFIEREQGTEEEVIHEDLSDEKIGIEKKELETFVQDVSDEVLQDEQLIEEEKLTEEEKLTEEEKLTEEEKLTEDEQLIEEEKLTEEEKLTEEEKLTEEEKLTEEEKLTEEEKLTEEEKLTEEEKLTEEEKLTEEEIFIEEDKISPKEVEEPLEDVLMEKMEKEYKEILHEGKSVVTQDMDEKLLSENLEDDLIPEEIIEELVDEELVEEVTAEEIVEEFVAEVEIEEKIPKELVEEVMPEEDVDEVVPEELVEEVVPEELIEGVIPEELVEDVIPEKVLEKVIPEEIIEELVLEEVVEEIKHEELVEEEIPEEVTEEVIPDEVVEEVIPEELIEKVVKEELVEKVVAEEIVEEVVPEELVEKVVAEEIVEEVIPEELIEEVITEKPAEEVIPEELVEEVIPKEIVEEVLPEEVVKEVIPEEVVEEVIPEELVEEVIPEEIVEEVVPEELVEEMKPEEVVEEVISEELVEEMKPEEVVEEMKPEEVVEEVTPEKVVEEVVPEELVEEMKPEEVVEEVISEE
MAL2204,MAL,IHFEKLFCHGYTTNEFILKYLKKIILERNMELRNICLNVGNIIINEKKEYSITIKNVSNKIVTLNYILKNSETNDIKLVHEHKEIDCNNSIIFRIIIQKSSGIEYIYMEKVYIYINDNNYYSINLKYHFIIPDIFLYYKQLRFEGVELKTCCCKVNRLINTKNVNIKFKIKNITFYNKKLEYYHLKKKKQFFIYPNKGIIKKNSFLDMKIFFEPSNIYTDAKIQIEIFIYNSNFVKNIIIYLSSIKHNMNIDPCDIIIKPLLYNSGHSYQMIKINNLNNYSKYLFIYKLDIYYKYFQSFIYDLLNIHKHIYIEKNHENDFFYTNLLYYLMDIYINKMEYIDNQYYHNQQFYNKDIYDGNLCQTNQNMILCKDKCNENNVIHNGDIKYGNQKENKTKNKISNNINEKKNKKLKRQNDYLNIPNNIKNIQKDNINEATFQQQCEQKKENIISKNNIKDTNALKKKIHILEDIIKKNQTKYNYFHEYLNIIKVKKKKFKDNYIIVSPKYLDHKKIASYLSEYKNNQEFKEKNGIQINFNNIETDNNHNMNSGDIHSNHFNNYIEEYKSIACNNKQYSQQNVNFNNNLLTIDKIFHWCVELNEKENYPLKTKSNFIHYLIHEIDLKNNKKNLGMSNINEHMKSSNKTNNENKTTFGNHQFYYISDILNMNDKRKEKEYLELNTNITINNISKNVPTHIYNEKDTCNIKDTSDDMKNIDNINDTSCVSINKNNNFMEKKKKFINIYKNKIKKKFHIKNVKSKIDNNKHITYINKKENKYENDTMKKKKKKHYEVDSFLSDEKTFFYKYNLKYKYEYLKHFFHFALLNDDEFMNNIKSFLNETILSEKKKNKNDNVIKKKNNMVHLLEIILKKLLLSPNYINGVVFFFKKNEYINSEMFFNIFLNIHIDQNIFIIHLNPIENYEEYININLTGDHVLKEASEMKTKAVKDVVYKDEKEMKKKSESFEVQRIKLFYEKLIKQFQEKIKSKLNEKEKIEKIIESIDLNKGLLI
MAL2202,MAL,NDELLINHDAIMECGKEVVKNNQHMKSKNNLMIRNEYTPNQGKLIMNENDKYDEYIINQDVLKINNMKACDYYNKINENIHPIDYIMNSEIVDEREKKINHNQEYVYNKNGEPIDTYDNYEICKNYKLINKNRFINNEYYKNGIVTLEQNIQNVEGTTYVGSNCLSTNCVSHCLANHCLGNHCVGNNCLASNYLASNCLASNYLTSNCLASNCLASNCLANNCINNNCVTNSCINNNCVTNSCMNNNCVTNNCMNNNYLNNNYMNNNCMSNNYMNNNCMSNNYMNSNCMNNNYMNSNCMGNHYIRNHCTGNNCIGNNIYSGGYNTLRNYISNNNNNNNSSSNNNSNSNNNNNNNVYNYSSVNNLNNVDNMNNSRKMIQHNISSNMGCTMKIINKGEKNDIHICGEKYIYNNIKQKKDTLENSLQDEHVVTYDGCKNVLSNIYHENSVVHFNKGNESVEIFEEMNNNNINNNIINNNNNNNNNNNNNDNNIIHYSYNNHNDFNDINRQDNNGDNKENHKNMHMNNNCFYYNNNNNYYYHHCHNNISNEKDIYKNDKKNIEKKNNTNENIQMNNLIYNMSKMSLNNINSHMNNRNRRLTTCLPIEQKTFINSYHMNNKNAEKNIHNLLNVNIQEDEQDEKNVATNIEHYKEDISHNNQYNNNHNYYYYNNSEGDLKKYFILNNKYLIENANKYNNQYIISRNCSATINDHLIKNHEMKNNYMDNYEI
MAL2200,MAL,IKKAQSLQWGDHIDSVMSSGLRKGQELFHVFLSNGKKIQTTYSKKKLCDRLEYYHIKNYIILEKINTGSVGQVHVALDKSTD
MAL1798,MAL,MSDLRYFQTTKKGEIHELKEELHSSHKEKKKEAIKKIIAAMTVGKDVSTLFSDVVNCMQTSNIELKKLVYLYVINYAKVQPELAILAVNTFRKDSSDPNPLIRALAIRTMGCIRLEQITEYLIEPLRRCLKDEDPYVRKTAVICIAKLYDISPKLVEEEGFIDTLLDILDDNNAMVVANAVISLTDICENSNKSILKDVINKDENNVNKLLNAINECVEWGQVFILDALVLYEPKTSKDAERVLERILPRLSHANSAVVLSSIKVILCLLDKINDKEFIKNVHKKLSPSLVTLLSAEPEIQYIALRNINLITQKLPNMLSDKINMFFCKYNEPAYVKMEKLDIIIRLVSDKNVDLVLYELKEYSTEVDVEFVKKSVRAIGSCAIKLPQSSEKCINILLDLIDTKINYVIQECIVVIKDIFRKYPNKYESIITILCENLESLDESNAKASLIWIIGEYVERIDNADELIDSFLENFSDEPYNVQLQILTASVKLFLKCSKNTKDIITKVLKLSTEESDNPDLRDRAYIYWRLLSKNIDVAKKIVLADKPPIQEENKITDTKVLNKLIKNISMLSSVYHKLPETFISKKNSYSLNSDNNNDHMQDDHYDDDDYDKDNHVLKIKKQMDKQKYDSYSSDNKKSNHSKSSSDSYNNSSDEFNNDIDDADDSKKSMDLIGLNDDESKPQKTIPPVKMVQVLSSEDAGLKGQTGLSIFASINRIDR
MAL1796,MAL,HMPSENYLMKNEKKDKRFMKNRNKTNFLKYPIYNNVNNISDISKIGYHNMMYPNVNNFPSTNYQPLA
MAL1791,MAL,IKTPSQIKKTTKALKNSIITLIKDINGNHVVQKCLITLTSHQCDFIYEAILNNCVEVSTHRHGCCVIQRCIDSANEAQK
MAL1789,MAL,MKDYYMDKIKKNINEIKKYQNINILEKTNETNNAFFYENKNVTLKYNEEQKYKKTEDIISNISTDKKDIKNNNCNNISNDEYVRIENGPKNNYVSYNNNKIINNDNEKYDNIYNNYGSVIHKLNVQDMNNIPNQNYNNNVVISTKKNKNDVIYNIPYNTNSFIDTKQNMNINNDVGTKYYLDNNKNGYIMNENINYDIENKMTNTLNDINKCVHVNRNDFSYYLNIKDGNKIEDDNATYTHYINNSNIHQYDNTTNNTFYNKKCDEQYYDKCESGTRINKINEKYINEHFNNNGSDGDNIYFHKLLSHKNSNEKKYVFQEKIEKRNNDKYKYCYNDKDKDISSYMVNKENYNGNKDLDILNNYYQMKNNLLSNKNNIYIINSNNQKRDLSLQNKEDEKIDVVKENCVQTFDNKKEKKKIYIYQQSFNNNNNNNKHFDLNENECVHKNDEQIIRSIYIQDNTQHIYNDMCEKQIHYEIKENNQNNVLINDNAVHAEEDICVKNSCPISLLSSHDIILSKKVKEYFSGSENINSQSYQCDELKKENFIGKHIINKNEINDNRPIEFAQVEKNNLENKYLHYPNVFYTNDKINDKTLQEEVNENCIKKKIICDKIKGIEKLKEPTNSILLNKYNKYDLCEENKMGNNNSHVIKNIYNKEKKSFNEEDKGIIQNENANLYYNYNKQFPNSEENFHNEHKKQYNIPRNNTLRLLDEQKENYQKNDKKNDKKNDKKDNENEEECKFPSFSNFMSHEEKYKNDNIMPYINKASNDSGNSNELTNLNKGQAHKNSIYEKVNIDNDKVKKKNLHSINDKKIKINKTFMNEKDM
MAL1786,MAL,NVCTYDPTLACIVPLDSIYLRSLCESVRSKNSNDTIKEPVLKNKVFSLPNEKKLTKSEDICDNNVNCIFKFNEKLINDLEKYKVSNENDVMAYVKSYSVYNNNNNNKKDDILDTKIHNIGKNGEDIIKTMEILWLEFMENEKEKYYLLKGRLYKYNNKFKMENKYTDEYFPRKKWNNYNDLIYKGSKDLEEKLNKMFYEWYKQENLNLEEYRRLTVLCRTGWKALYNYVENICKEIIHSDLDIIKNKKGSNMKKGLYNNEYKNNGKNIPFNTSSSIDNKKLYNSFGKFENPMCFNYEDSLTTSCYIDENKSDSSYETEENVNYNNKMGKRKNLVESQIVGKSNNIEEGENVEYLKNNKKIGDDEMLQDYEKEKLKKKKWTEKEEQTKKVNYSEKVNHSEKVNHSEKLNHSEKLNHSEKLNHSEKVNHSEKVNHSEKVNHSEKVNHSEKVNHSEKVNHSEKLNHPNREKHSQKEKHTEKDDKRNNFKKNNDVLEIMDIIRYDSSDEPENSKNIGKKKKKKKKNIFKNFENVANSRGSKNFKNVFSRNKYTLEEEVNSVCKDGFNKKKVLIKVNMLSNSDDNTSISDDNSDTCVDRTYYDLLNVEPDASFDEIKHSYRKLALQYHPDKNINDPEANEKFQKINEAYQVLSDENRRKMYDEGGMKATENMFFIDAATFFTMIYSSEKLNKYIGILKITTFVQILYENKISADKLDNSKDLIQNVLVNDQIKREVELAVLLKERLQPYVDGDENWVDNMRKEIKGLLDSSFSESILYSVGWVYKNISSRYIKKMNSILGLKAVRGHMQAYLRCAENIYMGKLAFNKILQGFNLLSGLEGEELSMKLGDIICDALRLMLWDIESTVKDVAKRVLRDKAVRKKIRLKRAEAMLILGNLMLEISGISGIDFIHYKVDGMKIIESALMKSIQFSENPEEN
MAL1784,MAL,EVNKIIEVHDNIPSPIIKDYYNKRVNVHYNDRYKYPVTSINDVNENTYRSYRDNYHIRGNNLRNKFTRKRGGGYSNASTNILGGSNFYRGSRNYDYKMNMDRRNYNPSYNYNKFDFRE
MAL1778,MAL,NHINSFGIIRGLQFSSFVFQYYTIIIDLLILGLTRAYDIAGPYNDVNQFLTFQNVQIETRHPIRLYCRYVDKIWILFKFTNEESKDLIQKFLTENPDPNNENIVGYNNKTCWPRDCRMRKMKHDVNLGRATFWEIQNRIPRSLTSLDWDHYNTFVSVYSKDNPNLLFSIAGFEVRILPKIRQLSYGYNGIMYTSYMNEYPRGVGTKDETSKKNGLLHDDEKSKKVGSLKDEVTKGKSHVDKNEENSDNNKNDNKNDSTHANTHDMVGDNNYDGGVKNNFYNSSGGEKNVVVSSSVKEGTWKLQNEMTKEITAEAYLKVSDNSMKRFENRVRQILMSSGSTTFTKIANKWNTTLIGLMTYFREAVLDTEELLDLLVKCENKIQTRIKIGLNSKMPSRFPPVVFYTPKELGGLGMLSMGHILIPESDLRYMKQTDNGRITHFRSGLSHEEDQLIPNLYRYISTWESEFLESQRVWCEYALKRNECHNQNKKITLEDLEDSWDKGIPRINTLFQKDRHTLAYDKGWRIRQLFKQYQIIKSNPFWWTNQRHDGKLWNLNNYRTDMIQALGGVEGILEHTLFKGTFFPTWEGLFWEKASGFEESMKYKKLTNAQRSGLNQIPNRRFTLWWSPTINRANVYVGFQVQLDLTGIFMHGKIPTLKISLIQIFRAHLWQKIHESLVMDICQVFDLNCDLLDIETVQKETIHPRKSYKMNSSCADILLFANYKWGISKPSLLTDEDHIFTNNTLGSTSGTNNNIMLNSNMINSGSNNSSSNNMNSVSFGSFPYTSNQFWIDIQL
MAL1777,MAL,MEGIRYLSCNKILYKRTGSTKTLINSLRKRYVHNNFKKKTCEQVLNTVNKLHNEKRYFNFSCSFTKSSRWNICMNRHNSRFFSSNESNKNLYLENYANIRKHINSIDNEESVIMNILKEKTYECIKKTREQLKEIIHTYPNTPISICTPNNVIGGLRNTITLITDTSILEKKKGILFRGKPVEKILREFPKWDNTCEYPMAEAMLWFLLTKEVPAVDDLKLLSRELYCRAKKIPQFVFDFIDNIPPFTHPMSQLVSTVSFLESLSLFKYKYSEGILKTDYWKYILEDAISLISQIQVIGAYIFKRTFINNDIRKGEGMNLDLDLDWSANFAKLIGYENKEVQDLLRLYFLLHSDHEGGNASAHVSHLIGSTLGNPYLSYSGCVIALSGPLHGLANQECLKFLLDIKKQLGDNQLTYEFIEKYAKNLLKSGRVIPGYGHAVLRVPDPRFLALRSFALSHFPDDPIIQILEMCYKVIPGILSATGKVKNPYPNVDCSSGSVLHHYGIKYPEYYTVLFALSRSIGVMSQLVLSRGLMYPLERPKSVDIYNLRKICEKNYVKIEEYE
MAL1776,MAL,MEWNKNFQTNSIFVYNFPNEWMENDIKKVKKYKIITNKNKNICMYRHISVNLN
MAL1773,MAL,DDITKDDKITQKQNHSIHNTNYKFNVKKTKNGAKYNYEKAHNICNMNIKKVENKNNNIISKTIRKEKNSKANNINSNLRLINKNNNNNNKKCKTNGSDSINSSSVCANSYRQNNQTQKNNSEIDEVINLQLKKCGKTFDNSNHISDEGYASLYKTKESNIPRDSIKNLNNEYIHKEEFILNQNMNEENDNDKDVCYKKDFKDLEKDIYTPYNFFNNSNNFFFNNNDFVQNDLNYYVNYYNKENQEKLNNIINCNNLNNTHSSDVLHLLPFFDHNGPFEYVKNLDTKKNDINISYHDKTMMENKIMKGHISDVNTNNNINVDYSVDMSLNNNENNINKKFMNDMSSNISMIHTLYGNKDLHHENTKIEEHKQCNDHEYFEDMYSIEDININASKKLFLFSYDMKDIWIKKIYKLFYNMIICLILYHHSFCYITMNIFGGKYFQNGKNIECDVNMTYGYNKKDDINKNINEDINKNINEDINKNINEDNNNPHNYQNKHNLPYVESHNYQNKHNLPYVESHNYQNKHNLSYVEPNNYALKIKRQNIKSKIKSKFYECLLYIKEEEKILFYMCADIIIYLSRNNFYDFINYSIDVLYKLLFQYPQIFYIFHVLASLKHTSVIFSKVCLNYLIKKFKNYLHIKNKLNPLLYYNHDVRIKLEGDIYKKMFKYKYMSPYECLLSISSSSKVKKCNIIDLHEKNNKIKYYDTTCCTTQKLYDRKYEYNNVINLPYCNDERIKSSYNNVNDCYNNKKRHKKINRNIKNLLPPLKYTNISKHYLYKKSFKQCNINMKDRNKYIKINKAKKQFHICGDFLDFPIFEEYIIKKEIKRENGKELISPYKDLHNLYFNKCFNDDPLNELNIKDNEYMNKNDKWLNNMMICLKEIKKKRNKQFFFHDLSKRDFLNSKNFVLNKKRININININNGLFKDETCCLNRCTNKRIINDKKL
MAL1766,MAL,NGSRLGGGSCLGKCAHVFKLIFKEIKDNIFIYILSIIYLSVCVMNKIFAKRTLNKIGNYSFVTSETHNFICMIMFFIVYSLFGNKKGNSK
MAL1765,MAL,DNNIFNKDINHYAHILKDGKEVGDNENLLKMQTSEKSMLQHKNNEQEDLLKKDNYLNKLMIEKKKNQDLCKYENINKLGKFVFATVHEPRNLITLIKNKDIDDHNVIIEKVRKLIESEIYHEEKNHIVNNDASIKKKKDNVINTYNHIYNVDKKSNDNLCKDLTYDGKGENGKNISFTCKKKYNNIIIKKMLENLWDLYIDIKNIYKDIDKCPYTHIETINKYNEEIKKKKNNMFQFIFLNKISDNTITSSIKSIVDNNHMFLKKENITNLDIIINKYIYLYVTEILKSDMEEQLSTESYFPNMDSLIKSLNFVKWKEIKDHMNVNKNVSTNTNINVDKNGLSKNNDDSSIGLSNTNHILSNDNSEKGKENQKKKEKTKKKTETDTDTDTDTETKKNISNEENSGDVKNNICNLFLYNFPYQNNIKELNSYNMFGKILLYNNKYNYFNFDKYNNYDIFLPISKEEKKKKGFFFFKGGNNNNKICTSTKDNDDDYNNGNKNDDSNNNINNIKVHNHIDILDIDKDQINEELIRIKCSYYIFVHSLLRYKGASVYKKIFKVIKKKKRRTLIYTFFTNFFLLYYILYHADQCFDNKLEYEEFLKLQLLHINSNINTIHKLLKNEKEQNKVIKYQTNISNNENNQSLLNIRYKLYSTNIYTSLYIYLIDISLSYLFTPNMGISYMQDILSLFLFYNYICLYLTKILLYK
MAL1763,MAL,LNYSTCFIWEENVDNNEERSSLYYLEEYTNEKEDIKVYTFYFYKYILIYKNFKKSTCTFESKNNEKLYISFRGDTYYKEYNCNILLDSCDFFLHTQSKINITYDDDVWQVSEELYDGFVMYNGTYVSLYDVLSRSNAHGLIYIDGKENNTSINLNNIKNNNNNNNNNNNNNNTSNNNNISNNSNSNNSFGEHEKVITIIIPYGIPSTRTIKIEFLNKQNNEEKRWAYLRLQKNEYIMKKVIGINSSDIFDLSYKYYKYNQEKIKFILNDFSETTYLGFICQTKEEIKKSLCTISLVDHSHKNMAINNLFKTNNHILPFLYDQSPPRKIQPYNQIISEFRFVLFKNFHLFLQENKINYILLKCMCSSSSSYINTQKNIELSYLITNEQVSHDFIHTPGILIRPRTNISHNDYQKNNKGNHKGNNKSNNKSNDKDSNNNSNNNSNKNGNNHNDNNNNNQNKDIDINSNYSIHNNNEKVKRTKKKINDAPYDKQDEELPSYDFNDLLHEKKNGTSVFDFNFVLFLFICITFF
MAL1744,MAL,MRRNYNYEIIENEDDNSSSCNNMEIPYYEPKYTSLNTYCTVISKEQMYSEKNKNKNNNINNNNNDNNIIMYDNNMYNYHGYHTKTGSYPKKIISFHCDPIILNFSKDILKNVLIFYNTFCYFINNCSKNDDTGNDSNMIRDMLYYLYNQSSDILFEYFLDDIRLNCYDGNINRNVPLIVVSLFNLKFFLQKDIISIYNFLNFYLNIDIYDSYKILYDTLLEKMEIYLTFENNRNKLNILNLTLETSYINILYTNKSKNILINFLEPILNKNFYYFSSSYYNNLDITKNKRRKRSIYHHHNHNYHHECYENNILIKNTKGKSLVTHITSKIFNYTGLSINVRFKQSLRNKIQNNSLNNKNKNKYLFYELQNNEHGALLNDENGEVCEVVVIIKIFNYIFEIIDIERNKNTCDIRFLPIIYELKKFNEKKKITIKKYDINYDIYNEYSLKNKVFKTFIKLYIQTNIDEKGIVSIYFSSNLFINNSTNSDFVLLFHPVLYYFMLFNEQSTNSNTNNNINNNNKNEDNMVDNNENNDKNNDKNNDKNNNENKDCDSVHNINNVESDSPVNINFFKNDNYNNNYHNNYHNNYHNNNDKGANITIINSNERYFLPLISFIPIIILYDYLKKKNEIEENNYPDKYPMNSKNSYVTPVSMVCDLKGSFSADIKKNNFIKRFNSLNYNMNIHNGEEEEISKQNEANDMLNYTHVDN
MAL1741,MAL,ALEVYMDCNEKIDSRFLKKVDMNIEKNKLERCFKFLRFLIKHKEKHLSLSELIDPFK
MAL1740,MAL,IVHIMSTPTQFKIPDWFLNRRKDLKEGKNIHVIANQLDSYLREDLERMKKIRLHRGLRHHWGLRVRGQHTKTTGRRGRTVGVAKKKGA
MAL1739,MAL,GYITKFKDFIQNKSENYMTTKDKTSEDKINDDKSSDDKINDDKISDDKISDDKISDDIKLNEEQTSGDQNYLSDANKEKEKIIFSDGTLEKGNLDKSNMSDSEGKLDGNHMKNNEDGNLSAENVSSDEKKIYDKSKDDIFLDDKLKGNHFLDDKLKGENFIVDNLSYNSNFYSRKKSFSTDNLATVKKASPGEYLSDDEQSENDSIFRSLEDSSFDNEIGSFYQRRPEGYFSNDKMYDSDDESLPKPQTNDLLALKGKPKHEDISPSGEELQYDTCSTHSNISDVHSEPIISQRDRNFQDVTIQNNINSNSKETQSVGDDIKTYDIHENSNKSNFVIDEDKKNGKEEDLNTYKSLSFLPKKMVVGQIVQEWEDMFIIDWLLGDDIFCVIKLEFFDKSINKKIEMEYLKVLNGFTLVDNKKLPIIHTGKKELTVKANIFPYYSDIRFFYHNENIDNSVVHTYNNEIFENELKSYLLLVHHLINARNSPCRNYKNVKYFYNEDTFNLSHINFISNKMLSITYECALQVLNWEIPYGIVKKNDNCISKFVFNNLQHKINKDIYPYAIQIKKLDINNSIDFAMDNREFIQNYVDLKYDILLKTSSKLFTLHTLGLVHSNIKADNFLIEYLNKEYYELYIYLKNFNNIVEEGKCNNFKGSSVYMAPEKLKTYFYHIVNKFKSDVFSLGLSLSTVLIENGFFLKSAAKRKISLSLDKYALNIIKRNPMVYLWIKSSNPFKKKRFDKSKHRSYKKVSVHIMEKLLSNKYVYKWIHNRSPSFDYAQAEKHMQLLEKHVPQQFITKESNIKINKIEDNKNVYNQNIQNKITYDKNMEQTSEKHNITMNKKRERVNFVDACTVHSEDTKKNQDTFNFPSKKKHVYLLDKEKKDYDSTLGMNIEVSFSQLSTISDHSTKQNNVINKNDIKENSGDIKENSGDIKENSGDIKKNSSDKKKNSGDKKKNSGDIKKNSSDKKKNSSD
MAL1736,MAL,MYKPNSTNNTTLSLLLYNDIIQYWIWFFLKDEKENKNDSVHLTSQQSLDLHNVKLYNNTFCGLAKFDNYSCPYFYPNIRIRNNNKKEYSGIFTKRELTGYGQIQSKHFIYKGYIYRGKKNKVGKNIFRNKNNSKLIYKGSWKNNKRHGYGKIKLYNNNNNNDHNDHNDHNNDNNYNNYNNNYYYYKKKKKIYLYKGYFKNNQRYFYGIQYYKDGSYYVGFWKKNKKWGYGKMTWIQKKKSQINYSNSDDKKIKDIQNNEMSYINNKVYSIKNEDNTLYNKKRCSFFVHSIYVGQWKNDKEEGYGKFFWFKKRKKDINKNRIEPFDENINTYDYKDDTYRNNNSIYHNGSYDSYEGYWKKGKRFGYGIFNYYNGKKYIGIWKNNKKHGYGYLINVNNIINLCFYKQNKLIYEFAINKIYELNNLYTNTLCNVINLSYFKNYYNIKNKKLENLYKIIYENFSFLIHIYNFYKIKNTMNINSNTYNQYIKKKRYSKNNKVYHNSFTLLNLWNMFYKSHIFDVQFSRHSLNNLVIDQLSGVDEGRENYFFQQNEDATENFCFLFNEKDFIKKLFTSFDYLPNISTNKNEHEGEHKGEHKNEHKGEHKGEHKGEHKGEHKGEHKGEQKNEQKNEHKGEQKNEQKNEHKGEQKNERGSKRLIHKDNISIMNTPNNFIIHNNTSQKSITYDTYNHKTDLCSCNNKIQNIYSRNYLSCLYQYFIFNMDLCLLKDCTNFYIYHFKHSFYKQANYILLKNILFFIVKYNNVQKENIHFLYYVLCSMLITTIPLLYPFMDI
MAL1730,MAL,KNKYDNNEYSESEIKMRAVDNSMNYIKRKVKKKNMESKDSSNSMSNMEINTNSTMANRLNHMQHIQHDGISSMEHMNNKINDNNNNNNVNYFFDGNNSNNNNNNNILENNNKLYFDKGYNGNYSKIENDQSFHNILMKYKFKLKQNLIDAIIKNHELYFFTNNCEYIIFLFYNYHLLIEKEKLNKSCFYFLKNILNNCTCENKNKFYFWCFLFLHIIRINFNKSLLKNYKIKEAGDDTDDDDDDDDDDDDEEEDDDDEDDDDEDDEEEDDEEDLGVDGLKNMSSKKGKKKKKKSVHKNKLMNKKYGRGGSSKYYYYLTSDKEIMLHGGMMGGVNYSDMEHDEDNLDVDDEDEQMFSYNKNKIRNKHFGELNKMKYMNEDITNNNNNINNNSNNNNNNKNNINNNNNNNNNNNNNNNNLNNLNNFNNNVSINNGNNKYRNYFRSTEEELLFNKRFVEFLLPYSNNIAKYIFQYIKILKKNKKFIKLFFDINYLYFFCDNMFCLKILKKSLKCKDNHELTINVKVILEYIINSKTNEYHIIHSNFYNLTHDVFKLYNRRNNLINYYLIKYIMRNKENLSYIFDNIIISMFDLITEIENLYEKIEMMKKDLSYSMMNNNDHVYDPNGMIEAADQRKSHYVSLKDNMNNMNNMNNVNNMNNVNNMNNVNNVNNVNNVNYHNNTINNNNNNNNFSNHTSYVNEKTQENNYHNLMNTYEKYLKKLKCKFDYISYFFLNMENFMLWLYKHKISKKIYHSRNKMTLTNYEKNMAIIICYICTEGNINSFFFRNYLDVFFILFLKIIYLNENISELNNSANNIIQKEKNNLKHNSLLEFKRDTLSMLNNIFNINHNKKFEYMKILNLYYRQIIHHLLFLYYYFTVKKYYVLQLQLVHFIRYILPLYEKNIDKKFLTNESTEKDKVFKRMKYNNYEEFISASKYHFEIINRNNYNMKNDVFIFSILRKSMTIIFNLNEQVLYKEVLKTIIDLIENIIDEKEVKNYYLT
MAL1725,MAL,LNLYTKGCENDDANEDVNDEEEGSYDSSSDSCEDYESTDDTHSIDERDNLNYEYYFKYNKKKKNDSSSIFSSNKFVGPFLRNTECVIINLIKNSCTSLTTSLKNSNVIHLLKPGDFVFDEKYKYNFSSKKTNEIMENYSITDGIMADDDITNGSINNNNNNNMCNKGIYDNTPTKQMVDKYVSKNSMSTNKNNKSSILNKENIDKINEWERRNEEMIKQTYIACKYRLKNNYLPQTSLVENVCEIISPMPNYKILFMSSTVRIINKCGIPLEFCFFDGSRNPILLTSLENRTIPINTLYPNHSDSFKNYKVSNSLNINPNIKLRQKNNNLSFTVILNHEYLLSAPECVFCGPSHVYMSFKPINVITAENEYYDIIAGGPTTNIANNNNNNNNNNSSSSSHNYYGNKSNINDLLKKDKGGSNDLIDPMSINIENGWSDIFSSDISQGTYVKKCKYKDMNSFMSNINKSNGSGNNFFYFLVKIENKISALPAEKNLKIITIYPHVSVVNAIPAFVDIIITSDVVEEKQNDYMYEERNKIDALKNKRAKLLKQCEDINSYLNKMNSSKYGGSKIYSDSSSRVKGNKDNSNSSNSNNSEHVYMQELNKLEREIYHIDEEIKYKKKELSSPLVKGYVNRRLNPFSIFYIYEIKKYTCLNLKMKIGNSQCEWSEKLFLVEDDEESVTRFSLHFKKYASVEVEIIKNFSGYFNSLSSILGNKQLYIFSLPRCFIDRTGLGIKAINSNKYYPVINGITLLGDHSQIDLLLPHKTYTQPNNNVNSGNNNVEDDTYNYYSKGDMKRSNRMYDKRGDHRKDYNDTNESYGNVDDVNKNDSRYVSKNAIIIDYNDIFNDFNYPSPVNNSVILFKATLPPIGSYTETNVICKNFFYTFCLNTEKIKTTNIPYIISRIITVVPQFIISNKLNFPLLIKQYQNDQMQGVRANDTSPLYFTKKSSILLFQFKCLDPCRTNNEEKNHMLLDPKNVIKSNGNKYYKLNKNIYWSSVIYPSENFVGTNYMVI
MAL1718,MAL,MASKKVKTPQPETAIVSGPQPKEGELVFGVAHIFASFNDTFIHVTDLSGRETLVRITG
MAL1714,MAL,MVINNIIDEENEKSIHTEIKCLKRKNEKKKITKLNCDITNSNNKEFFYNNENKKFQKNNHLLLYKEHVINHQNNVKYINMENNVSNNDLYIPDQDNWVQCDLCEKWRRLPQNINMENLPKVWYCKLNNDVRYNSCDIQEEVVVPYNYDVNKITDKNTISFNNNNNNNNNDFIKNDCSYNIINAHNITNRNNSNNNNNIVSLNTNTLLYKDTNLSQQNVKDSIYFINNENKNIICNTQHNPISNNNLDFPLRNESISSFCHIKELLTHNKDNKQNNNENILTNEIKKEENKEKKKLSKKNKQMLHNEEGEQIIHNDGLHSLSREKKKNKDTYENMKYKNIKKESINNHIIYDLKQTPNTHQNNNSNNSNNGNNSNNNNNNGYNNSQGLYKNDSLGKKTKNDKNSNQDNAPEIDDNECENLPEQPNSHFHNINLQKRNCKTKKRKTNNCLFKKYNSDGDLYEKSQKSLKQFNKTIMSDTDMNSKDNVKKFKNFFNKKNMNKSGPFYSYMHFIVNSNLKQKKKKEEYPLLNEKKNKKKIKENENKNETGKEDEQKNEDENENTNGIMNNAHNMDMEKRNVKSGKKKKKESTTSVINNMYTKTNNEEEQKVDDIKNLETLHMDQMKNVKRKKSQTNNKNQESIKMKNEKDNEKNNNDEMVNYVEYNTNSLKYNNNGNDDNNNDNNNDNDNNDNDNNNNDNNNNNNNNNNDNNNNNHYYNNNNNSNGQMNCLYEDIHMADSQIIKQNNMNMSGSFSNLKKKKSSDILLNNSIINNVDNTIDTNNVPINNTVPVVVNWVQCELCKKWRKLDAHINISLLPEKWYCSLNFWNAYNNCDMEEEIYVEETVNLETVQHVKNNENLK
MAL1708,MAL,MNMYVIYYYFLILIFINSCHLYLSSENQKKTIATVHNNTRTNTLKKNNSNNNNTNDIFGLSPSEVPNLIDDEEEYEILEGVKNNSDLTRSTNIDHPSPSSTMIDLDNIITEISKLKKKKLKKEMNNKLEQQTNQNNNTIHHNNENEINTFTQNIKTNSNELKNQDSSNSLISTNSNTMDELLLYSTNSEDNLDISFGELQLYENSDEDTSDYEYVNEDYSVNHIFSNDTEESFNILEDVENISLSSSNRYQYSPIGPYKKKHTKVFENFKMTRNYDEFLKLYNLKDSSDNQEEYYELLAGEPFKLNSYYYRDVKYENVKKYIFKEIYDNIQNISTENKIIVSKKEELFFYFIKSLLKNNFICLSYEEEENLLSESKLLLEAMISKKIQ
MAL1703,MAL,MRNLKKKKIKKLCAHGNFKNYYYERYIKRKKQNVIYVKNNEEDAIEEVLICNNFLDNKLCDEEQKSDNDKYDYQNIYYIFDHRLNHINKVHKDIFKEKVILDIGCNSGIVCFILSLIFECNVVNGIDIDNNIINNNINLLRLFIEFIFIYNSQSHMLELFLSNKDMSKIEMSMFKNIYSLYEKLKGSKNYDNKMNNIYNKNGLAHINALNTNNNNNNNNNNNNNNNNNNNNNNNNNNNFRYFPLNIYFLCSDIFNNKFKNVNNTYDIILAFSVIKWIHLNNGDEHLILFFDRVYFMLRKNGYFILEYNKEKKYKLRKIQKKYYKKNISLNYTHFDDIAQGKYNNNSRMVLVNKFFFFTNKGDERSKNKNKLGMFNREICIYQKV
MAL1702,MAL,KYNYDILENDNMFINLIPNNKYIFTICSNIYKSYYNMIKGKNKKSTIKYITSSLG
MAL1701,MAL,VAITAYQPVDIVTRTVEVPFVRTIETTVPKIVYEEKIKEVPRYIAKYVEK
MAL1700,MAL,YRGIEFCKECLLHFYCPGNVIGIQKCPIHNETLQPEKRINFDSLHGCFCKKGYEPINILNINKTGTRDEHYYKLFHNTYADKFKDINPKHICMECDIGYYKDTISFQPCKKCPNQSTNKKYGSTSLNDCNTCHSGYYKNINKTCSTCLPNHFCVGDLLQKDLDKYSGDAVICPNNSVTKKPYTQNGTFKDCLCIEGYIKNYQESYNINDHCKLVPLNFYKDSISNDLGTPCPVNSITLNVGAKTINECLCNKGYFYNVKKQQCEECPIGFYCPKISSKNNIKKPIKCPKNSSSIKKGMYISNNCQCNFGYTKYIHIDNNQSLLNNNIIKYDNKKTNKMFYSFLSNNYYNYKNKINYINKSYNNRNLILLRNIQNKNAIYKKKKRKNVLCIRCPPMTYKGTISNDPCEACPLNSRTIESVNNSHIFFCLCNPGYYLHEQMCKPCSFSKLYCTGENIYIISQSLYETALQEIKNIYVSKNNDMYKMILMNLTLYDYSQNVNINNNNNNNNNNNIHNNNIYNIYNSINHYNNDNNIFVNPIVNNKLKHHNNIIYPPYNLLNSQVDTIPFLKKKYGNNINISNILDLNSLYKEPIQNNNNLNTILKSFFHKDNENLIYVKYQNFVTCGKNTVIPLGVDSSYTFDDCKCKKGYYLKSKDINNSIKICEPCKTGTFKNYVGDDTFCLHCPPKSTSLEGSIYPTHCFCKGGFFYSKGYCLECLEGALCKGGLNKNVMQRMKFNMENILITEKDHIKPHSNKNYYLDKSVIDVVDVSEWKFIKCPIKGACLEKNKCHKSMNNYLCIEC
MAL2190,MAL,MESGNKKRIDTYEENEWIEKEEGNNLGDNKNADYFVSSNIEDVFISNRTTENENEEMTGEFMSSSDISNKGDEKNAYKRVRHKEINKEDMHIGNNHNYVMNDNNDDNNIQNNVSNNVEENIQSISFIDHEMIPEKMNILINNNNSNIINDNIYIDGNNHNNMYIDHTPSDNIYNNNEKHTKELYDKKKPCGIYKNTNSNSNTNSNSNTNSNSNDHFKEAKDEGNNNPVDELMKDIKMFNNSMQSIYSTNNLSFQKNLSKMYSELASNKNLESLHNLFKDTSFGGNMEKAQFLKNILLASCLPQNGMGIKKNEVAINKDIENNKEVEKINNKILINDPRNVQVSQYIKKKKSSNYNLNEYTEESNITNLSESQNLISNMEPTTVFSLSSHKNNLDVKEGDENVGKKETPKFLEDVEINTNDLNIRDDISPLNLNQYKETSMINIWNKSSSKKNISSNEWDKMKKSFCNIENNLIDFNKLNKTSNENVIEGIQNQIIDEEMKNIETSPFINYLSNDNIMTVGNTNISNERFPVLDYVEQMGSNETMFYDNFDKYQVLKDHTSNSFHLYNSNDSSKVSCADQDINKMDVDNINNKMDVDNIKNKMDVDNINNKMDVDNINNKMDVYNINNKMDVDNINNKMDVYNINNKMDVYNINNKMDVDNINNKIDVDNINNNIYVDNINNNIYVDNINNNIYVDNINNEIYMDDNNNNDDDTDKHSNIYKHMPTKCHINNISPTNAGDRSKMSSPALQSMRTKIGN
MAL2180,MAL,MMLEDFNTLPLIKSIREDSLDDVLKFLENNYKDYEVNENGEAKKTIELVDKQTQATPLFYVTARKSDEESVEISKLIIEKYAICNPISKDLMKQTCLFYAAREGHLNLCNYLIEKGCNPNDQDNFGQTCLFYASREGKTDCVLTLIKKGANPNLLDLNKQTCLFYACRDGRYDTVKCLLENGVNPSIKDAQRRTALTFAKGNGHNNIINLLKNVGTLSRSSIDSNAQLGNITMLRR
MAL2177,MAL,KLYLKMQKKMNQKILEKCLKTLKNRISKKRKRELEKQMVSFFCEQLFKKKYFNIICHVSKIKMMERNMIIFKIVNNHLIYLLRRHFHIWKYYIDKKKEYKKKIELININKKAKIFYFMLYLKIKSNYDNICVLYKIYNLFHSSSCKMINLDEALTYRNKSKCCNIYEDGNYILGYYESQNKDLKDRVYEYMDFALYNKKNILQKYVHLKKKVVMLSKIYNEIKFKDDDLLYLNKIKNKGKKKQQGIQNHIHICYMLRNSNMSSLLLNYLLMYDYYDMYYFCLHIKKHFNVLYNYFFNFLSVKMKKLLFKFFKKSVSLSNFIKMVSVTDKDIHQHFKILIFIYYLFNGFIGYYHRNDQGGNTMDGNNEMMSDINKIGDDNNNNNIYIIITKVINNFLCIKESYVDEQESVYDMPKNNLKINKINLKGSNKLNKKYISKREKKKKCIYVDKKIKRENKNMIIKSCNNKYTVYFNTDQKNKYEKKKKNVDEYMNSKLNKMSNLNLFMSHVSYISSVGSSNNSREYIISRKEEINEKEKNIRNIHINNIYNNKNYYHYFYSDKCRSINKMSILKDYKNIQDDLLKKRIEEDMKEYIRQFYEHLKIYILSNFRETDNSTISIKINYSFLLNVEKNKIIEMYIFFKRFKKVVISWKMYCKYKKERREDDINKMNNIQNKIRKEIVEKYFGIWILIFNEKVKEIKRKRKIFLKKHIHMIFVSWHKLIQVNNYDKEKFKELKQVCFNRMKKTYFEKLYLYSIKMKNEKRNYVIIKKQCNNKRKQTFFYVWLLLYQYEKKYYYIHKQMNNKKLQEYFYKWIYIYEKKQIYIHFCNTLNELFLKKNIFVPIIKQFKFYNYIKEKKDNIEKKYFLIYYNIIKKNNILNKLQLYIYTSIQYKEL
MAL2164,MAL,RNYPNVFPPFTCEKHMDALKKIQSVSLQQISTFNIITEESYLKEEKEINN
MAL2161,MAL,MLINKRKRRKAYIYNDGYEYINKKIKNKFIFICLIAVGGFSCVYKIKKKEKKEKKGKKKKEKYYYDQKQNCKDKFYALKKIKFHANPKNLKEQILLNLREIKYLNLLKKYTNIVYPHEYWIEIYKPFYKQKKIKSDKKKKNKKKIKKQKLSLFKDTIKIIKKRKKDKLKKKKKIEFFFKNIQYSSDTDDIKITFEDAHPEKVKNNNNIKDIKYIKKKVQKDYKKNNKKNDKNNVNKNNTYNNKYKVVINKIIGKKYIINKIKINRNKKIYIYRHMYGHIYGHMYGHMYDLFNINKNSYYTYNNNNNNNNNDKFKSLKGLKRNNLFINKNQTIPYPSSCYYYSSHTTNKFKSLNEKQFTYVSSFSSHMWCTASRRKTFSYNQKDNYQEIKKLNKYYNYKSSNFLDKQILNKQSMFYQNKINNKKNDHNVVLKTLQTFYDDTYIYNLENVDTQETKQYSNYNNIENVKNVKNVKNVENVKNVENVENIEDMKKKKKNKFVIYNNIYTMQNIKYTSYKSNVFFIDHD
MAL2160,MAL,MINLIYHLKTQKAPEIDPNLKINLPYNIISLYKLRYYKNLFFKNYSTITKNDNYL
MAL2159,MAL,MEYIIKNEKEHSIVKNAEVNVFNIDNNKINNIYNNVTSELSTNNFHVLYHNDTIKKKEEGKGKEEEEKKKKNGDMIDQEDNYEIKLNIINDDNEHNEETIIKNDITYNNSNNNNNNNNNNNNGNNNNNNGNNNNNNGNNNNNNGNNNNNNGNNNNNNGNNNVCNNSVCNNSVCNNSSQKDMSMNISKNKHKLTRNEEDNVLKKRKKKTKKKNIYMNFQREETNNLNHVNIQMKNEIKKNIQKKMNQNDYLLCTINEFLKQGLKNECIPLFQRLQQNLFFLVMLANQPEDNLDDAHSNYSSE
MAL2152,MAL,LDFFELLKCYHSLNIQQIQIKLYWIYYKIQMFEQSNLLSCDNKDKKILYKLKEIRHILEYTNHLLKDHFIKNKEKYQSLLQQFIIILKHHDNLYLQKREKLITDHYDKQNVVHFICNIEKFIEKNMNLTDNFISSNLNFIPSKTINNKLGRTNSVIYENKNNIKNNDHHTRGSQKITDNYNNIDINKINHNKYVQNKYNDHNVSNNYIYHQNDANNNMNHLNQNLEFQKKFILHKMNDYFKNINATNEQKNIFLNKMNLTEEQKMFFLKQLNIKDEEFIEPNNTKQPFVNCLNNNNNKIKNIDEKEKKDKTNKTNKTNQTNQTNQTNQTNQTNKKGGDTYIDSAYSRSSYFCINDPNADKNKENIKQNNEKTDHNEDAIGGSPLLNLINKSHGQRVENNINSMMNNLNHINLMNNMNYFNNRADDNQGVENEQSKWLSQKNVLLNILKNQKKLKDDNNVVVPNLNEENYMKNIKNELNKDINTFQFNNIPENISEKLKNIIHMNNKDGKDLQNHQADLINYIYQNKQMDGVIHSYTNCNDINEQAKMNLNQTKDKLKNISNLSTHSGKLEEQNNTHLQHLYSQQQRNLRNLMNTNEGDTNIPNVTQNKNHINSNTSFLNTGNDENNNRNVNEFIRIMNNECMSNLQKKNVNNNNPLNNNNNNSNNNKTLVGMKNIVEEKKQTIINNDTNIISNHFLTNEHQGKGDTTKTFYINKKNQNVLSQSLNNQTGVVNKGISNKHKTNNIVSNKSLNNSLDKKNVQQSNMLDLEDTKRPDALRDKCWQYVDPKGVVQ
MAL2144,MAL,IKHSKSNNNTILLKKDKKIKENYNIHSYKYNQQNDDIYQQIQSSSSMKRETECLLNNKIKDCHRLYKDNNIHHMEHCYICSYPIQNNEQKFILHKGEEKKGKANLDTTYKNYDNNDNYNNYDNYDNYNNYDNSEYHITMTSHLIGSSHSKINKEKKKSYLSTFTNKRKDLESYMSSHTVCSKKNIQNVGENYKNGNNDDEHKDDILCDNNIYNHCHDLGTYNPTYESEKVTPYLSEKHKVIYKNIYSNQINIRNNERNHSEDETYIYIKKENIPFKKEKEKKDIFSYIKGMYLSPTSLPPQKKKKKEKKKSFILENEEFINEESSFDIQSNNINSHFIKNKNILNIKNQTNDLENVKCYHHIKKQNNSKSQSSYFCSPAPSNSILRNNTESYFLKNDKQNDQKVKEDGQTIKNQTTANNVQKKRNKNYVKTNSILLKKILKMKIESMKKEKEDIKEKNHFNYNNNEKKNQDDNHNNNNNNIKVIDYHHDKIIHDKNSNKIEMISTKDKTIITLINDNKQIYEKEYNNDTCTKDNIKKEYNNDTCTKDNIKKEYNNDTCPKDNIKNGHNNDTCPKDNIKKEYNNDTCPNDTISNINKEYSSIYTHSHMNKESLKYNNISFYQNKESHDFISRKDHYIHKHEEKRSKGNKENNINNYNNICNSNNMDLKDNISPSYHTNNNIKDVVKFNQSYYCYFKNVQKNDVYPNSEEPITKEDKTKLLIAYLKDKKKNKTQENNNTSDKYILKYNIEYFKLAQFFSQDYHLFKNYIKHVDKKLSKNNNNDIDSLDETAFSIIKLFNSKKKNDLSTKYENKDISQKNTIFNNIEKKTNQKINIKHLHVVNDNENIIVNNFNKSETQIINDTRKEVYSIVQNQKKSTFLRDKNGTKNYPYDHLDNYKKEIHIPTKDKYADNKNKKAHCYKIINNGKPSLFYEDQPTKMNQNNDITPNERKGKKKQIVLKTIDLLEKYEKISAK
MAL2138,MAL,MDRDIAKYDLESSSSVDVNKKGNNNKSVFEKIKPFAVGGASGMFATFCIQPLDMVKVRIQLNAEGKNVLRNPFIVAKDIIKNEGFLSLYKGLDAGLTRQVIYTTGRLGLFRTFSDMVKKEGEPLPFYKKCFCALAAGGLGAFIGNPADLSLIRLQADNTLPKELKRNYTGVFNALYRISKEEGLFALWKGSVPTIARAMSLNLGMLSTYDQSKEFLQKYLGVGMKTNLVASVISGFFAVTLSLPFDFVKTCMQKMKADPVTKKMPYKNMLDCSIQLYKKGGISIFYSSYATYYVRIAPHAMITLITVDYLNNLLKKIS
MAL2136,MAL,ILTLYFYVLNPGLRNVIYKHFIKVNIKCLKDYKNFDFKEIFSFLNYDDIGATFLNYLKEHELFEIPPLIIFLRFFFHEKNEELFTFNSIRYKINSYFEGKSLDRKTKEMIARLVYSFFMRISYLSVSYFDHDIFKIINKSDLNIIILFHTIINKINYLLYCGTEKLFIERYAPTNLFVQNRIFKIDAVKVFHHFIYSLPPYMRNVVFHFFKSNQFIDVTKKLIIKFLQHSHSLLDITNHKDGHFYQLKNNTYKLETFLFSWKYNFTKNKNIIEPTFTKFIENKPVFKNMPLLYNRRIKYDSINEKLQYKEELDLHDMIDNESFHQLLDLLNKESITLEQLSFLFSRYITEHANIKDFPKLFMFKKYVTYVQDEKFFINLYEYLYNYLHKEFGLPQPIYELYYVFIKTFIEYILLPEKLTQEEKSQNVLNYDLQNKYMNFHHFVQKLCSCLFNFYYYDEIYECQPFGFFTKEEFSYEQQIFNILQQPFINISPIIKHNYIHDDYYMYEKDLNGNYLSSNINNNNNNNNINNIDSNYVNRRDKNGDYIHGTNINSDILYHFIKQYIPLVEPSDEEHLQIEVFKFKYFTLEITKFVLRHILKKLPFNYLIHMNWNDTYIHIDHIINNLFLHFFKKNKAHLLQQNQLQGLTHKINFENNLGKDHTKDEYLSKHIPQSAQNYDRNKFSGTINNLLKDPNNLPPTYRHIKYYMDHYILQYSLHNHMLFKYLHNIFQHIDQYKTYFPTLAELYLYIDKRVTIINVINNSFLYKRIHTRDVIHTFLLLCHEIGLDLYEL
MAL2134,MAL,ILAFPTSQFLNQEFDNTKDICTFNEKNKIKYNMFSPIEVNGDNTHPLFKYLKKNCDS
MAL2131,MAL,SNVVNQHFKAKNMKNVEKLLQQHGSFEKAKNKEKLLKKYKRLSKLYETSHKKTN
MAL2128,MAL,MDEKEDENKIVDERFQLNDKLWQEVKREESKRGIIYLSYVPIGLSVSKIREIFCKYGDVDKIHLNKINEEDMNIMSKGKNEVKKEKKKRNKNKYQDGYIEFLNKKDAIKVESLLNNQPIGGKKRKNILREHFWHIKYIKNMTWNDLISSVLFRNISRKDKLQYSLKNMYKSYDQFLENNINDHNKKTKKRKYSSDPKGTKKLNFLTIKKSKEGNEEKNNMNLETMKNITHEEKNVNNEIKDKGKTVSSNLLKCFM
MAL2125,MAL,MCSAARAFDFFTDLADEPTQLQDAVPETTEKLAEVVSDAATNVTDAVSDTASGIGSLVGEAASSLGNLVGEAASGIGNIVGGAASGIGNIVGGAASGIGSLVGDAASGLGNLVGDAAEALATTELKDVIPENTESTTDLVPSEVSPPVDDYLDDDGFSSFREFLESTPCWQRRMAQEALLNEYEVESPAESMSPILRVQFFADFAKQAVHVAKQNYLYVVIFLFFVINILLFINFYNLGKR
MAL2118,MAL,MRKKNNTKKIAEKTNETKSNNTHNKTTNYFNINEIKELYNNKNNDMYEKLFDNNNNEQCGRKKKRKKENITCENNNNLPSIYKKQIKQTNVICNNHNDNNKEIITQSESYHYLYNPSFIKRSKTNNEVNTLTKNKKNININKTDQCSNNHFPYSNRIFDQTYKKSSSTYNINTRNINKKNKIINESNKIQNNCNINKNYNMNHSFNKYDFIRFVCSPNKSKQKVNDMDSPKKMLETKECFKETNLSNTCTYQNNKIDDSICIRNKENQDNYKNCIIQNKNKASTTTQDENITKQSPQMKCDKNIKMDKHVQAQKKKIQNCSNEDIPLIDLNDEDSINKLSKNFFINNKKIFINDISKDKISKDSVNKYYEYGNISPYKLGSHYMDHLSCHNKEGKNISTTTTNSNNNNNNDDNNNNNDNNNNHNNNNHNNNHNNNHNNNDNTIGTNIYKHHNNVNYNNNHNINDNIKINNLNDLNVHDNNYFPYDHTIHHLDDNVNNTSDKIKTKKNLSTLKNVNIYESNVQPYSYNMFRDNNMENDKYNIYNDDNKNDLHENMNEYIKQNYKTTKSLYSYLDLSYNCSNEEIKKAFKEKIKVCHPDKGGNIKEFLQLKFSYDILSNKKKRKMYDKYGNSILELLISDHIYDYNISSDEKTEEEIIDEEYIKIYELFVQKYHNISYLHNLLDLKITNSQYNHFQKLIYHFCNIDTNIFKNILYLYPIYSPNIS
MAL2113,MAL,MEKEEDLKDFCVIDNRGSDSPIDVSCDKIIDKNGNVIYKSYNNVYKLTYKHIFKYKRISSISTD
MAL2112,MAL,GIALKNVGRIKKHGRKHLVSKNPYLRLLVKLYNFLARRTNANFNKIIAKRLIMPKRYRPPLSLSKLQYHMANHPNDIAVVVGSITD
MAL2111,MAL,MDERTKIVDVWANNLEEEFERIRDIVEKHPYVAIDTEFPGIVARPTGNVLDYNYQTIKCNVDLLKVIQLGVTFSNGKGEMPNVSTWQFNFKFDLDSDMYAQNSIDFLKLSGINFEKHQSLGIELLHFGEVIMSSGLVMNEDVKWISFHGCYDFAYLLKILTCSALPHNEAAFFELLNDFFPSLYDIKYLLLNLNIKQLSRTFSLQKISEILSVKRIGRQHQAGSDSLVTCKTFFKLMEMYFDNKIDDKKYSGIIYGLGSTIKNYNPKLDDHNNNRYHNHHNNYNNHNYVKNSNNNNNNNKYNNNSNNSNNSNNNNNNNNNNNNNNNNSSNNNNNSNNNNNNNSINSHHSHNNNNMLMNAPNNNPMSNYIDAKEYHPTGFNKEIPKLHNKNDVMFHMYADNNQNSYNNISSNINNIHGTNNYITNAIYSSDTVNNYVLNKFVNNSPPSPSSSLSSPPHPPHLPHPPQLLNNTVNKNVRLSLNTSSYMNSKSTDPIGINNHNNNNNLSSSSRSYMASYPSSGIKNSLDTSKIMGPIYNDIPRNITGNLNSDLNNIANENMMNINGLTNGNNLSPTLSANNGIMSPSLSNANNGLLNLNNTNLNNSINNTINGSLILGGMNNNGHTNNNINNNHNNNGNAINMNMNGMGIMNSSMNISGLSTNLNMNNLYGDIRSLGGSTSNINLNNINSMNELNNLKSGSISNISNCDENMIGLNKNIYSTNNGPLIGNMINNNVYNANINYNNYNYNSINTNNSSNNSFLNSVNYNTAYAHGNNPSISPGGNNNMSTNNYYSIQNKYSNFGKYSSNLNYVNPLSQSINEVKSMAGEDYCDIDKRSIDNLGSSKNSFANNKNLLGKINNNNNNNIISSSSSTSHHINFKNTISNNNSNINNNNLNINST
MAL2110,MAL,KTKMDHQLKLNILQTNNLIKDLPIKIKDEKMKNFLYLFYTNKVLLQEKEELQ
MAL2109,MAL,MRREDKTNTCFYCLNIIKERCTYINNLWRTYKMCISCKNNLKSCICCEKKIMNNNNISSLTSCCGSSRGKLCEECRSIPLICCNKNVVNIIGDILCFLDLYLHINISQEFITFQNIYTFNKIQYNEKNHIYTFQLNHMKYNKIETSTYITLNHREKNNMKGGKKKMGNMKYNINNKRKKKRTNFYLLHKNDESQIKDNVTISPKMKMKMKMKIKIKNVKKVHKVEKTNQTNQTNFINHMNQTNQTNFINHMNQTNQTNQTNQTNQTNFINHMNQTNQTNQTNQTNQTNQTNQTNHMNHINKPDNININNITTNNNQRKYFSSFFKSFKSLYTKKRNNIYISFNKDKNRLIPSINIIEAEKNDIIKNDNINNVNNIQETFLINNNIKKNKEMMNKTNISKQTNISNNNHKKYDTFNNNIPIHNTSRISRFYTNTSAAFFDYIKKIKKQQQKYKKNIKRNKKDKDNEKIETKKKKRKFIFYENILLSMYEKRNEQKIKDNEKNNLPNKRNMDKYKLNLVLYFMDKQNFNGVYRRLLQNELKYCDIIYLNYIIKKKCLNKYGNDKSNEYIYNKNTHGSNTHSNNTHGNNTHSNNTHGNNTHSNNTYSNNTHSNNTYSNNTHGNNTHSNNTHGSNIYNNYNTYDDNICEKTVSSCGCVTVSGKKLFKLHEQNKRIHNYKYKNINLKYLNISNENIKLIDNVSLTSVIPKISFYFYLAHELMHAYIWLTKMEKSHNYKHIYMIVEKLYNNNYFEVQNEMHYNDYHNNSSFYISRELEEALCIYVSIKFLKYIQTDPYYNIQKSFYEKQLIQYYIKKYEQSTSSMYGSNYRFLKKILKNYQIIHILHIINDIYFSKFYPIVTLNLLQAVISFIDFKI
MAL1699,MAL,VSNNYYKFIVKSMERAEIKEVFNDKRKKMLLKLIVLLGNQINSEIKKKFIEANAFEPSKEQEL
MAL1695,MAL,MIDYVLKNPFIVSLVISLFSVVLEFYTSLGKFLRAYFFSFFCGIIMNIICEFQRDDKIYDTGFFLKQTLSYSLCISIMLTFSFIKKKVNNIPFLNKSPICTTEFYKNTYNYKGIKNISMYNFIIESRLLHFGIAFFFGAISTIIGVVMSYILIKHIFIKNEIDIDSYYLKNIACCLVSTYIGGFINFIEVSDLLNLNTTLRNSVFILDDMFTNIFLMMLPLCKNYGKYFYCYNDNPLFSINRKEQEGLEKQEEYIKNKIYNSLILNYDADEEQKLINKKSLFTSYGSFTNHINNINYKERHYIESPYFFIYNRIHLIICDFFAIMLIFFLTRKILNDFEYLYKHISFYINMDKIKTPFLLIITFIYIFTIDYILFIMNKILNNNHIINFVMDIYHRSLEYYSTILKLTTIYYLSLSAISINIKNVFNVAKPLVLFITCILIIHVLCTFIFSYIYNSVSKSEHAFIYIDEVLLAINANIGGPTTAALMSEMIGRSDLIFASLFWGVIGYLIATPIAIQINSIL
MAL1694,MAL,RGRGSAEDDLKNWVPVTKLGRLVKEGKIVSIEEIYLHSLPIKEYQIIDYFFQPNECSHPLKDDVVKIMPVQKQTRAGQRTRFKAFVAIGDGNGHCGLGVKCAKEVATAIRGAIISAKLSLIPVRRGYWGNKIGDPHTVPMKVSGKCGSVRIRLVPAPRGTQIVGAPTTKKMLNFAGIKDCFSSSCGKTKTKGNFLR
MAL1689,MAL,MVIASDESFMNEIDNLINDVEDERIDNDELEFCVAPVNVPRNFIKYAQTQNKKLFDFHKGTTTLAFKFKDGIIVAVDSRASMGSFISSQNVEKIIEINKNILGTMAGGAADCLYWEKYLGKIIKIYELRNNEKISVRAASTILSNILYQYKGYGLCCGIILSGYDHTGFNMFYVDDSGKKVEGNLFSCGSGSTYAYSILDSAYDYNLNLDQAVELARNAIYHATFRDGGSGGKVRVFHIHKNGYDKIIEGEDVFDLHYHYTNPEQKDQYVM
MAL1686,MAL,NKSDENKLLERRKKDILNIFTRKIHYELSRTLSEKHQLIFFFYMVCMINIYKKDIDYDDYYFLIYDDFPHTYDIKNEIVKMEKAKEKENIKKKNKINHHDEDKNVNLYINASDNHNNMKSENKNSSSDENYQYESEQYDSSISGSEDVSLCSLASEGSEKDSSDQTDSLKKYKKKKKDNNDDNDDNDNNDDNNDDNNDDNDDNDDNNDDNNDDNNDDNNNDHISNHSNNHSSNHSSDHHNGINQKKDIEYMVMQKRNAKDDFIDTFDNNIIFEKEEQNKNEDSDLIFDFDTKKLTWMNRKEYLSIKKLIKKKKFYEFFKKVLNEYEYIFRNIKTDHTILQHKDIKNLLTSFEKLIIYKIFRFDILKLNMNNYIDKYLNIQTSSYTKDLYKCYEHSSKYKLILILSKHHLSTASEIMILSEKITGKNNLIIYNKNDVNYLIDILNDSIKNGLWVLIENAHLNIHLILEIEKYIETCNIQYSNPEFRIWISTSSVEYFPYYLLKLCIKVTFENVYNLKSCLLNIYSNVCDDQEDQIEKKYDPDQADVKRGDNKRGDRKGGDRKRGDRKRGDDNYDDNYDDKYDDDNYDDKYDDDNYDDKYNDNNYDDNYDDEKKKNVHTSDYENNCSQSSKETTSESEHADINMVPKKKKKLNENEKILMNKLNFSLCFFHALIQERTKFKNKGFNNCYEFTDMELRLANENIINFVHNKNIDINLLIYLIGKIIYGGIIIDINDQKCFNIILKKYINEIITYSNNEYKFNNYYYCPHSSNKNIFLRYIKSLQYVTDFSIFNLHPSLNILYMKNYNFKILKNLQRLESNIMINDQQQIHIFYIITILKNILPNFIDTNILNYLFLNNINCSIITFLKIEADKYNYLLTIIYNDLTNIIYFVQKKKIHSKNIIHTYNSLINLSIPKKWITYSFFSNLQIFHYATLIKVKVTHIKNYIKNFKNKIFNLGAFLSPK
MAL1684,MAL,SVNNVFFMNVANNYSKLNKEEREIEIHNSMASRYYAKTMFAAFQMLFSTMLSNNVDNLDKAYGLSENIQVATSTSAFLTFAYVYNGSIMDSVTNSLLPPYAKKPITQLKYGKTFVFSNYFMLASKMYDMLNYKNLSLLCEYQAVASANFYSAKKVGQFLGRKFLPITTYFLVMRISWTHAFTTGQHLICAFDPKRCTPDCKNSTSYKSPQSFFYGWPPSSETYLFFYFFTNLYLDAYKSFPGGFGPAIKEQTQHVQEQTYERKPSVHSFNRNFFMELVNGFMYAFCFFAISQMYAYFENINFYITSNFRFLDRYYGVFNKYFINYAIIKLKEITSDLLIKYEREAYLSMKKYGYLGEVIAARLSPKDKIMNYVHETNEDIMSNLRRYDMENAFKNKMVTYVDDFAFFDDCGKNEQFLNERCDYCPVIEEVEETQLFTTTGDKNTNETTEIKKQTSTYIDTEKMNEADSADSDDEKDFDTPDNELMIARFH
MAL1683,MAL,KFKEINYFITYYEDIHVLLFYKLSREMLCNQYICRIKKEKRNTSSHTIFFLNVDMYKCSFNIYKPICWYKQKEMYHKKKIVKIISNGSFSYTSCINKKKDIDNTIFKKMNISLHTDIFFSNNNINEEFVRNIYVTFIYVKRKEQNNLFVILQNDSINVFITKNVFRKIFYIYQCITHVNNNICNVKNKKKYNCNYNKKIYNCNYNKKKYNCNYNKKIYNCNYNKKKYNCNYNKKKYNCNYNKKKYNCNYNKKIYSCNYNKKIYSCNYNNRDVKNYDLTNIHINEKNNKYDTLQIIQNKKDLFQYNKDHIYYNSRDIYSLLNNYKEKIFFNQSEDIYNLKNDKETCLLMFYINKKKKKTKSKEYPQSLININVDKNQKIDTKPLYIFPVLRENYIKKEDIIMYRKNNIFHFFTNVCIYNNTNYDIIFLYKNYKTLLYSKKNNYISNFQHVEEPFCILLFYKKKLFVSKKINIYHNFQKGSYHNRFDTNHLHIKDRRQHKEIKKTFNLCENINNNKMNRNIKDCNYSSGGIYHIPCNQGVCYKNLVSLKEDEKWKEYFSLIRCHGKEQDKKCNNDIKYTCHMPNNTHRMFELIKRKYIKSFLNNTHISYDKNGIEFIIDMTAIQNNNWLYIHIDAHVKLLNLLPLQVFFKCRDKIQTIKSFQKKDIFFQDITLNVSSNEFKDVNKLKIIYQKEDETRKKGDTIIINHDNKNKNNNNNDDDDNNIIPCVYRKQNFHLNYFRFNKEIIITCHTVIFLYDVHMKNIQINDDKLFFVTKDKYSNSNNIANEMKEPYIYPLKKIKKFESFYNEPCKYIIMENTKIEKIYSNTNIEIKIKGNNQSISNYVHTYMIICWKRQDQLSNYINDKLHMSSIFPYYDTNKET
MAL1676,MAL,YNYKMKNDEENSYPAVNACKIWQKTQSFQDVVLSGMVDFLKFLNVPKHVTYKNVFDNYLSPNFINKINSIGNSQKS
MAL1675,MAL,MSHINYNVEKRKSLKKHNNNNNNNNNIYNNKIDTPNIKNYDDSSKHINTNPQVLDSILLSNMEKDKKLRLLNNYINMFDKNKNDKVTTNHPSHNIYNRKNNDTYDDQDKDEQYVDTDDSFSLSNTKKKINKRDIISYDNYIFEDEDKVSSKYLEYKNDSTSHMKKKKDEGSNRKGNINMDSNNNDDNNNNINMKSNTNNNNNNNNNNNKDDDYYDDNNYYHKNHSDSINNSINYNDIHRKEKKNKKNTHNEKKYISNMYNFQYDDYDKKKKKKNTLETYDSDTKNSDIFINTGFLPYSLNKKKNNKKRKGKKKNEQEENRHNVNYDDNMDDDDDDNNDNNNDDDSNNNNNDDDSNNNNNDDDSNNNNNDDDSNNNNNDDDSNNNNNDDSNNNNNDDSNNNNNDDSNNTGSFFKNKMIQSHVINNKYDNTNDYLDDLESFEYNKTKKKKKKKNDTIDDVFKNKRNDNTKIKYNYNNNNNNNNNVLEYELNYVHNSFDTHPKKWSHHSLPDNYEGEKKKKKNKTKKKRHDMNFYSIDKNNLDEQDLFSNQEALTILKNFAKENNVSHPYKEKKINKNKKTSSNSMYKDYSNNINNYNNNNDENNNYKDIVSNYDNNYEYDKKNKNKIDVEQNVHMINYINVNNKQTNINNHNDNNFNVNKELSINDNVYENFIREYKNLQSLFSYNKNKIEDHFNPLTRIIEKNKEDNIVLENNINKFILNAHEGLSKKMLSYHMDEQEDVQGMKSIEDDNKGGDNKGGDNKGGDKKGGDNKGGDKKGDDKKGDDNKDDDNDDDDDDDDND
MAL1674,MAL,MKYYTSLYVALIIALCQAVSALIRNSNTPQAFLIPELNNNEKNEFNNNEKNEMNNNLNNEFNNNEENCDIQKIAEEMMENLLNENDMYTNIMLSLQNRLSDDYLCSEPKYENICIHEKDKISLSFPCSNPKYEKLIHKFTFKKLCNSKAAFNNTLLKSFIEEDEEQNTFSLMLKQFKILLTCVDDELKDIYKESIDLLVDLKTSITELTQKLWSGKMVNVLKKREFLITGILCELRNGNKSPLISKSLEFENLGILKMNNEELLNEAYNAFSDYYYFFPYFIQKLLEKGGMIERLIKIHENLTKYRTKDMVNKINAQSKGEVLNNEDILNKLNAYKHYTKHGATSFIQSREVKIVNQNVNNDDTTKNQQQNVNNNEKLNNNNNNNNNQQVNNNNNNNNQQVNNNNNNNNNQVNNNNNNNNNQVNNNNYNNNNQVNNNNNNNQQVNNNNNYNNQLNNNNFNNNLQVNKNDKHVPKNNHTTATHTNNILYNPLYSINPEKPKDIIKLLKDLIKYLHIVKFENNEPTTNIDEEGIRKLLENSFFDLNDDILIVRLLLKPQTVILTVIQSFMLMTPSPSRDAKAYCKKALINDQLVPTNDTNILSEENELVNNFSTKYVLIYEKMKLQELKEMEESKLKMKYSKTNLSALQVTNPQNNKDKNDASNKNNNPNNSSTPLIAVVTDLSGEKTEDIINNNVDIATLSVGVQNTFQGPNAKAGSLINHLSYATFLFFSFILINLLN
MAL1667,MAL,GILCCSKTDTGLTKPNKKLESKEFADLKYYNYENHSAAFKLPAFLLKEIENI
MAL1666,MAL,MNIFLLNTIIFILNQYIKRKDYGSRFFIFSLKIKSSKEEFTKNVHRKATNTKEDKSAYKNEKKEIPYRNNNKRKDKNKKGNDNKKILEKGLKDTNSNIKSSTSSNTISNVSSKLSDNSNISNTFTNIKIQKLKDKHNKKNSDIKNVSTDKKKENDNNKKNNNNKKNNKKIPIIYIPFNDIKNSPYIRGKLKLVYVKSFYEECQKELYEAKFQFFKNNKIYISTFAVVKNTLSENIDQTEKWVTADMKILQKNSYNISVTCNDSHEKQIQDISFTKQEKEEFELMRKSLKNVVNITYDHFLYNIDTFYNAKRKYLEYINFFFRNPHIKSNMDIKKNISSNITIQKDNILLKRLGSFNKTKYILFRRMQRNNRIMCMVLTDP
MAL1662,MAL,VSKIHFFMYARESSNSRDRMTYASSKQAILKKIEGVNVLTSVIESAQDVADLK
MAL1661,MAL,MIEIDEKFICAWVKNKISFSKYDVNNIWKDTYNDLLFKWIYDTGSKILFIYMKEDVNEDVKLQFSLDFPSDIIDEKVDEYMIFLKVNSKNITYENIDNLILYNKIKYNIKENILNLMDRVFIPTLDMKYSSPINIQNDFNITTIDFMTYITQLFSNNQFIYYPKVPLHQIQAFSRDTNYIQLLEKLLDNWINDIERLFKN
MAL1655,MAL,MSPRWNVSKWLVKEEYKSQKFTKPFYLTKWGNFKTCQQIQLLPTTGGAYNKFCDMTKLHENNNRKK
MAL1651,MAL,CLPQFIENYSRDVERLNEMKKQNKMKNIKKGKIKKNDKTKKTATPKVQFTKQRSNISMNRVIKGASLDYKKLSTNTFRNKQIVVNSILKKKKTMNKIIDKKNKLVSLKTKNVHLKKDIHKPNKTKLVQGLPKKDKKKDNTYTTKGLLKEDNKKAINKGKKEDKGKKDDKKDDKLKNKINKKDLKYDNKSQKLDKHKKEEKYEKLKTDKFKNDKGKNDKGEDKNVDKTKKDADKKKEKNEEKIKLDDKNKKDKIKKDKKDEKKDEKKDEKKDEKKDEKKDEKRDEKKDEKRDEKKDEKKDEKKDEKKDEKKDDKKDKIKKDKKEDKKDKKSEKKDDKKTKKNIIKNSKGKK
MAL1647,MAL,FCFLLLYGFNIFLSICLFSSLYLHSYILFLFFNFIFCGIISIVIYVLVILSYAYNNEILINLSHVLVCIFRIFDSFALSHVLNIRSLCLNVKRHMKHIDEDIMYEDMSNSNNFVIFGCFKKVYNQLSGDNNLNISDGIQSVCEDSNSFFNTSGDFVFLLINCIIYLSIVFYKLLQIIPSKERTDKKNESEKTNYEEIILNNSYNVGVQRKKEQKKNRYTFFLKNFYLSNKEYKQPKENYEKNRNPFFYFIQKLFNLKRGNNVDENNTTMGIYKYGEKVDSNNYISEDEININNQLNSEGYLKNDIYMNELNDNYNNDFDDNTVDIEMQISEKSNIKEKMLYKETEIDKYYKGQSDDDNDEEKNFNKISQKYILKNLNIKMRPYKIYTFSSIFNNDLNILYFFKYFFCNNKDNLKGSLQTIAYGQNYEINNKFINKKNQNEHISEKIQKMNERDYKIELIPTMSIYEHFKIILTFKNIELTNVELKYIINLLMLIVNLKCDIHINCNQLSGGMKKKVELMINLLRDDKIIFLYKLNDNIDFCSQIYINIILKNILLYNCEEDEHKDEYKDVYKDKYKDEYKDEYKDKYKDEYKDEYKDTYKDYEGYKYYEDRVYEQDIQLYKGEGIYTNDENQFDDYIDKYSLYDLRGKEDRKQLRENMLKGRHGKNNYKFDESNDISYTSNDVLKGDDDMLSLRRNTKESKRNKNKINKKKKKENELILETYDIEKTNMNQLGSNLSNSNYLECNISSNMNSVNEPIIHSFIKENILKIKFGIENFVIYTHIYTDILYYDYLYLFNKNKITYKNYTTNIKNNFKKFYSFQIKLKGIRDSKIIDYVHMFFSINKHAFARFEKVIKKMDDKNSKKPKKKKKKLISPKDMPSNSIILFLENNVKRNVLNVHNLYYIFKTMKKKKYNSKKKKGNLISLCKFHKILLNLMIDKYSYLHSYLSRNKYISIFHLFKFAICEVAYQNIQKFIIKYKGIKKVYSEITSMNNYVFILKIYDNKHIFKILE
MAL1640,MAL,DHYNSDGLLKDMLNKLMQKLKGKCILQDKNKIKRVRKGEKEGNDNLILEQLSNVYEIIHSNNLKKYDNIKLFLNIDKKKKTNRKRKFICEEENEEEDENLYIKNIDNESINIRKIKKIVIQFIDDNKYVFPYIFNTFDSNVVSKDMFKYEYMNLNTNFMFFHYLSQNEYSFRNSILNYVYGYPLFCIKKKNSNNENITTYNKYDDNKDDHNKDDHNKDDHNKDDDNKDDDNNYDANKDDDNKDDDNNYDDNNYDDNNYDDNNYDDNNYDDHIYDDHIYDDHIYDDHIYDSIKRGKYCDSEKNKHERNNDYNKKEASDFMNKHNFSYNPLDSFLLNNSEGVKSKMSDFSNAKVNMGNKKSKKGKDIVHNNAAMYRNKISNNMRINRDHTINSSYDDYINNNKNYNNKYDCYKYNSGFSNYRDDASKEMWHNINPNDKEWKRKIKKEHNKKKRKFLIKILKNTNIYNKIPLKYIHLCVIADIFKYLNLDHIVKNIMQKLYEEKLKDIQEKYDDNNKHYIGNILLCFLLYFHSFLDLLCGLRDGHFINMSQDDHIFNIFNNFSDLIFNNKKNYSVFSKKKKNKKKDEYKSGERKCVEQKIYMDESNISERMNRKKNKCYVYLKNRYSKRGNYLWLLEKKEKNDLSSYVDNIWVRFIRRRNEEKIEKDDRVNISYNLVIFLNNYLDYNFSFLNNCRLDIDESKCKNYLYLFSNEYNKKLFTHDEECCIEEENTCLYKYLNISIHNVHGNESYERSVLYILQLNDCLFKKGILKDTEDNIFFNYELVEKRDIYDMQIGRCGNNINIHDIYKKDNYFFKIKECNCCDDVICDKAELIKLLFDIMIRYLNDMLDKKKRCLLDAVINFKNCKNGLEDIKFTYMLIYLLNYKKKQDKKCALIIYKNLYYLLIEKLYYEQNDNINSEQMINYIFNLIKIARIIKIKNKHMKKLFQMLQN
MAL1999,MAL,IPLNIYDMNSKYMDEMDRYKENYENEEETKKNTHSFCNNNNNNIMMGNPSWNNYKIDDTLLIHKDNHKRYDNDNDNYTYNNCKDDSYDSLSINNYNLKNVNLSLNEWLYIYSCKENVTQSNKKYDNSLILAYSLCNIILHHLIYLKKYKYYINCKQYENDLLQNNILIQFKKLLQEEYNKMFAYQTNNIITYCKKIGNIKFNNLEELIKVYKNIAFELRKLKKNDLADEFDKCCENMCEELYLKNIESNLNRKEKLLNEYEKIMNEKINKIEHIKNNELKKYENNYTIDMNKINKLCSVPKNKEVQTCDHLSYQKKNGKLSSLIELRNKEKLINMNDKKDEKKHKSDDSIKEVVHNLDKNQKEQIFHMVREYWKNSSTYDIFSTIKNTLKNCPRLKICLEETFNYYSCSIKNNNKMKDIQMRNIHEIKIVENLDNLKKIELQEDNFLSNHDINNFYLTYNAYISLILDMKCNSYLIKDVDNVLWLFEKFSIEHNSFKNIYRPYGLLRIMPKYLFIPFIRELAYLNLLYVISEYVIKNQQDIKTYLTINHPSRLSSFHHFITYHFIPFYEQLSENQNFHNFKQQLIEINEDDDKTELDDHHKQLNDKPINLKNKNNINKHMKDVIPLNNIYDTKSNNIYNNNNNQLSLSDIENYFNNELPLIVKHKNFSKTFPLLFDFYSNMSMNINEKKIKNDKPQDEKTNTNLIDNQYDNSNNSNKYITTTIFIKFLREFGIIPHFFNNDRCLSFLNTLIKNNKHNKLYYEDFSKAIILSICECVKKNILTQYNMLTSNNQFKNKLQIGKILNHNYISYEVKELIYLFGFSDLHIVKSKINIQKE
MAL1637,MAL,EYAIKAVKNTNITSVGVKGENCAVIISQKKMATQYISQDKLLDYNNITNIYNITDEIGCSMVGMPGDCLSMVYKARSEASEFLYSNGYNVNAETLCRNICDKIQVYTQHAYMRLHACSNIYIYIYMNICTCVFIFLHKCVKC
MAL1998,MAL,FLSTCYENNKLNDINNCNRFTISKQICDTPVGFNLNDNFLVKETGGLSSTCLVDNKPEYWKIY
MAL1632,MAL,RRETFNHLNRWLDEVRQNSNPHMAIILVGNKCDLERREVSAEEGAQFARQNGLIFLETSAKTAKNVEE
MAL1993,MAL,MLKKFSPLSFMVLQKRYNKSEQKIFDKIKNIINSNKNLRHTDDEKDKIEIINIDNEIINKENISFKCNIINEDSTKNENKKDNIDEMTNVNIYDDYFNINDEYNNVMSNDNDNVDIKSFIRETVDYYKSLQLKKKEDHLNVLNVKKKDYSNIKEYYNKNEEIKEIVQDNNFIWNNKNYDKKNIHSGFHSDIIYYDNYDTTKSKHNQNIQNGQNIQNGQNIQNGQNIQNNQNNQNIQNIQNNQNNQHCHNSTHEKNCGSYNFLTPAQVFFENNKEKLIQESYKYYKERENNINKEDYLYDENEGYYNYANMKTPIIRPNDKEGFLFNYEDDDYNNNDDEGEDDMTLEKGIMPTIEQIVCILKHEKVKDIKVIDLDKCGRRDIGMFLILCTGNTAKHNKKVGKLISKIFIDLEIPYISNVVYCYCNKFDDWIITHCGPLKINIVTKELRNLYDIENLFLYPHEHFDSTNFPSFFDYTPGIPPPYLVRSNASMDSYKNDDIYTKFLTEK
MAL1989,MAL,YDDKAKKNETYDDKAKKNETYDEKVKKNETYDEKVKKNETYDEKVKKNETYDEKVKKNEQKCEDLKEPISNVDKISYQKSTSDKDLSKKKNSNVGALNKMDTFKKDESSSNDMASSYFSSNKKKKYDLTKKHGKDINLYSCPNCKGPFLMCPNCHCRYPRFCVNDNKIAMECEYCDCEHCYFYNCIYCNFDFQKCLDMIKKNSLKEGILYKIGKHLHQFKARYYILFDNLLYYYDKKRNLKPRGFMFLEGCYVELIAKNDNINKYGFSICHKGTKQVQKRNLYVNTLEERDEWVQALYSSTKQNTLYNLYELHEQLGQGKFSTVYRGINKQTNSEFAIKVIDKRSVSIYEKELLRSEISILRLLRHPNVIYLKEIINTKETLYISMELVKGGELYDFLLAETRLSEIHANKIITQLIKTVAYLHRCGIIHRDIKPENILLTDKSRDAQIKLTDFGLSTLCAPNELLKEPCGTLAYVAPEVITLQGYNHKVDAWSIGIILYLLLSGKLPFPINKNTEMNIQKNYVLSFKDYIWKSISSSAKDLISKLLELNVEKRISANEALEHIWVKNPTAVINENSFIYKNEEINILNLQDVSVSTFNIPRYTPLHIEEEKNTEEIENKELIFNIHENNILCENNDSIDEPVIPLPYSSAPLKEHINEKKNIQNISSPMEDISMNKQENAVYESINKETSNPMKNCSQNVRDQNDTTPHHNNENQNEQGNLNTCIHKINECKKSSTDGHTVQINDNTNKEHDK
MAL1986,MAL,MSWYSLLTLLLVSSILYIQHVTCLYVEDTLKISLMNIKSGDYIKLCCDIFCSFYKYDIFKKTFFFLKKENNITLYNCYGVIKIYYSKKYLFYFSTYINVEQNNIIEIIDSFDKVKISRYVFFTPLFEYITTKKNNMVYYIPFGYYKFGKLKNKMLNDKKTHNNNNNNNTSLIINNQKIYYTYEQHTKQINKFKEDIFKHNKYKQDRKNNKYTTVRKYKKCTIFRKNCFTYIIPLFFYYIKSMNLKKCIPQHIKYNIHTSNNNNNNSNSNNHFSSSSYYYYYYCCCYFFYYTKKKHYILSLGHNKLLLQKIIFNKCKIFQHIIEQNEKNKLRLYMYDNIIFHNNMMKKKKQYNNFVEAEIYKFLEILLFSNSYKKPHILYSKDMEIIESHTVKKNNRKDIKNYNENKRIKIIVNSSNYKYEKTQSILFLLICLLFMFFFLLFIYVIIRKKQNKKNVQNKEINKNTYNEKNLKRLAEIHVEYKKKIQTNLGSKIKDITNRDLIKLITYNKADSIVVCQP
MAL1984,MAL,MNLTIKEEDFTNTFMKNEESFNTFRVTKVKRWNAKRLFKILFVTVFIVLAGGFSYYIFENFVFQKNRKINHIIKTSKYSTVGFNIENSYDRLMKTIKEHKLKNYIKESVKLFNKGLTKKSYLGSEFDNVELKDLANVLSFGEAKLGDNGQKFNFLFHTASSNVWVPSIKCTSESCESKNHYDSSKSKTYEKDDTPVKLTSKAGTISGIFSKDLVTIGKLSVPYKFIEMTEIVGFEPFYSESDVDGVFGLGWKDLSIGSIDPYIVELKTQNKIEQAVYSIYLPPENKNKGYLTIGGIEERFFDGPLNYEKLNHDLMWQVDLDVHFGNVSSKKANVILDSATSVITVPTEFFNQFVESASVFKVPFLSLYVTTCGNTKLPTLEYRSPNKVYTLEPKQYLEPLENIFSALCMLNIVPIDLEKNTFVLGDPFMRKYFTVYDYDNHTVGFALAKNL
MAL1622,MAL,SYNSPPPPPPPMSCHGNESSNYANNEMYSIQNTMPNNRYNSRVSTNDVHQSFINTQYGHFPYNFFKNNEQGPYMQRSYNKTYNNMGKT
MAL1981,MAL,SVPRLSVNEFENNDDVGLKKEISTPKNYVSEFKNNFDGCLKKEVSVPRLSVSEFENNDDVGLKKEVSVPRLSVNEFENNDDVGLKKEVSVPRLSVNEFENNDDVGLKKEVSVPRLSVSEFENNDDVGLKKEISTPKNYVSEFKNNFDGCLKKEVSVPRLSVSEFKNNFDGCLKKEVSVPRLSVSEFENNDDVGLKKEVSVPRLSVNEFENNDDVGLKKEVSVPRLSVSEFKNNDDVSLNKESYPRRKFVSELKSNTYSYMNKNPYSHKKYVGVLKNNSDGGINKDFGTKGSVINEIKDNNMNNENMQLGTTKNVLSEGTYNNESDMNKKPSTSTNINSENKQNAHTRSMSVANTKSHVQQNVKTFSSNHYENENNHKMHNVNEKEEVPKIDRTKINTRRASVSEINENVEETKKDIPQNKNYKHLTDEENKVEKEMSIHDGMKGQKYGSKNVRSFSSQGIRQDFPYKNENNHKMYNVNEKEEVPKIDRTKINTRRASVSEINENVEETKKDIPQNKNYKHLTDEENKVEKEMSIHDGMKGQKYGSKNVRSFSSQGIRQDFPYKNENNHKMYNVNEKEEVPKIDRTKINTRRASVSEINENVEETKKDIPQNKNYKHLTDEENKVEKEMSIHDGMKGQKYGSKNVRSFSSQGIRQDFPYKNENNHKMYNVNEKEEVPKIDRTKINTRRASVSEINE
MAL1618,MAL,HNFNNIKKNNNMFKYKHMQYDLQFNIYHNILVILNKINNKMYLYDVVGSLKKKNINNNNKKNKKKKKNYYSFNQDTNIHTQPLENSNTYENNMNKNNIYEYHMNSDINSNHVNANHLLNKNVTQNIQSTQLSSNINTNYVPHRNNNLQMYEQNNLNNQTIYNTQRNNNFVLSSNQLDYINEHNNNDACGDTSLYKTNSCGKHNIKCNKRLQKNTQFYSLICCLNSIYIDNYYILKYKGYDFLNNKTHFIYSYVYKFSTFYDNVKKNKNLYVSTSEILEKKHLIPLVYKCKMIESFDSFFLLLCIDKNKEHVFALKSEKMNIVNNIKMICIFDDYSSYIQPFNVNKKNDTLYNKNVNTKIKLDNNIYINKVKSDILLIEGHKEINIIDYVIDDFYIYNKNIEHNLLLIIKYVYTVHKNNNLHNKKKKKEIYLLTISTIDICKDSFIYLNLKLKNMFTFFNPIKNNKFLFSYYTLSFQNIILFVTNHNLILKDKGNYNFNEECAYDDSDEDDEYEDGHGEYKERHGEYKERHGEYKERHGEYKERHGEYKESHGEYKERHGEYKERHGEYKDRHGEYKDDKTQNCTSNYMSIYNIANNYNDNKDYSREKVFEKNDHSFFFKRQKIYSKKDSMSNEECVVFINNSDDEKYEDTNNMHNVNKIKTNNSKNVTINNNNINSNSNKFSNFISRAFNTSHTFSDKHNSNSKESNKNKQTNSGCTTRKNKNAVNLYFLCTKKGSVVHFMQIQNILKLVNILLYNSYILFITNKNIHILNLNNLYNNLIYQEKVNHFKLNKSYSNVNELTHTINQENVLSKSEKQSNWLVTFSFPDLLRGKTTQIYMTSAGKKNVHFIVISFMLMDQGVYDMSDKMNRNELYGNEEIVRKYNKNYGNDFCYKSVVLYNNACDDEEWNILKYENNN
MAL1617,MAL,MNNIKDKRIKKQIQKRTKLYNTKKEEKNMEISSTKLKEIRMNAQSDIIDDDMLTPRAFDRTKKSMGAKGFVMNISENNESKNEDLKKDEIINNNLNNKMLKNNQSNENNGFNNNNDNNNDNNNNNNNNNRYNGILNNDERHNYEYNHNKNMMSPNKRNIPDCNNSTTDNSRYINCDNDNYNYSMKQNVSSFMNAGWQTPKKSNVGSYYTGIDHPSTLKKYKTPCEKDMLEPDESLIGNKCITINNYVNPPKYINNLVTPSKFPLSGENDDFMSYEDFKGLFKHNACLISEYEYNNDKSSTSLLDNCSKQYLEELNDNNQNNAWPKKKDNYSSPQKSNTILQCSNNIISSNNNNNNNNNNNNNNYGNFNNNKDSPRSKKKRFDAHKNISTRKILNIVVSNGKRKEDHNEDSYNNSIHNNIMKKRKVNSSSEKSDPCDLDSIDYEVNPVLKTDIKKDKNNNLEIKNDVAKNTNVEIDNSAEKNKEGEKNKHVQININNNKIALNDDESNNKSVNEMIKEKHNPLKIKYEGYSSDLNVIFNKETGTPYQLIAMYRNLLVVISRRNQKNEPVFFQIVKPEVRVLNNSISFTQELIKQLAWIAPNLIQLNKVTITKEVFESNQRYYPEFVTGKKIEDIQIREHTDNCDNLYKYSNEEKLEMLKRIIINWVNKKHNEFLENLNPNFYLAKYSQLKKWHSNFNYEEIVFPSVTLEENKVLAHLARTPQESNADDFIVIQDSPIKCATNDLRKNGTFLQDMEKEKTRTPLGKNRRRGSTYLGAIGAYNNSNNNNNQTEDSPSKKKETKNMKNIREEANKKKIIKEIKMEIDKEFDELLDQKKKLENALWIAEIIHDSFIVQGTHTVIEIQTFAKKLSDKYKSNKDFLMDQNYIAQIIELLPQYINDIHIKPGMMNKNKKNLSVKSKKNLYNFLEPLSNEINTLNKKYQELKNNKENKLIDLWKNYNVQYELTENIKKYFSNPGSVSLADI
MAL1978,MAL,MSGRGKGGKGLGKGGAKRHRKILRDNIQGITKPAIRRLARRGGVKRISGLIYEEIRGVLKVFLENVIKDSIMYTEHAKRKTVTAMDIVYSLKRQGRTLYGFGG
MAL1616,MAL,MSSVNEDNQMELDLKNDDVVDVEKDVITNHAGNINVNSENGSNVEIKEGDEKDHIQENDKDETNVVNEVDLKDDEVTYENNKNEENKSSNRWADMCEDCDAPLV
MAL1614,MAL,LKRYFLCSYDHNLIERKWLMYYFTKVVSKYFLNPRKDNNNNNIMCNNNNIMFNNNNIMFHNNNIMFHNNNIMFHNNNIMFHNNNSMFNNNNIMFHNNNIMFHNNNIMFNNNNIMFHNNFIVNNYMDKYKNMFIKSCNDKSIPYQMLANLQNEYYLSKGNNNKMNITTTYLYMKIRKILNKYSKRNEEKKNILKGKYCYNNGNFALLSYINKKHKHNKRYHQIKEKNGNNKETKYKFNLYIRMEYCKSTLENYINTRENMNINRNYEIIQMIILGLYSIHNNNIMHRDLKPSNIFISDNNIVKIGDFGLASYDYTYPKNRKRKKRKRKSSNLSYEYNIRKTNILNLQKNNTPFNIDKYNNNIIRKKKEILFKNCCTKNNIPTKEINSNSSFQYFTKKKKKKKNVHDHHTLGIGTKIYAAPEQLIGNKYTKAVDMFSLGLIIVDLFTITKTNMERMKILCNARHRILPDLLIKNHPQVAKLCQNLLSLDYHLRWTSEELYKKKKNIYIY
MAL1975,MAL,MEKSKLAKVEKVLGRTGSRGGVIQVRAQFMGDSELAGRFLIRNVKGPVREGDILALLETEREARRLR
MAL1613,MAL,NESNELNLLFYDKNKADNNLSYITKINNTYINDGAIENIYKFYDHKDLINRNVLLIMKYYEGDVYFMYIPLRNIANKLELAYDYPTVIQDNGNTYTMKIKSEEIKKMNALVNFQIEVHNVNKSKYVTIDKYDGTIEIKLSEFVGDSVNLTAKLHGFFLELNVNITFTVICSNGMKALNGICIPCPLGSYNNINEYIKNNNIYECTLCHNNSTTKNEGSTSISQCLCLPGYELNNNDLCVPCKRGTWKTKLSNSPCIFHCYPNSYSLVQGSRSEEESKCKCKRGFYFVSKDSINFCDNCNIGYFCPGGYKIGEKKCPKNTTNITQNNFSISSCKCDVGFEPFDSSNLNAYNFKNDPIFNDYKDFLDDVKSSQICVPCKEGFYKNTVSEEKCKRCSDNVYTDGLQSTSISNCKKCEKGYYLQSEDSCIICPDNHYCPGAYINDPKYAIYENQKIPCGDKSLTIPPNNLNVSHLNCLCKKGFEFIKTDDNEFDCLEVPKNYYKSHLGNKEKEPCPENSVTLYTQTKSKVKCLCMPGYYWDLKEFKCIKCPKGHYCPGGYLKNCFNNQNLHSCKPQKKKCPLKNSTTQTKESFSQSSCLCDKGYTINKEELRECIPCPINTYKDVISNAECTKCLTPYTTDGQIGSTKEEDCTCSGGFFFLNHCLPCSDKNTYCKGGKMIVNNKNKTIHYGPSKCPPNTTVSFETERPYNKGFCVCQKGFKHVYTTSDFTKICAPCERGFFKTIIGDFSCESKCKPNSTSFVGTIHETHCFCLENYYFKNGICLNCPDGAYCEGGFQKETLLYMKKNEYYLDTSKIKHIMPVPKENYALYKLKTNIYNTDWFIVECPIKEACLYNEKCHESMTNF
MAL1612,MAL,DNEKYEKVKSNINYERSVRMNSSNRRSSKGRVYFPYINNYKNSRRKKGNYSDHESTVINYFYKKISKNTIHSLKRSHSCPVLIKESPADNNEEMSNNIRDIRMRKYNSLYISPSYDFHFLEMDKYFKRKNYKRKKKKYKKKIKNVKAHENVKNDENVKNDENVKNDENVKNGKNRKIVKNDEDKCVDSPYGQENIMLKKSEDTKNLIKPSTNEHLFFKVNKNSEDQDDTYNNEYSDSNSDNHSNIIHSNMDDSEGEYHDLNNEDSSDDNTSSYEEDDEFLNHMLQKSLSFPVNKYNKKNKINKNENDRLEENDNMIQVERFEKIYNNINNDDDINNDDDINNDDDINNDDDINNDDDINNDDDINNDDDINNNDDINNNDDINNDDAKNNDDSKNNDDAKNNDDDINNDDGKNDDDNNITSTKNNIHFNEKNIKHCEKSIRFNNQNIIYKESNIHNENFNNDLNKNFLGSKKKSMDEKSLKRELQERTNNINNNNNNNINSSSNNNNNSKNYNSAYDISNGEKRKCENMKNYNKLKKEIEDIVYTNTN
MAL1611,MAL,MAKKKKQIHLNIIDFQKYYQTDDLLLDTSISTEKKTVDNQKFIRKNRTLEKDEVVQNIDWRTFDNEKEKETNNENTSNVNKIKSPGLEKKNFKKSNDVITLGARNKNKSTNLNADDIDFTNLRNKKKEDDIDFTNLRNKKKEDDLDFSNLRNKKKEEEDVDFSNLRNKKKEDDVDFSNVRNKKKEDDLDFSNVRNKKKEDDVNFSDVRNKKKEDDLDFSNVRNKKKEDDVNFSDVRNKKKEDDLDFSNVRNKKKEDDVNFSDVRNKKKEDALDFSNVRNKKKEDDLDFSNVRNKNKEDDMDFSNVRNKKKEDDLDFSNVRNKKKEDDLDFSNVRNKKKEDDLNFSNVRNKKKEDDLDFSNVRNKNKEDDMDFSNVRNKKKEDDMDFSNVRNKKKEDDLDFSNVRNKKKEDDLDFSNVRNKKKEDDLDFSNLRNKKKEESKENDTNKSEKPLYLRRLEEYRKKKKLESQANDTAMKMHEKEQIDDIQERKEEIKEEFKEEVKEEIKEIKEEIKEVKEEIKEEIKEEIKEVKEEIKEEIKEEIKEVKEEIKEVKEEIKEVKEEIKEVKEEIKEEIKEVKEEIKEEIKEEIKEVKEEIKEEVKEEIKEVKEEIKEVKEEIKEEVKEEIKEVKEEIKEVKEEIKEEIKEVKEEIKEEVKEEIKEEIKEIKEELKNDISSETTKEEKNTEHKKEETEKKKFIPKRVIMYQQELKEKEERNLKLLEQQRKEREMRLQLIRSKTQGTSSTFIPSAKLKHLESLKEEKKKEVKTNIQPKDNNNNNNNNNNNNNNIAVLKNNKNEEQNVIKKKSIFLEIAEKTENAKIVEKTDIEEIAKKKREELYKKQLEKITKKNEEHLKYNNIYKHDVNIIKNFYNEIKDKIIQNYYFNQDDCISLCSILKTDDC
MAL1972,MAL,VIRDKRNNKTKGYGFVSLSDPQDMLDALKTMNNKFIGNRPITVKRSRWKDREMNSQKNKDFDNFLKNSQLPTKKFRKFKKIVNNNAKD
MAL1610,MAL,KPKTLIYARNPKCPRIVKSCHSKTLDKYGLIKYPLTSEKAMKKIEEINTLVFMCDKRANKKNIKKSVKNLFGIECDKVNVLNT
MAL1609,MAL,ELTEYGNNDDVLKEKEINNEPIDNVNETKINRKSHVNSMERNKPSYKENEYDQMEKNVEDETYSEEFGLFEEARKTETGRIEEESKKKEAMKRAEDARRIEEARRAEDARRIEEARRAEDARRVEIARRVEDARRIEISRRAEDAKRIEAARRAIEVRRAELRKAEDARRIEAARRYENERRIEEARRYEDEKRIEAVKRAEEVRKDEEEAKRAEKERNNEEIRKFEEARMAHFARRQAAIKAEEKRKADELKKAEEKKKADELKKSEEKKKADELKKKAEEKKKADELKKKAEEKKKADELKKKAEEKKKADEVKKAEEKKKADELKKSEEKKKADELKKSEEKKKADELKKKAEEKKKADELKKKAEEKKKADELKKKAEEKKKADELKKKAEEKKKADELKKKAEEKKKADELKKKAEEKKKAENLKKAEEKKKADELKKKAEEKKKADELKKKAEEKKKADELKKKAEEKKKADELKKAEEKKKADELKKAEEKKKADELKKAEEKKKADELKKAEELKKAEEKKKVEQKKREEERRNMALRRAEILKQIEKKRIEEVMKLYEEEKKMKAEQLKKEEEEKIKAEQLKKEEEEKKKVEQLKKKEEEEKKKAEQLKKEEEENKIKAEQLKKKEEEEKKKAEELKKEEEEEKKKAEQLKKEEEEKKKVEQLKKKEEEEKKKAEQLKKEEEENKIKVEQLKKEEEEEKKKAEELKKEEEEKKKVQQLKKEEEKKAEEIRKEKEAVIEEELKKEDEKRRMEVEKKIKDTKDNFENIQEGNNKNTPYINKEMFDSEIKEVVITKNMQLNEADAFEKHNSENSKSSNKNADFSKEKDLLEDDIENILETDENEKINKDDIERSNNNMKGNNNDIIYTKLDVEEYKKRDVNETREKIIKISKKNMCNNDFSSKYCDYMKDNISSGTCSNEERKSLCCSISDFCLKYFDHNSNKYYDCTKIEFADPLYRCFKKKEFSN
MAL1967,MAL,MEKYKYYNIFIDNILFHKIKTEILTLQERQFLNLLSQYKNSHIIKYLCDISLIYCNMLIINEQKQNNININNININNNNNDSNNNNNNNDYVGVIHTYRHIDNLKNSHTSNILHNQIHNDCIKKEKNNDIDYTCGEIKYYEDEEEKKKKCIQNITKHIITVKYNEQNKLLLFESDILLDLFFFYVELKYYKGIFLFLKSLFVGIPNFKEFDIFLFYKINNYHKYKENINYELDKYKHVPIYKKFNALEILQIYEYFKSCFSTYDDFIKIKKMLEEEVEEDHKNSMYHFYFRNEIYNTFKDTHTYISNINYNMNELLENNWNCKNQNNQKVQIVNDTYDNKVTSKYILTNSKINYISPNKHYNKYIVNKEKNKYNEETNADYKKKEISIPNSLYNNISIKYEKNKLFDINNYIYNILNNIFIYAPVDLFALHIHYYNSLNIKFLLTNIIYKLSYLNVNYLALVISKIYKLLYKEKENEYVVFLDFFLDYLLGQERNSDMFTYKLKDMDNKKINNLFNINANEKRTLIDIIYNNNVNKNIHDEKRIKKRIAYILYKNNNIYNSVHNDIIIDEEFLNTFFKYVVNKKKYNSVCSFYFMTNESLYLILNSLQIKKKKEKYIECIELITNIMIFRYIQYTYKEEEGKKNYSYQKEEYYNVAKNFSYGNDNLYVIKDIKNLQLHLNLSFDELAIKKKKKKKNYEHVQVNSKKVCKDDDDKKRYTLEDNNNNNNNIERINKKRENIYNDNSNIENKNSYISISCDDKEEIDKNVFQDNSIMKRFIEIYYRIIKVRYYHELAINQHIFRELCINNEYLDNHKFLSLLFFIYKYKFDEIKYIFMLQKRCFLYKELYYTHSNYRIISFLCKKLNIHIDDNIRTTPTKQTSYDYEK
MAL1605,MAL,MKFEKFNIPEWSDIERYFKDPELLTAEILFVALTLCNVFVMYRLFLDVIPYPIFVTWWQLAQGLLVAYVCGELGREFPKFAYFPKVEINENMLKVLFVPSIFYCLMLVLSNYLLYKTPCIASYPVLVSFTVVFHHLTRFIGCGEEYMPLRWKSIVFLLAAFIIGCFDSKTTGKGVIVWALLYALFSAIFRAGFMQKIMHLVDGKGNTLHNNQHLLGVLILPVLILLSGELSVFVHMPYDITSLHTWQMWGCLITVGTLPFIKNVISNRLVRRTGQGPWRFLEIISIILVFFIGMTYNAPSFKGYLAILCVIIGRSLGAFDVLLNASDYMHAEDERKRKNPRASYAKSRQGTQASKPFLSSADNEEDEESSFSSNDSKSYQGSQDYDDKESVNSSSQQYSVHKGTSHMDSSSNQTSHGVISADEGRGEHSRAATFKSKSKLSRNYSSKQHEMLDSQA
MAL1963,MAL,MSVLGIDIGNDNSVVATINKGAINVVRNDISERLTPTLVGFTEKERLIGDSALSKLKSNYKNTCRNIKNLIGKIGTDVKDDIEIHEAYGDLIPCEYNYLGYEVEYKNEKVVFSAVRVLSALLSHLIKMAEKYIGKECKEIVLSYPPTFTNCQKECLLAATKIINANVLRIISDNTAVALDYGMYRMKEFKEDNGSLLVFVNIGYANTCVCVARFFSNKCEILCDIADSNLGGRNLDNELIKYITNIFVNNYKMNPLYKNNTPELCPMGTGRLNKFLVTSTASDQQNGINNKVRIKLQEVAIKTKKVLSANNEASIHVECLYEDLDCQGSINRETFEELCSNFFLTKLKHLLDTALCISKVNIQDIHSIEVLGGSTRVPFIQNFLQQYFQKPLSKTLIADESIARGCVLSAAMVSKHYKVKEYECVEKVTHPINVEWHNINDASKSNVEKLYTRDSLKKKVKKIVIPEKGHIKLTAYYENTPDLPSNCIKELGSCIVKINEKNDKIVESHVMTTFSNYDTFTFLGAQTVTKSVIKSKDEKKKADDKTEDKGEKKDAKDQEQNDDKDQTNDNNMNEKDTNDKKEKNNETNSPNKTELKKGEEGKVQTCYTTIPIETLLAQGSYSSKDIFNFSEQEINMQHSDILEGERLKHLNELETIIYESRSRLNGIYKNFVMDDERDRILLSLDDYENWLYDNIEENKNMFIKKKEEIRDLIKNIVQKFDVYNSKQQNLGNIINHLNNIITQCSNKPSDESQNIINRTTKFLNNINSLQEQEKNKPLYEPPVYTLNDIEAEFNEVTQLAQKFFSKLEVEELAKQKAKQEKEKEKEKEKEKEKEKEKNEETNLDANEEQNNEAKNNEEKENSTKNENSANPEE
MAL1960,MAL,MHLKIVCLSDEVREMYKNHKTHHEGDSGLDLFIVKDEVLKPKSTTFVKLGIKAIALQYKSNYYYKCEKSENKKKDDDKSNIVNTSFLLFPRSSISKTPLRLANSIGLIDAGYRGEIIAALDNTSDQEYHIKKNDKLVQLVSFTGEPLSFELVEELDETSRGEGGFGSTSNNKY
MAL1959,MAL,MSTGWNFNFKKKNGRRKKGDLKYVQLFSRSGISTLKNENVIFEKGLNCGPAGRNALIRWIEY
MAL1957,MAL,MQSMEINDNNSIKNESTSDDDILINKIKQNLGNNKSCNSRSSKKESIKKQKSNSELGIKKNTKKSLGIKKEEEKKKQISKRKSNELKEKNNLKEGKKKYVEKKSRTVKDETKLTNVIKKETQNNKKPKKLLKKSEENFEPINRWWEKIDDQTDIQWNYLEHRGLIFSPPYVQHHVPIFYKSIKIELNAKSEELATYWCSAIGSDYCTKEKFILNFFKTFINSLENDNIIKQENETKLKKGDISNFKFIDFMPIKDHLLKLREEKLNKTKEEKEEEKKMRMEKELPYTYALVDWIREKISSNKAEPPGLFRGRGEHPKQGLLKKRIFPEDVVINISKDAPVPRLYDNMCGHNWGDIYHDNKVTWLAYYKDSINDQIKYTFLSAQSKFKGYKDLMKYENARKLKSCVHKIREDYKNKMKNKNIIDKQLGTAVYLIDFLALRVGGEKDIDEEADTVGCCSLRVEHISFAHDIPFKSVDSKEQKTNDEKVNKIPLPTNLESISSEDCYITLDFLGKDSIRYFNTVKIDKQAYINIIIFCKNKNRDEGVFDQITCSKLNEYLKEIMPTLSAKVFRTYNASITLDQQLKRIKEVYGKTTYSLYSGETELHKSKKRKSSHLTSDTNILSDASDSTINDVNNEYDENGINKKLSYATTVGKENDVDDKNSPIEVDVSNINELINFYNNANREVAILCNHQRSIPKQHDTTMSKIKKQIELYNEDIKEYKKYLQHLKKNSDKKFIFVSKVSTLDGTLRPNKVKENMKEESCKKKLITLIKKVELLNNQMKVRDDNKTIALGTSKINYMDPRITVAFCKKFEIPIEKVFNRSLRLKFPWAMFATKNFTF
MAL1946,MAL,LCSNNILVKDIEEKKMCGKLFFEEICVFRINEKNEHGHENLRKNNHNDDTHKMYSSYENIQNINKQSTNPFCKKDEMEKSQGTNLFYDNYINSVDITKLELNKNCYQHINYEVQNLIKKENSYAAEMNVGLVFRKYIPILINLSCNYLLIKKNEKNVITCISYTNIIDVKIVKKSKKNKERFLFKIVYVFKKKEQKTEKNVTLLFRANLMEIFEKIKGRVDYCIIPNEDDKNIQLQDKKKKKGKKKKELQEEKMKKKKKTQEYVDIETVYEYVIEKYKRVHVLYLGRLLQIVEKLFKKYILKYSFHKLRIFYEYKIEMEKLKKNYIHCIYDISDKLEFLIKKKMQHYFNHIIINSYESSFINYQIKTNDMLYNLLLKEKSAYQNHLGKNYILILYKVLLSMYKKKMAIYFRSFVYNNIKVSKKKNAFAYTLTRVNSILVLYERRIKSFIFSKLKFNYDNVSYFCFTMYKIYLRRILFGYLRIRDNRINIKNVIEKNVYRLVKLISKISDNHKYNAFLKLQKYVYEQNEKKNKMICDNLIYANNELCNNLDKIAIEKGINQIDCLIKFKRKECLMKYFYTLKGPQINTERFYYCIRYCSIFSFVLNKIIQKKVQHIFFQFVLKTLQRNNKNRLTHAIKLLQVLVQKKEKKSVIDVLQLYDKYPYIFQYKDLTKIEVFVICVQNFVTLYNRKLLLNFLLKLHYLKYQEQFMKTYNGIGSIYKFVHVLDKKLMNTIRESFRVILQNDKFLREKMNMKMEQMDMKMEKIDVNMDQMDVKMEQMDVKMEQMDVKMKRMNKKKSKQIHVNYNNKAYSSSSPSPMLRYNKYKDMSSNSASLIKKYPFLIYNSEISPDCTTMAGKFYNQKNK
MAL1945,MAL,MNINKVENRNVFECIEMEEIKKITRYEENSDDHIIFDDLSEYSPSIISNNDNIHVEKKIVDEKLLQSMINSDNLLKHNQLNWYDNLDAEEYKDNSIFMETKSKFTNIMLGVSSVSMNPNNIRDNNVFLTNKDVNTFEINNINLPQQNGLIHMNTINVSNDNYEQNKTEEICDTTKSDNSFLDIDQEHEKIKIGEQQEIEVIKVNESRENHSSKESTKCQDGEAANVEENEENEKNEKKEKNEKNENIEQNKNVEQNKNIEQNKNIEQNKNVEQIKNVEQNKNIEQNKNIEQNKNIEQNKNIEQNKNIEQNKNIEQNTNIEQNTNVEHNNIECYTNLPLNQIEEKKNVDDDNLNITTEINKTQPFSVACNKKDESSFKSMSSKSNMIKKKNHEKDSVENEDYNTKKEDIVVKDTFNLLNKLKTNQKNREYSNSSLSSLSDAVTNNKTLKHFSSSNYNKIKSKLSKPFMNNKYSDHSCNDKKGKEKNEYNNNNNNDDDDDEHDICDNNKNVYDNSQNILTQEQNYMKNIISKIEESVQKKKKKKKTNNNNNNNNNNDDDNNENNSSEDQYSSEFTLKDNNNYYDDHMNMILTSNECNEPNKINYNNLNDSDNVRPIEGDIMNNPMSLSTHINNNDKKKLRRSSMSGSLKTYNSYNFKNMTSINNRDNNLNSFLKKKMYSTGSMYDIKVPIKKYFQGLKKINNLLSKGNNNDIVDDENMNDFVDDENMNDFVDDENMNDFVNDENMNDFVNDDEEEVGASHFIVNNNNDDQDKYNLV
MAL1944,MAL,MAAVDFDVRSKNLSEGIKNEISEKNMENNNNNDNNKNSSALNEEQVQSGIKRYYELKIEEYESIINKKLQNKKRLEAQRNELNARVRELCDEIQYLLEAASYVGEIVKPMGKNKVLVKINPEGKYVVDIARHINISHCTPNTRVALYNDSYKLHKILPSKVDPLVSLMKVEKVPDSTYEMVGGLDQQVKEVKEVIELPVKHPEIFESLGISQPKGVLLYGPPGTGKTLLARAVAHHTDCTFIRVSGSELVQKYIGEGSRMVRELFVMAREHAPSIIFMDEIDSIGSQRIEGEHGDSEVQRTMMELLNQLDGFESTQNIKVIMCTNRIDILDEALLRPGRIDRKIEFPNPNVEARMEILKIHSRKMNLMRGIDMLKIATDMNNCSGAEVKAVCTEAGMFALRERRVHVTQEDFEMAVAKVMKQDAEKNFTLRKLWK
MAL1942,MAL,MMERKNQDSQIYNTYKWVLNKLKFSYKEENNIDYLIDKNIEEKKTVVEKFLCDEENDLLLFSLENNEMVIAKEENIKFDQKIVYFYKHLNKNRKDDKKILYGILSPNILDTLKLMLNKIIYPLFINNKLINTNVSSDDINKFMMEFNTYIKELNEFILILEDIKKVKLRMQIYDSEINNDKKKDENILNDEEWEDKNISSCSSSISTIREFQKKGNESEYKINKKKNETAHLTKYLNILENLFNDMQMKIQQYKTSNIDVGPFIEIQYWRYKHRYLLFIIEELRSKEIKSIINNININNTNNEEQKYTYTFDILNKWRELETKIENEFNESKDNIKYLESIEQFILSLYLCNVENIIDNIPSLLNSIKMIYLVARFYNTPNKLNNLFIKITNQMIIKCKEEIYCAKKKKIRRIKRKQNKGKNKRNEERRRRDMDGENNEDMEDNLYEKNDGKNYSTQKNKDNNNNNNNDYDNDNNNVNDDDNNSDNNSDNNSDNNSHNSNDNESYNYDDDDDDEYYEVNEQEEDHFNGFTRENNYDRDDNYNNNNYDDGEKHGNRSFENLKDGKKGSIYLNDDIKRDKLKNEEHNLWLLDPDNLIEKFNLCFKLHEIYKEEFESLKCFFEENNSTSISVDLNSKVIFCKLEIFCRRLKKLVDLFLCIKQFQILKSIKFDCVQNITKTFNKYIKEFKLKHTEDMLNYTDNYFDRDFVELRVYISELESDLQEHMITLLNNSSNIMLSFFIFFKFKESFIRDYLITFIQTKYDILLQQFLEILNSINNDLENYKNNLSTNKNINYLKNIFWTLSINYKINHIIKIFLDENDNNNNIMYDEKFHINMNTFVNHDIHKNLKNIGKKKIYNSDKKDSDKEIYKDMEEIKKAPTPDEHIYEKINDK
MAL1938,MAL,MENIKNEQVMKFLELWNIFKKPQYLIDETIEILKKNDEEELKCLFLKRLNFGTAGLRGKMCVGFNAMNVVTIMQTTQGLCSYLINTYGLNLCKNRGIIFGFDGRYHSESFAHVAASVCLSKGFRVYLFAQTVATPILCYSNLKKNCLCGVMVTASHNPKLDNGYKVYASNGAQIIPPVDKNISNCILNNLEPWKDAYEYLNENFYLKDTSLVEDIYFEMYDSFMDDLKHEFNFNCYRNSRTKLAIVYSPMHGIGRKFVQGIMHVVGFNNLLTVPQQALPDSDFSTVSFPNPEEKGALDMSMELADKVCSPIVVANDPDADRFACAEKFNNKWKVFSGDELGIIFAYHLMKQYEKKNIDKSKHVFLCTVVCSRMLKKLCEKYGYKYDETLTGFKWIINKAIEYNEQNYTILYCYEEALGHALTRHVKDKCGISALGYWIEIAVYLYENNLTFHQYLETIREEIGYFVNNNGYYIVLDSNDIVSIFNEFRSNGLYKTNLGSYKIIHIRDLTTGYDSTTADKKSLIAPTPDSQNITIHFENTAILTIRASGTEPKVKWYAEISRDTYEQAKKEIDQLIDEVMPMFMQPNKYNVKKS
MAL1937,MAL,MKIQNYLKQMKNEKNIFYYKEEGNDKIYKYDDIEKNTYRRKENKTDIYLKKDLLFQKCILYKLRCLNNTSSWLLELSKCEKNKEDHINYNKKLIDNIKFRKPFSKYKKIISLFYKKKYKEAYNLLCQISTRNSSQLLKSNLLWKDNFFVKNKYNLNGLIERIDFINKGKEVCEENHKKDEKVKGHKTRINDRANITILDMLQRKGKYKKEDKIKEIKRKYHDDIIINPKYMKYENKINRRCNNFVLYKKCSGFEYDFINIILHNNDYNTFPTQESNKCFVDIHNKILNKNKNNIYDDTSEGDMCYIYKKNEQFINHTKNRCINKKVKIKKRNTDKYHINENMRFYLYIKMLCLYMHSHSYSIYNEKNVRKQYLHINIEHMRRKEILLYIIQYMKNMRKKFIVFDTHLYLLLSVAYYDLGKYHKSVLYIKKSIKKDYFNITAWIFFNNLICIEKFIDNHEIEGKPKEIYRNQHNYDNYSTISINCNDEKKKKKKNIYIYVKKKYFINNHNKLDKLVNHLFENEFFEFSKNEYNKINIMNHHNFYTYINPITNMNEDFFFKNNYFVNQIFEEGMMNKEGNEKIV
MAL1924,MAL,ILIQISLYSYYSKNVKNNYNIQTPLPNFVQPFNIYYIIQNYFINNNYFHIKKNNKNIRYFYIKNLKLIEKNFNINDYSEIAAINALSFLLMCFYHTVNYNGTNKSYICESSVNIFYEHFSKYISLIYNNSLQNIFYRYVFLLIMNLLIDYNANSKYYIKKITFDLYSYITNVDIRCIKALSTLFKKLNETNIDELLLVPTSSIFSLKFNIINSRINYINKLSLIILAGNRNFYLCHLPKIAENISEYIKFCNDLKLYREILILICIIIIKNDENEIYIIIPTFISLILQIYHVERIKYKMAVENINNIDKDDDNYIYDFNSYNNKDVLSLLKTLLIIINILIKRNVSFINFYSWIFFKDISIKKNRLEQQNREPGNLMIYPGHKTLVYNNKKKKQKNVVRYVSSSSDKDESSVYNISVDEENSLKTQGRFFDDTYYKRKDNSGYTNKMKNFNSLTYEDKSSLMTGNQTSSTKDVGGMVNNAIRQNIEQNNMIHPNQINNNNNNNNNNNNVYNFNDFTNSMNQPNVINNNKKKKAFTTDDYFVKYDENQKVTKQTKLNHHNEDNLNDTITVYLNSNQEDYLYESKNNFTSIRSEHISSMVDIKKGSILNSNNILTNDNNTNNNIHSNIHNGSSSNNNNNNNSVCTGIKLDESKFVPFLDIIERIYSPNNILNKKYVSSEELKNEKSTRTYNSSLQEGSDYDEEEDEEYDVDADVDVDVDVDDDDDDDVDIVDVDVDDVVVDYNYYDNENNSVKIIDVDERKRSVHFYPQHLDGNTLKKNLYYNDNYLREYILSTKNELSGYSSFENNLSSSSVNSIKSNFSNTFSKDNINKNIITDDTSDDNDMMNSNNNMNSMMVPYNMHMTDDEFQENINNNNNNNNNNNDNMYLSSDDGYPSQSNHKWIHFNSLLNYDIHELSKKKKKKKKKISIHSCKNLPLVLVYLSKKIKLNFYKYSMKKPKEETIILLKELNSVENDINDLFLEVDLNEVYYDFLIR
MAL1920,MAL,MFDNNNNMSKELKQLEKEKKNVEGNNLNLLLGDLKMMTAYEMSSEWKDTNMMNECFNNFSWFDSRILRNMQNYLNADDVEKSKIDYAYNTLFPKPIDIKDTKLNMMALWIKSRIHYNNTFFPLQLSPYDV
MAL1917,MAL,HENKIQAKENVLNNNMNINNNNYNIMLNNSNIRPYDGYIMNMNNYINAKNNMIGPNIE
MAL1916,MAL,MNCKNMDTSYEIINYLTKDELDIDLSCMDKKERYKIWKRLPKCELHCHLDVCFSVDFFLNVIRKYNIQPNMSDEEIIDYYLFSKPGKSLDEFVEKALRLTDIYIDYTVVEDLAKHAVFNKYKEGVVLMEFRYSPSFMSFKHNLDKDLIHEAIVKGLNEAVALLEYKIQVGLLCTGDGGLSHERMKEAAEFCIKHKKDFVGYDHAGHEVDLKPFKDIFDNIREEGISLSVHAGEDVSIPNLNSLYTAINLLHVKRIGHGIRVSESQELIDLVKEKDILLEVCPISNVLLNNVKSMDTHPIRMLYDAGVKVSVNSDDPGMFLTNITDNYEELYTHLNFTLADFMKMNLWAVQKSFVDPDIKNKIISKYF
MAL1913,MAL,MNINLIKKRDDIPQTNYRSNNKLLTNKRNDLHLRRRKEESSISTFIKKNITNVKHTKDRHVFNNKTTKTKFPEDKINNYMRKPNIINVHRKKCSVDIMNKGNSSSSSSSFSFQDRRNNINDIKKDIGIDQSNNIKNDKVTCIKHNINLKELINLNLFEETKLINHDQKENLSHMIKEGDNKVRNVKKQTNKYNNVDNNKNNYYAETIYIVDEQEKEADCFPNNKSNIVLSYSNQKKEENVLKNNYKKNESLNINHNKRDDTNVCPVIKGLTSKKKNNYINNDSNIYKEINNNSQHIHSNIKTSNICKEEKTYIISYINNKSNIIFNSNINGNKNILNNVNTYKNKQGDKISNINKNEIKKNKKINDTSFQCIKNNINNTSIEEGRHIIRSNKNNNTFDQEINNEIHNKKDNYYYKGDTSIYYKMIGNQYNCGDNISININKNKETLNQTQGKLINTLDPTMNTTYKNNDKNVLKINHKEVRKGLTFEQMRRKSYEPILYNEVNRNQHINENVNNIKDYNNNINDIYNNTSEHTHNNNYSDKKKTSVQKTSRNPIYEIKNKMIKRSTVNPKLTQKSTSKNSMDSFLLFPKKNITTNNFSHHINNDIKSASRSNILVKNKQIEKKKNNAIYNIAQNNHNMNHMDEKKKKELFLLKINDIANKNYKDTYKEEEKIIQSENKTIQNNEKKKENNIYIYNSKDIYMDKNCNLKNNVLLYNNKRKTNQHKNSLYMEIKTKDNFKKSNYIAEGKEKKKNGLSVINNTSKFYSYEQNNDNNNDNNNNNNNNNNNNNNNNNNNNNNNNNNNNNNNNNNNNNNNNNNNNDNIICQNTNINSNNNIIEPKKKKLLFFKKKINNKINTITNNISEQEGNINKTSLHKKTINPIYNFKEKNNKTDHHTTILSSAYHNKLIKTGLKGKLSQLKNGNQKTFMKKVTTPNISTKKNILSGAKEKPGITKIKINIMIYICVYVNVYYIYIIYLLINTYGFILFFICS
MAL1910,MAL,MCCIEHIDRSKNIIFFGIINKCLFLNNKRVFFLNKRRNIITYKKDIRLETLKMDDFCEVDLDEFCYKQFDEKNKSCSYIPYDKEKFVIKVNELIKERKIKVLPGYADFCKHIFIENFTEATVETMEINNKNRDLIKTDYISRRDNELPVLVRWLCKKDIKDQITKAKYLDLILYSKDQIDKENKEMKNKPKNISHCDYSIICIKAQNENYELPMTPITMLRNTLITEGGSGVHLNREKYLDSVKYWRHHVSIIDN
MAL1908,MAL,RNIPINFKNMCKEVLLNNYQEIELLYIYMYLNNFTNIQSLSITLWNFMEYINFTFFNSKNNMLMDSINIIKLCKNQKEEYTKDQMLAQHIFIYYYNKLENANPNKLKSLIKTFFNIEIDKRLFFEDQANRLKE
MAL1907,MAL,MNNYIWNNTYSLEFLSEDFYDLNISTKDNVYEIIKKKKDENEVESLSINISSHICMFVQLIDNIIGKLSYSNDIINDTLNYKKLSDVFNFIKNQLYNCDYSLFLRIYSIYHTYNHRKNGYLDVNNLYNFILDIINKIENLNENHFLILPGGFYLQKEKMLVKILYIIHKKNNLYSFAVLNNSIYGTQYHSFKIDDIDNLGILLRDVVLCIKNIQKNYLTNSLFWLCLYRLYIFPNADNVDILYQILLPYLNNSFLTNNWNICDNNTINVVSDENGSKDHSNGLMNTNNNINNSNNNNNFNNNNNYNNNFNNYNNNNNYNNIYNNNTPFDMNFSNFNNNLNNNINNVQANLGNGPNYMNTSGNNFNGFDNFNNINNLNDFDVWNNFNFNNSDKFPNDLNYFNDFDLNVFQNNNNNNNVMMASQNIPVQFSEQARYNDNKNVRKKKIREKYEKYGGIYVNLYKDKFTSFSMSLYYSMIYMLKVMNIEEEDIEVFKIFIYYSIILKLCDDLIRYEYIERRKNEMGNVRSSQHDNSNNNNNEVNNNNNNNNVNNFYGSQVNNYNNNFGHNNVSSIYSNNNNSELHKSENKNDPNRIDDIFFVFLDMSVRKLCVLFHLYFCKMKVDVYDKSKMIRSNVLNEIMKKILFVKYMYNKIELKIYSDLTLNVDIIKNRNYVNSIKFPLYIKFEEELFKSYRKVEIKKDINMPISFYISRRNVESFNDLYVILYETNLITNILINQKSYIKHCYILAFSFISHVLNNVIPSTKHFIYLSKYAKLKRGLQLSIFYEIYRMYNNIYFISCSLHENKEIVMYKIINSSMLLFLYDFLLRVKCVDVCSIFSIHYNGFTNDSSYYMNQKRRKKQKKYIKSKNDRKGSVVNKSKYNDKSSNNYDNKYNKFKDRYKDSMIHN
MAL2097,MAL,MLRIGKNKAKGSLFIKKCYYTNNSKGWLREYVYTKYRISLPNIENVKYDDIYLSCPSRDDFYVFTKKVPIFLRYLKLITSLENRTNDFIDFTKKCENGLNVEKDVYLTKEELLDIMFINGYSTKEMNALDLSFCSTYQFHYPEISVLFNLDEEDVYKYCLKKRSENPQTLVHLKYEKEKNMLSSYGFIFVFLYFGLNNLVLCNAWFLSKTIPFFSVFYMLGSYFYKDIQKYINKDINLMIDENNKNKLLAEDIIYKQLKLFSKDTECTEQLISFKQYCNVLIKKYTHSYINFQKNKIVETLEKKLKEIYNDEQNYKNSLQNILIEEIIKKIYEKIKTDKTFADSILNDGINNIQNINQNDTLINYVKSELQNIQKMDQKNSIVTKVLEQYELKKQQYLAKYIIHTHELNQIKNIINKSKLNINNLNHIEYNELLQLFNTINNRFGFYVNDDSISNITSSDSESKSFTQQINKFIIDTNKSFQHKKLVAFLREFQHI
MAL2085,MAL,MATKIRYSVHTTNKFSVFDSDDNSEEEIENKDLNESPKNEPDIVYEEKTIDNSNE
MAL2084,MAL,MEKIYSKNKLDYLSIIFNFYSWYKRHFKGTLLINENSNIKNTTLIELLGNKKLLLNEINACEAILKLNEHHENYDSSSGTCNVNNINQPNNNNNNKENINDNNNNNKENINDNNNNNKENNINPCSTNSFNINSFSTNNYNNFNNPCCSFSCNIYDYYDILKIEELKDFLKDFILRNKKINKEFFDTIEEDMTMWKKIFFFGQKKRTPEFLDFLLFYILKKENIHFFEEETRYINLHNWFLKNKIYDISNDKKEDNTPSACNTNFIQQIIEEDLKNKKHTHVITRFPPEPNGYLHLGHAKSICLNFGLSNKYGGRTHLRFDDTNPVTEEIRYIESIKEDVKWLGYDWKEHLYFASNYFEQLYEWAKILIKQGDAYVDDQSIEEIRKNRGNLKDPGVDSPYRNRTVEENLQLFENMKNGLYKEGEKVLRAKINMKSGNMNLRDPILYRIMYKIHPKTKNKWVIYPMYDYAHGQSDSIEKITHSICTLEFETHRPLYEWFQEKLHIFKTRQIEFARLNVTYMVMSKRKLLTLVNEKYVKDWDDPRMPTISGMRRRGYSPDAIKDFCNKVGIAKRENMIPIDLLEFCVREDMDKKAIRLFAILKPLKVIITNYNDAPDYEHIHNLVASNHPKMEQMGFRNLKFEKEIFIDHDDFQEIPQDNFFRLAPNRTVRLRYAFCITCNEVIKDDQGKVIELRCTYDPSSKSGLCTNQKKDNVNRQGGDGDNKQGGGGDNKKVKATIHWLCAKNSLQAEFRMYDKLFTKPNPESNEDTELVQKITSTAHLENNTNNQGNGKDEYASDTLLQDEHLEDESKNAGWRKYINTNSLIIHKGLVENYSTRFKIGDPIQFERVGFFTKDKDTTNELPVFNLTVPLVDNTMLKKKKEDLLQKELDKLKREKIAAERKLKKEQKKIREQKKKEQN
MAL2080,MAL,DDKGRQQTKGKEKCKEKDKYKDKEFDIYKEINNDKMISEHMGIYGEQINLKKKEFTNFSSSSSFNMSNNNNNNNNNSNNNNNNNNNNNYNNNNNNNNHTFDISTKNKDKKRKIDSLGNTYEHIISSNESKIESINEQSTSRKFHKINEDKRKKYQKLDIRTLNKNVQKNKEICTNCYIHYDNFKSSYILTFINRKQKKQRKIFPVEPNEKDEAYIVQIIKYIEKLKEQDKIFGINKNEEKQENKNNCLNEGEQQQGVLNINTNINNCNDNIMKENNMKDNIMKENIMKGNEVAHHDSMNDHKVINKDESNENNMNNNNLNNNDNIFNNDNIFNNDNIFNNDTIYNNNIYNNDTIYNNDNIYNNNIYNNDNIYNNSNIYNNNNIYNNSNIYNNNNIYNNNDNNNNCSNNNVNMMNQFPYGNNTEYILNNKLTFNNNDLNQDKIDLINDMSRTNENIKNNNMNNFVQNFNEQFFVQQTNFNYINDNINNISPINNMNNINGLKKHMNRTYSRSISMYEDINIPHNVDYINYSIENDNVYDENYNIVLNQCASNNANVTMFFESNDNKDNSTKPSGDVYMEDMNMPNNMNNMNSMNSMNSVNSINSINSVNSINNGNNINNLNIMNNINTLSCNINNNSFANNLYDNNIISHNMKNIMYPYINNNITETTNTFINEKNQANRINNIPYTNFHNIQNNNDADTMKNFHNIQNNNDADTMKNFHNTQNNNDADTMKNFHNIQNNNDGDTMKNFHNIQNNNDVGTMKNFHNIQNNNDGDTMKNFHNIQNNNDGDTMKNFHNVMNEYNINVNNKTNYEDLESVDKNISRENNM
MAL2078,MAL,MLHLQRLTISDIENIEYILKKKDYSGIKTNQDIKKIFKDLGSAFRIFGESLKKIHNDGNTIICNIKKKKENDKEKLDENVYLVDCFTNVISVIKHMYEENILASDEIEKNIVNELEKEEKERIEDINDIYNEENNLEDNVQNKDKYINIKNVNNDNNDNNENDDNNENNENDDNNENNENNDNNLCFDEYLKNDICIENIPIIHFENYLKKCLEKNEFINEYVNHPQFINYFSELPKLDLKLEKEIHSFKEIMDKFAKNASKHLINKSHERIQAIYKKKKEILSFLYENIDELKHNKKNIISKKDMVLNNYHNANHNANHNANNNANNNANHNANHNANHNANHNANHNANHNTNHNTNHSSNHSSNQNKSVKGLNNISKKKRRTNNKLQEESLYLEKFEIREKYRIEKIYSSFRCFIKLLALKHIRINKVIYETSKEISSYDSLIDYQQWLSIILKKNINIGNLRECIQNNNILTKEEEFLLMPSETNNSNNTYLMNLLEKVQNSAPHFLKGELIFNENKKEKLKIKEDNDINKMNEADDMCLEKNENSIKTHQDDMLNTELNKKENNNNNNRTISNTEEKYNIKSNIHKNDVINSHRDSQFPDIFYIPIIIKQDDIDEINSVCNHLNDQPYKDHVHLFLDNKYKNGDTYKYKNGDTNKYKNGDTNKYKNGDTYKYKNGDTNKYKNGDTNKYKNGDTNKYKNGDTYKYKNGDTNKYKNGDTYKYKNGDTYKYKNGDTNKYKNGDTYKYKNGDTNKYKNGDTYKYKNGDTNIDLDIDRTIYSNADYCSKLNMNTYFKKDMDRYNGKDIVTFYKNRQKCYEKYILQFNDLNMLSYIYKNKNIKIDNNDNYIHNNII
MAL2073,MAL,MSSATQLGISEREYEEALAVEKLFFLSSRERCNYCNYGKSTFVDTFNYEFLCDKCSYRSKHKKKIGEDSISYYDVQKLEKKFGDSAYYKQHSNNNKHHHHHHHHHNKKSSYSQEKKSKSKNRRSSTRKHIEVVTDSSDSEYDEKFKKKEKKKKKERDRDRDKDRDKDKDKDRDRTRDRTRDRTREKSYKDNKDSKYKKKKKYDDSDDDFDDEFSLNDYDPNTPGMIGIMNSNNMSNSDYKNNFDNNFNEFDGNHLNYNQMSEHNYHDFNAFNNNINNHIPFDNNNNPYSKNNFHLKYMNSPSSDLANINPICSDDFNPMYFNKMNYPNNFNVKLNEDSDINNKMKYNNKMSMVPYDPFDNSSNGESNRYSNAMDNANYYNTTNNMNNMSNMSNMSNLNNMNNMSNMNNMNNMSNMSNMNNRLYLLNKRSSLNNNYSPNNIKPLYNQQYSNKNLYNTLNHNQNPLNQKMSFDNNIPSNKNKMYQNKKNSTYLLNNNLNKSNSGSGLLHSGNNMNLLCYSQQNSLNDMNRFHDNNMYNPDFAPVNVSDKNPFSLHNMISTPNNRKSYNALNSLNSDVSNNSISRNSFKALSYPVFDSNKKF
MAL2071,MAL,MLMIGLLGCGNVCNELKEKKNMLLKENPDKLLNKKRRKKLVYSVIGTLSAILGIAIFGMGINSHFKEKKKTIWDEVGKDIDSILNRTIAVGIWKTRKNYKNEIEDIEKIIPSQEEIQKILIYQIENKNIKITDGYMKEIQSLSKYVLYNIRNSMRNYTKTLSYYS
MAL2069,MAL,MEKYFMKKIKGVFSTFKKDNPNINNNNNHNNTNNNNNNHNKSNNNNSTNSNRNDDDNINRQSTQENNSTVGNKRIVGMTNDTYKQEKDLNYFFSENKERKEESNSNHKKKNLKNKGQKKLDSNEKDMPEFSKKMKYTKLYQKENMLSIDNYIKINKKHSLHFVKRKYTKRKLMASNIQNICNFITDKNKNENSRTKKVESLDDYKEENKNTPNKVDEEKKMNLQYEQEHNNTNVAQETKGGKKKKKKNVDRNQNNLKEDNLNNDLLNEDILTKGQYDHDNNNKKNNSSNSSNNNNNNSNNSMNEYNILDDSSNIQFHKKETPSKNQGKNKYIFKNVERKNTAVYDKNKNTSLNNYGQQQKKINRIDEIFKNLIEKRKKKEMRQKYMLKKKFLMNNYKGKTNENYEHEQREGEKEEKQKENDTYGDFEELDEEIEKDGEEKEEEEDDKNEEVEEQNEEVVEKKENVEKQKNHQNNKTSNNIYDNKSYDHHGRNTHLLKKEKKQRTKQISNKNVPMIDESTIEKCYKQMRIFAEKFSSFKNKFDQYYNTSEHWNLKKKGKKRKNSVNTSDKENMENYFFDEDSMKKETNELEELNKNIQKLLNANMSNDINVDKINEIKKYTQDNHNKSLMKNINISESIYFDCENTSAKKRKCSDNASVSTNEENLNKLLEYATNKKNNMINSEDDIKTDQEYERDKRKKNKRKKNIYDDLQKSNENNSEEVIHLLRENEEEEKEENKQTNMEKRKKGRKKKKTEDIQSDKVKIENVQSDKVKIENVQSDKVKVENVQMENVQIENVQTENVQMENVQMENVQMENVQMENVHTEKAQNENIQIENVHTEKAQNEKIQTQNIQTDNVKTQNAQPDNVQTQNAQPDNVQTQNAQPDNVQTQNAQPDNVQTQNAQPDNTQYKNEPFKIEAIENVLEEKENLSDKHLENQVEVANVSNEVFETEMKNFNNSNGNMDKDINIIDIPHEDLNKYIKDELNNNDNNNNLLN
MAL2066,MAL,SLPIVLLKEGTDTAQGRSQIIRNINACQIIVDIVKTTLGPRGMDKLIYTERDVTITNDGATVMNLLNISHPAASILVDIAKSQDDEVGDGTTSVVVVAGELLNEAKGLLNDGIEPNMIIDGFRNACNVAINKLNELSLNFSNKNEEEKRSILLKCAQTALNSKLVSNHKEFFGELVVNAVYKLGDNLDKSNIGIKKVTGGSCLDTQLIYGVAFKKTFSYAGFEQQPKKFINPKILLLNVELELKAEKENAEVRIENPNEYNSIVQAEWDIIFKKLNLIKDCGANIVLSKLPIGDIATQFFADHDIFCAGRVEDADLKRTANATGALVQTSLFNLNDDVLGTCGVFEEVQIGNERYNIFKECLKTKSVTIILRGGAKQFIEEVERSINDAIMIVLRCITNSEIVPGAGSIEMQLSKYLRIYSRSICNKEQIVLFSFAKALESIPRHLSHNAGYDSTDILNKLRKKHSEQTSDIWYGVDCMEGDIINAYDNCIFEVTKIKRNVIYSATEAACLILSIDETIKNPSSAAGTQRSPYS
MAL2064,MAL,MLPCVIISFLYLFYLTYIFKVVIIYCDSSFNRKNIKGHTFDSSSEYIHILRGSQPFFSKKILNKKILKTPGDKRGNYEKKHNAAQETKNDHLKKERKVVQTIKGKQDGQAINEKRDGQAINERQDGQIINEKKDGQIINEKKDGQIINEKKDGQIINEKKDGQIINEKKDGQTTNENNDSISIMYESKNNIEENSKESISLTPYGQESVVKKNELIKEEENNEEKTGAIYVDILNNNNNNNEYEHNSVIINNEQQHENVVDTEKYNNYNSDNNNDNINDNHNNDNINDNHNNDNINDNYNNDNHDNNNNNNNNNNNNDNMNDNHNNNNDDNNNDDNNNDNNNNINNNINNNNNNINNNINNNNNNNNNNNDNNNNDNNNNNNNNNNNNNNNNNNNNNNNNNNNNNNDNNNNNNDNNNNNNNDNNNNNNDNNNNNNDNNNNNNDNVDNNNNNNNNNNNVDNNQENKEEIINKKETYAQKDEKIDELNNDKTEEEKHIPTESVNNIKKESDINEQIDDTSNNDNNSDNKKDTDEGKQKENDTNVQEECVQENVINYDKEREQKYEIAINNLIKYHKELTDDDDDDDEEEEEEEEEENENNEINGVYRKIDESNENEKERDSYSKRNYPNIYVKYKDDLEFYNAKLKENDLDEFYDYIIGRRNLINITYKNEY
MAL2060,MAL,YKENPSLLILYHMPSQVCDLQNKLFLSGVLYSCFFLIIYIILFSIYIYDTSKSIKAIGSYSNNLKSYFLFNGHNYQNRCWEIINIIKVSFIIIPFICQLYTKRNVNSKYFICCCIVLVLITEVACILFYSPYDKRSDNLLQKLSLTSSFFILISYLTVQVGFFFDVTILNIIPIFLFFYFHVYVIKQIILDFAIYKNILKRKDNHISFDKKKKSNDMLNDYNFLFFFDKIEIDNKDSNTPKGIDTTVQCDEKEIKNKDDINNFNHNKINDVNNKRKKKKKKKKKKKKDETTKSPYNEEYNLLNFVLSSNNIPSYSIYFDDKEEEIYLFQNNNTRGYEYKKKIINNMKYNNDIKIEQTKRISLDLLHSDILYYNIRKGTINSDISNMNTYNNIKMRKQENNYYHQNDCNNINSDDYNNVCVQKRISNKLEHFIRIEREYDKEKHYIKNNEKNNSEDDMFFLNITHFINCFIDAINILYINQSYDKITVEWLSFITRFSICFIHWMKNHDENLINFVPLNDKQFELKKRNLLFYSLFTSYTEIYNLYHSINNSNSLAGCKKRFINSKNVSKPYKHIKKIKNKQGDLYGINNLNDTKDIGDKYQRNYKRNNYYNGNIKNEHLNNYDLNNYDLNNYDLDDYHIYNNDIYNNDIYNNHIDNIHLDNNHLDNHKKDKPFIITSASSPSLPCFNISDDQFFRCENDIIKLLFDETLFNNLTITLMEFYFAIYIIQFIESKKLSILINLFCEKKKFLSKERQFLKILMSRKHIIQKIIDKNNLSTHMNEYIEYNYYLEYNKKLKKQREKLLNLIINKKGQIRTLKSIKNLQLMEENMVQGKNNINTHFVKTLKKLLEHQPSHQSENNIK
MAL2049,MAL,NKNNDINKNNNINKNNNINKNNNINKNNNINKNNDINKNNNINKNNNINKNNDINKNNNINKNNNINKNNNINNVNNNSSNSYKNRRHHNTYIKCCHDSHLYSREINDQGHDKNKCSHNINNSTPESIVQNNKNISDINLVNNTNISINCNKLLNENCIKSSCDKSNFLNTPNIVVPKYSNIRPITQKDSLSNDLLRNNNLREKYHPQNDSNYYKEIRNTNCNNDVEKNIKDNILHTKKQSSHLNNVDYDSDNKLKNDYSEGINNFDQNNNQKNNMIPLFNDDHIVNYRNISSSNHHNINNIPNYFIPLNNNDEKKKFLDIETYKHKNIKMNNNDKHIYNNMNNNDKDIYNNTNNNDKHIYNNTNNNDKHIYNNTNNNDKHIYNNTNNNDKHIYNNTNNNDKHIYNNTNNNDKHIYNNTNNNDKHIYNNTNNNDKHIYNNTNNNDKHIYNNTNNNDKHIYNNTNIREKDNDVIYHEIVTRCCRNNTCTCFINNNDSVDVNINLKLKSEDNSLVLSPSSCSNDKSFVNDFNENKDDMSFIYNQINIKNDKQEYVICEPTKSTQHINEKNVPINTFNNTNCHFVKNRNKEVITTTYNDNINIYDQMKKENMNQFDDQTVPTSSKIICSDQHHVERINNKSINQNCLNTLTDKNIYYNDTIKKYENRKMTTDNIRYSNICALNNGQNSCKPNVILNQQIFHKVDEHGNFIYNMRDHENIQDEKLLSDQLHLDSLYKTSDGRNKERFGTTPLYNHGYNNKFVDNRNNNYSDEESTYVNEIHNYINKDINYNNEKNECNHHMVNYNNEKNESNHHMVNYKNDMDNYNHHMVNY
MAL2039,MAL,MGMSLNKPINNTNEANKGEVKKKKICCVCLETKKLRDECIVKLGEEQCKKFIDDHNKCLRSEGFDIK
MAL2038,MAL,GNKDTREGIQRIFNLFDDDKTGSISLKNLKRVAKELGETLTDEELRDMIDRADSKGEGEISFEDFYTIMTKKSFL
MAL2035,MAL,GYNITNTITRTDVAGRDITNYLSFLLRKNGHLFNTSSEMEVVKNMKENCCYVSFNMNKEKNSSEKAVTTLPYILPDGSQIL
MAL2030,MAL,MKNTGKEVRKRRKNKKDPHAPKRSLSAYMFFAKEKRAEIISKQPELSKDVATVGKMIGEAWNKLGEKEKAPFEKKAQEDKLRYEKEKAEYANMKMKA
MAL2027,MAL,MMHNNYQPFLYENQYNKHIHMMNQQIQKETNTSFKHITCNQKFIENNKINISNDQNVTNMPILYSMNKEQYINISNHNNGCNYDNINSINVYENNNEYIAPKNMLYKSEEKENLYNSSSIYNQNYEQKYINYMNNASYIMNNNMNDYTNNYNVQNFRTFKNNVFQQPLSYSNGSEAMLHASEFNQGINKENFQGEYVSNLVNSYKDNVNNVEGVLGIKKDKENDNNEEENDEEENDEEENDEEENDEEENNEEENKEAQNNEEENNNGDNNNGDNNNNGDNNNNGDNNNNGDNNNNGDNNNNNIFYNMEGSQKICHDDITLNECLNSIDINEGEKKTFEENKSSFSMLYLFGKVKFYISIIDIIHNKTNSHDLLWVPRCCNGSYGTFLKYNYSNMNEINKYTHDEGIDIDSINLKLMETRFSKNVASSRTTKRKRMIDIDKTVLHYYKEHISEFFNDKNKIIKLTKKLCKYKKKRKFNDTQKKGTYKDEKDYDNYDVLPNGDEQNHENKKQEDNNNNNDDNNNKNKNNDDDNNNNNNNNNNNNDNNNKNNHNNDNNNNDNNNKNNHNNNNNDNHKNNSNNKAKGKNMGKGKKQTPNRMNNTKNVQNGKNTKNINNIKNISNMSNIESINSMTSIKSVDGENRMNNTINMNGMNKTESINNIEITQNMNTINSINNINGINNINGINNVNGINHTNGINHTNGINNINTMNNMNNMNNINHINNINNMNNMNNMNRINSLNNKNNINPINQYNDEKQNLLNSHLQFNQVNYHNNLVNGLHKNNFLSNNNYINTTDINGNNMISHNDHMNNKLYSNINNNYYYNRANNEIPNNNSNNHNNNFNIYESKYQTMIHNNNIGQDLKQQINNYNENTSSNNNLSISQLLEGNTNFINISNTFINTNYSNDFHQTNDLLVNHNNIDLKYLSDNINTNTYNEQ
MAL2017,MAL,KKNYVPIIFESVENSTSKEKIINVCLWGISPFTYGKIEKDFALINARLETLHIKKSFS
MAL2008,MAL,LYYYDKERKENHSVILDIPKKTKIEKCRIKLIRKFFCESSSENEYSPKSLSDVEGSSSFYESSVDSGLSDKMKTLHRLDDMDNIKKKKKIDNMNHRNNHLKGTYHEDKKKVYAKDCYDEDDFIDEDEKKDLEIIREIKTKEYNIEDNENNYKLIHCLKWTRVYIRRKDDNTMRLVEYGNINTPDVYNNNMNHNNNINNNNNNNKNNIPLLTPHFNNQDLKNAEQNYNMTHTFDNGTFSNNPVYTNNFQDIQKYITNNNIDKIDNIQTLYIYGEKNINTFLKWKRFRGMLKRYFFLLKNTNNNNYDNKKNKVIQKNMQQDITNTRHKMFAFDKRDVSKLYEENNVDVDVDIDGEDDGEDDGFDYFDDDTITNKNIYLGNENMKKNKKKTIKNKRYSNIIQSNKDPAYGMEKALSIFPTLFNELKTWDNFKKIEKKKKTEEKKKIENKMHEKIKDGEKKSDLLKNKKNKKNKIKNDDDDNNIYNKELYYENMSTNENLALKKQKKQKMNKTNKKKKMNDILYNNDKNKKGINKKFVNTNYSININKNNKRFHNIISYKNKDNKKNVQKNNIKNKKTHIKNKSIVKKNKTNSESEIKKEHFHDQIIEFDSDKKKKKKKKKNVDESSDNKKKKKKKSTSSINYIAHNKRYTLKNNNNMEEEEEDQYMSEEYISGNSNYYDDYHNDKNIKGNNNKKRKKGKENMNNRYNSLNNNDEDEETEDIYYTHEEHGKFKKKKSNEYYYNKTNNNISENDYINTNVYNNNNNNNKNIIIDEENKKKNKKENKYKNIKEVIENFNDTLSNIMTDISKLNNYKAFLNEVNESYAPLYYTVIKKPMYINKIIFRCKKKKYNSLNSFFEDVNLIVTNCKLYNTPTSVSAYLCEIVDNMFKDIVNKIKNNNNLQNYNNILIEHFYKNKNLYNNTWESLQIENLWEDDQHINNLYDNTETQNNNNNNKDHLINSNSISEKHRTEDVSNMSGVSIDIIKSNDIN
MAL2007,MAL,NAYICGDKYEKAVDYGFRESRILAEGEDTCARKEKTTLRKSKQKTSTRTVATQTKKDEENKSVVTEEQKVESDSEKQKRTKKVVKKQINIGDTENQKEGKNVKKVIKKEKKKEESGKPEENKHANEASKKQEPKASKVSQKPSTSTRSNNEVKIRAASNQETLTSADPEGQIMREYAADPEYRKHLEIFYKILTNTDPNDEVERRNADNKEDLTSADPEGQIMREYASDPEYRKHLEIFYKILTNTDPNDDVERRNADNKEDLTSADPEGQIMREYAADPEYRKHLEVFHKILTNTDPNDEVERRNADNKEDLTSADPEGQIMREYAADPEYRKHLEVFHKILTNTDPNDEVERRNADNKELTSSDPEGQIMREYAADPEYRKHLEVFHKILTNTDPNDEVERRNADNKEDLTSADPEGQIMREYAADPEYRKHLEVFHKILTNTDPNDEVERRNADNKEDLTSADPEGQIMREYAADPEYRKHLEIFHKILTNTDPNDEVERRNADNKEDLTSADPEGQIMREYAADPEYRKHLEIFYKILTNTDPNDEVERRNADNKEELTSSDPEGQIMREYAADPEYRKHLEIFHKILTNTDPNDEVERRNADNKEDLTSADPEGQIMREYAADPEYRKHLEIFYKILTNTDPNDEVERRNADNKEDLTSADPEGQIMREYASDPEYRKHLEIFYKILTNTDPNDDVERRNADNKEDLTSADPEGQIMREYAADPEYRKHLEVFHKILTNTDPNDEVERQNADNNEA
MAL2002,MAL,KNMADIYYFTKELQIVKKDKFKIIEKFDSKKVTNIPHLYEPLNLTLSKENNKREISDDDDDNKGPKGDLNFLKKNSDINCSESNIKKPLKTNDLVHIYMQDYMNNVQNKA
MAL2000,MAL,IYDDPYIKKDVTLQLKNAKYNHINKKISKSKKNVKKKRGISFVSLNLNKILELQDKNPIKLISNIYAKDKSKF
MAL1899,MAL,MKVSLHLLLFRFLCLDKETGDITIPGDDKNEEGNKNGKGNKNGKGNKYGKGNKYGKGNKYGKGNKNEKNNKNNNDNNIEENDNYNDKEKITKKKNINHNNSNRNNNNNIYCSNKYQMDLFSSKDEIDKFGNEDFLITKLKYDRYKESEIFRNFFFTNKVTIYLYNWNKVDKFESLKSEKVNQLICLRGSVLRVSPIQLLITNLNFVCDKCKCIIKVEFMDGKFEPPKKCMTNNCDGKQFLPIRESAKSLEYQKIILKENRKIVNNIYETNDTNIKNLTVTLEASKFFVNSCIPGNYVEALGILKVISFNNSHLINGKNSLFNMYIDCLSIFPLSSKKYLNNNYFNVDKIKEIKNKIHTSFLWESYIDKVDKRMLIYKRNNNNYLKNKLIESVHVEDDNEHADKKKKNTYLFKDKQDGSHHNILNSNKNNNKINCEENEKGTIHKKNCNQQTNEQLNNNTDIPPYKNNERNFVGPYKYNNDQNEDISELKSGDIFFEDKYKSFENDIFRDNVINMYGDYINEENDFNRNVHYINSSDEENENYHEKNRDNNSLHLNKEIDSKVLEFIHDMEKVGYNKFYLLISSFCPRIIMNSYIKAGLLLSLLGGKTIYDDNNQIKRRGNIHNLLIGDPGLGKSRILQYISNIMEKSLFICSTSTTINGLTACAVKDTTNNEYSLEGGALVLSDKGVCCIDELDKISLNDQQSFLECMENQSINITKAGIVCNLKTRCTIIAASNPKEA
MAL1892,MAL,MAEERNTIKIKIKSINNEEYELNVKDDMNIEELKSIIAEKRNVNINDIRLIYQGQCLLNEKKLYDYNIQNDHIIHLVVRKKDNNTNNNNNNSNNNAEHVNDNMNNNRTYEHVNEPLNFNFIPNMNQPNNGNQANNNNIPNSSSIPFYFTHMRLSRNDNMENDLMGQNNICSLLNDIMSQVNINPNFIYGAAAAAATSAANAHENIFTNMMNQNMTDMNMNSNQRRENTGEKNNTTTTNNNNNNNNNNNNSGYNNNNSGYNNNNSGHYNIYEEEKNQHKQNTETSLNKDNRGSSNSTSNFIQNGKKDNKQRNVKEEEILEEEKSTNQRDYYKDNKNDTKIYDEEQDDKHKDNFHNKNSVDLHRNKYERDDTKYESDEKKYKSDEKKLENYDEKENLEKKQKRKNKVNDKKIYQKNEIRAKHEYNSNNSGSSSDGKKSNSSYSALYTSNNEEEQEDEDEDENEDEDENEDEDENEDEDEEDVENEQNKKYNDLKKKKKIKITNKHKKKKYYDSNSSISPNEDAYVERIRRDDRFRNEYDNLLEPNFHYPYMYNMNPMNHVNNMNMVGPYQAPHKFVHNNNFSKYTYPFIGAPTIIKDLKNERNKKKKSKHIYQRDDVSEICDNEKDIKLEDYLKSKEMKKKKKDEKKSKEKNENKKKDNIKDNMKNKKHREHFMKNIYNNNTVDLNNSNNIYNPNIATSKNIVDMSNLIKNSNECYSGG
MAL1887,MAL,ILRHRGPDWNGIVVEENDDGTTNVLAHERLAIVDVLSGHQPLYDDEEEVCLTINGEIYNHLELRKLIKEENLNKLKSCSDCAVIPNLFKIYKEKIPSMLDGIFAGVISDKKNNTFFAFRDPIGICPLYIGYAADGSIWFSSEFKALKDNCIRYVIFPPGHYYKNNKNKGEFVRYYNPNWWSLNNSIPNNKVDFNEIRIHLEKAVIKRLMGDVPFGILLSGGLDSSIIAAILAKHLNILDNKNGKSIQNGNDKKSNNNGNESNNNNNNNNFNNNNSGPQKLRSFSIGLKGSPDLKAAKEVAEYLGIEHTEFYFTVEEGIDSLHDVIYHIETYDITTIRASTPMYILSRLIKSSCVKMVLSGEGSDEIFGGYLYFHKAPNKEEFHRELQRKIHDLHYYDVLRANKSTMAFGIEARVPFLDIQFLNVVMNIDPQDKMCSNNKIEKYILRKAFEGYLPEHILYRQKEQFSDGVGYNWIDGLKQYAEKKISDIQFSRAKFLFPYNTPKTKEGYLYRCIFSECFPEQCAQESVPQGESIACSTSKAVEWDESFKQNADQSGRSVLGIHRHSKQFDDVKCIPLQNQESINY
MAL1885,MAL,YFLSIISNIFQLNHHVIIKYLKSYSVDIFIKQFNETLKKKYQKISINIEKIYNYSFLLTSVHKSILYDIIEAVYNKEPILLIGDTGVGKTALIDYVAKIFQKKLYVFVFSEMAEASDLIGNYYPFNISVKTNDLFENMKRLNKQISDILCKKEMELFYIKLRILLSEKKFITFLNTCSNFANSLIQNVKQNVQSFDMKIIRRYKNFMNTCKNIRDFWYDNNTTIKGKNYTLPIDYQKLFEKKICDKNQINIDDITSCNHYDNKYKSSDHNINTEIHLDVVQDEEERNTEMNELIFKFHDGILIDCIKNGHWILLDEINLAQTEILQRLQGLLDSSNKYFDIIEKGNEQIKVHKNFRLFACMNPPIIPNIRMKKDKNIVKEEFYDNKDVVNNDICLYDNNNNNNNNNNKIHKIHKQIDFQNDIDLYNSTMSSGKKELAPIIRNKFTEIFVDEILEYNDIHMIVKDLLKNTTSDNTLIGNITNCYLEIKKKSLNNIFNTENKPISFSTRNLVRAIKYAIYVNKRKFKSVQLQNAVRNGFICNFMSCLNSNNQKLMENIFKKYFKYSYEKDMDNNKNKNKISLVLNNNENDLYSQHNINHNNHIINNINNFNSNSMHIQKDGIINYDILDYYYEYKYYNKKKGEEENIQTIENNKVNHHSNINNKTNICLSDKNYMNMLFLHKNKKDIEKYACIENSWILCGNEEINLKRILSNFIITKNVKDNIKKLALCLTSIKTPILLEGNTSVGKTSLVKFFADITGHKFIRINNHMNTDINEYFGQFVNDKKSGNLIFEEGVFVKAVKYGHWVVLDELNLAPSEVLESLNRILDDNKELYIPELKSYVKAHKDFMLFATQNPANNNSYLGRKELSKAFRSRFIEFQINDFDIEELEIILHRRC
MAL1883,MAL,IKYYSYNIEKLYDYLRNEEKKKGITQRMKVLFDSSSEREDDEKDGDHEIVKISNISSDLKNKNKKNKRLSDSKHTNEKTIMKKKLCTNIKLKKNNDIFEILDDHFDEDSDRPEDMNSINEHGNKKEDSSNKKGKNETKVGKKGSKNSNATTLSRKDEILKKKELSNEKKTYEVDLERYNNLEQKIVKLASDDSYAEMNVWSLDIISGYNRLVDVYNFNNITNLIKSVDLQIKISMKVLNSMFHIIMYTKLKNIKTGKQKSDAIRSIILIYRLTNDIFNKFKEHLSEKDVVQIQTVLLSLGFQNSSYNLFEEYVKLKKDTYNASSNDGKDEAGNKVDECVSSGKKGKENKKEESNSKKKISKGKKENNDTKDVNLKKASKKGDVNNSNSIIKSLDDIYKYKLESVKTYSELKIDENKEHEFQLYYMYYLLDRTTGNIKDSRVLFTLDTWQYNILNLVDRRKSILVSCPTSSGKTFICYYVMDKVLRLNNDSVVIYVAPNDTLALQIYHEVNGRFSTKGYSKYGGNKLCSYMTDKYAEEKALDSQIIIILPSILENILLSYYALNDMNENMNVSKFISKIEYIIFDEIHCIGDKEFYGSQIENIIHLINCPFLALSATIGNINCFYSWLQNVLLKKGRSINDLHLIKFYERFSDLILYVYTNKNLHHLNPLTCFNFRDILYKGINKDFYCNPREIYEIIIILFELARKKNFYHLVEFLEPSFYFQYTRCINKKKFIYYMHSVKEMIVYLIQNNYINNLEYDMIIHILLSNYMKNSFYIKDENEEDIERKNKINDNNNNNINCDNTKNNV
MAL1882,MAL,NVSNMNGNVLLGLNKNTHHDISTKDENHNDNKINNGVINIINNSNVNSINNSNMNSINNSNMNSNSIYKSNYNSNQSISDVQIRYVNEMDTSNKNNDNIFFDAISCDNNMYPNITNNNNNNNNNNNNNNNNIDVENYNNRDGTNNSMKLYAYNSHNLFQPDNNKNTSNIQNINTNKNNQDGNVNYSMNFCHYNLNDKNYLIDLNNKEQKDKNIHGCDNNIIQNRNDFEKKKKTNFYNNNNIVIVNNNMGNNNSPRMKYGLCGSHTSIDNMKNNEMKNNEMKDNEMKDNHIKSNNNNSSSSSSSNNNIYNNINDDDTFQNDYCHNDNTFTIRRKNNTNINSNIYQNDDIIYTINSLNDYMSNTLLHFKEKYTYPTLSTNEDIYNKEMEGKHIRLDDQDKYDDNDNNNVDNNNKNNVDNNVDNNNVDNNVDNNDKNNVDNNNVDNDDDDVDFHNIKNFNNNEYLSYFQKNVDTIINNCLNSLDISSMYDDTKEILNNILLSKYKAEKDNVIKKYINEDIKNMSLEEIDKTAQSIYEKRKVLLTKLLLLFKKNVDTQINNETSDLRKDLVMCHICNNNPDDQFHFYAYSRLEKDIINLIMLRQIWCESENLRLLYQFLVVEYQNKSANSVLLNVSSNNGDIILLNKKLVQDNIKNSMDHNNIHKK
MAL1878,MAL,VSRNFLLKNNDQLTFLETQVAKIVEIINLSLEVDKSPDSLDFSIPMNFFNHKNGYHVMNDDKLKLLTSYEYIDSIANNYFFLSEYKNDVFRTGNNFKLYFNLPNIYSLAYQLFNELAININVITNVPLKKYLKYNASYAYFTLMNMIGKNHDIYSKGSRFVYASYILGLV
MAL1873,MAL,MKELSLDNELELFYEYITSFEYIIRNFSNYIKRKKRNYKTIRRNDIINDVVNKYLNKIIPIKLLLHMKCSKNRRFYENLFICCYYHVIIKYIIHDPLFNLERIIEYCINHKMKMEHNKEKEKKNGKDNDQCENNKINNKINNNNNNNNNNNNNNSNNCNNNNNNSNSKKKTKKQGKKNLNSEEPIYDNFIEGCDDKTFDDYIQCFNFIKDDNISFLTEKKKMNILYDIMNICQENNILYKILNDEYIILNETYDEICHVTYSFGIMCYVFGFYKFFKIENLKIIKNNNICSYNLFQWVYDIKYTIVKYYSYLSNDPKNIKIFEDNINIIDDKNRKNNISTDHFNNMNAYVNILDHHEYFLNYIIFYYICNLKKVCNKWLCLRNNFFYIFNEYIEESFKNYMIKKNTEMQEIFSISSSSGDTKEKRNIYNVESLQMYNIKQNVIQKCSYINEYLFYNNKREYTSQNEEYIHMFNNCRENFISYKTKYLNFDLKDEVDISLHSVKFVLHYVNSIYNDDQNDEHGNDKMEMQDKILGGVISCDDTICKEKKKIKYEKIKKHLDNLYNKMKSMKSSKVYIWMYLYVNFVFDFFYVNIKKNYRKINNYCLCFDECMHENSNVENVLGGSNNNNNNNDNNNNNNNNNNNNNNNNNNNNNNNNNDSSSNNNNNNNIKKKYIIVFNLSGLIDFINKKNNLEKKKICVMLKNYIDHVLFNECKELFVEELNVDEKKNKNDIDGDDYHKIKFSHPLEEWEKTNTKNSIDEKCKKKKNNLLDESINNSVISNNNITLDNRYLYNIKNDEEKIHSNVLLSSSKYYEIHKYYKGKIKISNFVNDYIYMFISYLTLMDMKLSLLLVEKYNLTIPNKYLDLSCYIYICQMNKQNSNIIFFISRFDIHRHILTNDVANKNLKENYKIYKNIECNNNIMNNVINGSNNNNNNNINSNNNINSNNNINSNNIKNSDINFKFLDDIITIYK
MAL1865,MAL,KITAPYCAFNGGQDLWVDVGNKAEGLLILQKLLKIQKKKCCHIGDQFLHSGNDFPTRLDLYI
MAL1862,MAL,MLKITCVGLFFYIIKSLFVNTKAPETSLEKITEFRQQHRKTLDGRLCAAAFLHDDQTYTNCTTSLSPDGTSG
MAL1858,MAL,MSQIKTTVKTEACSFSEYRIYPGRGQKYIARDGKVYFYLSSKFASLALQKKKAAKLRWTQ
MAL1857,MAL,KYTPDEARSLKAHGELPETAKINETDIFDDDGQNGVEFLDDESDEEAQEEMNNARRLDIEDVN
MAL1853,MAL,MPKQITDIRKFLKISRKPDTTAVIIMKKKSKTKKNTVITKLKLRTKKYLYTMVFADRKKAERIENSLLPSLKRIYYPQKKVGKTVKK
MAL1850,MAL,FEAEEILNRIKNHKGVIGILVVNSEGLIIKSTFDQQQSDLHASLLTQLSKKARDVIRELDPQ
MAL1847,MAL,LLNFNINKNVLKLAKIFLHLAYIHFEHGYIEKCLKVCYYIYNNIPSIGTIKRDILILTFQCKLKEEKIQDALLIYKLITQFSKYYDGEYNISTLWCNILLMQYYYDKANATENEGIKKRNDIDIEDKKDCYEKYDNRNMMYNQNIMDLKRKYLINALYYSKRCYHILSSRLNDICFDFIYIFSLIMLGNILMSLNKFAKAIKYYNLSLQYCIKGKIPTFLLVQNKCLLAECLKKNGNVYKAVELAEECLQILHTNSNTYIPNLDLYIILKLAQMKEYIGCKDLITYYPYISLKQNSCNNNIINKKICLSDFINFEQKYLNEKNIKYRNEAINLYIILYEKLKNKKNYAVVNAKDIFGNFYIKDDITYNNNKTEINMNNDDIERIYELIKEILKIKVISLCMNKQIMFASKLLAIVLSKNSSPFINNLTLMKDKNRNRNILFNNKYNDDGDEDIIKNVMEKNENKNININNLIYNDILLNNINHHHNNINGMLNYQLSHFHLNKQKKFFEKSCYTKDYDYISVEKILFDHTYFEIEDICKYCYLKCDDNINKCTNNEMNYSLNPSIWFDILFFNVMKGTCNNKELIVLIDLFKIFLTPMQKQLILYHIKSLHNINNNDEYSEYIQYLLNREKTKFLHFTNVIDQNFHTSWYDNNNKPEHLSNFDKKDIIKNIDLLSNIRVTNPNLYSC
MAL1835,MAL,NKSMLIYNKQKKEAILFSEEYYNEIKNDKISTKQMLKEEIYLDYVDGFNKKCMKKKNFYIIKKMFKLYINIIKKEYNNKNKNDNHNNNNHNNNNHNNNNNNNNKNDKDEFYLCTNEIIELGKVLIFVFNFTIFYIINNIKDNNTHGKMDGGHVVKNLKKKRYTKIFCDIHNLYNLLKDKQYLTSSNELKKKLFKFYKHYHVVNQRVSSKMNDKNYFACFVQYNYLEKNKIKYLKISKKIFIHFKSLTPAIIWRSNIEEDESNDENQIIQKNNHFILPMQDNEEENILVSGKSLLDILVDEPNNNLAQNNYDKENDNVNEEKKKRKKSDIKKKKNHTNLFYDVTSLLKCLKINFKNQSAQSVIKSLYYLLYSLVVLSKKVKMISKQRDIVEGFETNVSDNEESDQKDNVDDDERIHNHRNSLDDDERIHNYRNSLDDDERIHNHSNSLDDDERIHNHRNSLDDDERIHNHRNSLDDDERIHNHRNSLDDDERIHNHRNSLDDDERIHNHRNSLDDDERMQKHHNNLDDGKRIHNHRNSLDDDERIQNHHNNLDDNYSKRNSEQSDAEESSEGSLNSDDYFEEEKKKKRKSISSIYIEDMKNLEKHIVHILFTFKVLKDIEMKDIDKLNITIEKYLFKIITIIIKEKKNLEILRMSLKCLECYHNIESKIIQDKKKNFVINYMFEFIQIIYHIPKLKEYYSKYLNIFFKSSFVRYININQVFNGSYNLYFESILNKFISVVDLNDYINNNKKKINNINLQEKEYITNKFIDIIKETNKKIYVMKDENYYNYLNIIKNKDANNINMLNGYSLNELSHVIQNIYIHFNQILTDNNAYAFNKKVNLNLLLLLKKIANMFYIKQNNIQMFKNQFIKYLSEFLNFQKRLDEDLSTQKISININEFSKKLSHLLQTIKSMKISDDQKFKANHIRQISNTSTTVSVSDHIRLAKKKRKNMKRGFNIKKKRNVAK
MAL1829,MAL,RSVMEGIKFVNDEIKQLRKEEQIKIYQRSKEYFSFLNNLKENPKYINLYNNMKDVM
MAL1821,MAL,MNERLMKGKKDIYIYFLNKRYYNPPSKRKWSKQNDKYKTRRPLAEDSNVHKINIKGEYWKQKHVNKQFVVEHGNQDMINERTSLNFFGYPNISLYNKLGGSLYIEQMDQVTLCIMIHKCIKENICDSFIWKNLLKRCTDICHKMDGNILSYIFKYTSKTEYYNHYFYLTMLGNISSNLYSFNIKNCSNILFGMNNNNNYYNEEIFNKIIEHASLLILNRNDIDINNILSIISSFTCFNNENKDHIIQNKNYISISKNVNNSYLLFDCISKTFHRYDLDLSEYDNVCSSLLVYCFLDRINLFFQERSRKVVNMLMSHLNNNIEKLNIKHISIFSYATTIFNKNLLTDNLNNYILPRIEKDCYLLDNNYLSILFYSLKDYIWEKKERNKRIYNIIYNNLLNDIHLASLDSICLITYSFLKCGKNKELQYRENDSKQKGNQSKDEINKSSDMCNNYTDDNVSNKNSFDCDYIKYDNNFTKQNINLMNMDKGKKQNNNIIVRKKNKEKNDSDSLTLSYSFNLFNDFLYGKIKYNIKHFNMFQLLLIIKGLYESRMLINNKMEELKLIILKEIQLNVYNVPIHLLSYFIKMLTQYVINNKELIICLKNVSIIYLHIYKKLYLVDSDYTLNDKTCIIQEYYNNIGNSDIKKKEKDDLWFIYNEKKKEINSLSDKYRINMNLFKKQFKYLNENLDIKKEEIEKVFSFSQNYFFNYYLKEKELANFFYFCTIMEKENAIIYFNQIKAIVKEKIINDELKFSPKSILYIFKSLDYMNMIDVGNQFFNLLLKQLFDKIFSVDISLCYEFLLIFYKNKISNYYFLKKAKHKLDMNR
MAL1815,MAL,MSNKRRGKSLLYDDYDDDFEDYDNYDEKEYCEFDFKEKKKTANIKQEKGSNKKKENNNNVKNDPIKKKENINKITNDAIKKKENINKITNDTIKKKENINNVTNDPIKKKENINNATNDIIKKKENIITLQNIKDNNKYIMLNTLNVLVLGHIDAGKSTLIGALLYNLNYVSEQTIKKYEHVRESAKYTYILDEEEDERERNITLFNKRKEFYIYYTKDDIKLAYDIIRNENDYNNDEQEKQNIGKYTNKNIYVNKNIFEDFYKRKVIHDDVICIKKINIFDTPGHNELVNNLHTCSFYADCAILVVDGNNIYNKKNDETYRNVCILKSVGINNVIIVINKLDLFDYDIKVFQHICSIIKSYFECPKNDSIYEFLFNHNFHVHKKCLQNKNIQTLLQRNLLFTPVSAYKNKNIVNFEQNEHIPLFNNYLCLYNQIKFMNIKKDLFFFKVCEQILDEQKKDSFPLNSYYNFVKNNNHLFFANNIFFDFDKETNQLNSIKNVTNEVNHSVGVVQDFTQSNNMIKATIKILHGYLKTKGIAYTLLPWKENVTIKKIEAKNDIFYKFINIDYFSILIANTPNIINIMKNILLPQLKNLTILNNKNEHKEGNKSNTCKEQNYNISSSNIIKHKNNLDQNNFFLLNTIENISELAKYCSLQNEHLNITNDIIDNVYLKIDDNKINNGCVLINSETLENEEEQQNKENKTNKENKDNKENKTNKENKEKCNLSFNTIHNNNFHVIPCNKFKVLIKLNEIRIPLIIGRQYLFYSLNFAHSVTVTNIFSLYKKNVSSNSDHLSISSNKLKFADNKNITDIENYQKSFNKNSDNNNFTFYEKIDNKKCLRSHDIGIIEIQVNNNSLICAQYFREEFKYFISLDTPFFNIYDFLFFTISPLSRFILSEENQIIASGLILTKS
MAL1814,MAL,DDKRLFSLKQLKVCALRFTETARKRIEDAGGECLTFDQLALKYPTGKKCVLLRGPTKARTAEKHFGKAPGKPKSKARPYVRSKGRKFEKARGRRKSRAYKK
MAL1809,MAL,KCNEEATLYSVPENEWRHYKKFVDYDTVQEILNISEKCLEKVIKDFGLCAQIQRKEKSIGLVPNKIPSLNIKNE
MAL1807,MAL,IEAENYEHVMDYEYIRVIESTCLLLQKGFDNLVKKNEKINNTLSDDDIEKYISKWLVVSILWGIGGSLNLETREKFSMFVQSICSIPLPNDLLSKGKMPNMDNTNKISNTLLDYQPNIEDGEWINWKELVQIIDVDRTEISDATLVIETMDTIRHETILEGWLHLKKPFILCGPPGSGKTMTLTSVLKKSSEFDIASLNFSSGSLPNLLLQTFDHYCEYVKTTSELVLRPLQPGKWLIIFADEINLPTPDKYDTQRIIMFMRQIYESQGFWKYDVNNNSWNWVKIERITFAGACNPPTDAGRNPLSNRFLRHTSVLYVDFPGYESLKQIYGTFNRAILRKFPQSSHMADNLTQAMVDFYTKFSETFTIDMQPHYIYSPRELTRWKLALYETLESCDELKTKDLVRLCICEGLRIFQDRLIYKKEKKETDKIIDDIFKYSFPDITKEDLLRPILFNSYMKNYYTEIDKKDLKVLILSKLKIFNEEEINVQLVLFDDVLDHITRIDRVLRLPLGHLLLVGASGAGKTILSRFVSWINGLSVFQIRAGRNYTTESFEADLRHIMKRAGIKEEKITFIFDESNVLGPAFLERMNALLASGEVPGLFEGDNYITLINECKSAYRSNIGLDESDIFKKFTKQVQQNLHIVFTMNPANPDFANRQATSPALFNRCVIDWFGDWPYSALLQVASEFIFNLILPDNNFYMDYVGNEDGPIKGKIQYKNNKAYFLSRAIVEIHNSVVHINNVLMKKGNRYNYMTPRDFLDFIKHFLKIIDEKKEEVSSQKNHLNSGLNKLKDTEIQVAELRN
