Q197M9,PAN,REIESSIGDSVSRALTQALPAPTGQNTQVSSHRLDTGEVPALQAAEIGASSNTSDESMIETRCVLNSHSTAETTLDSFFSRAGLVGEIDLPLEGTTNPNGYANWDIDITGYAQMRRKVELFTYMRFDAEFTFVACTPT
P01426,PAN,LECHNQQSSQPPTTKTCPGETNCYKKVWRDHRGTIIERGCGCPTVKPGIKLNCCTTDKCNN
P01586,PAN,MVLASSTTSIHTMLLLLLMLFHLGLQASISGRDTHRLTRTLNCSSIVKEIIGKLPEPELKTDDEGPSLRNKSFRRVNLSKFVESQGEVDPEDRYVIKSNLQKLNCCLPTSANDSALPGVFIRDLDDFRKKLRFYMVHLNDLETVLTSRPPQPASGSVSPNRGTVEC
P89481,PAN,VIACAGAMKLSNFQGKLLMTVNNTDIADVIVIPTSKGENRCWVRAIDVGYMCEDTITYECPKLTSGNDPEDVDCWCDNQE
Q19AX9,PAN,VKITTQDVSQQLKTCLRRSACVYFTEYENSGSKRYAEWVVTTRQAAQLRRKLEFFTYIRFDLELTFVITSTQQPSTTQNQDAQIPYPSD
O34097,PAN,MNKKKMILTSLASVAILGAGFVASSPTFVRAEEAPVANQSKAEKDYDAAVKKSEAAKKDYETAKKKAEDAQKKYDEDQKKTEAKAEKERKASEKIAEATKEVQQAYLAYLQASNESQRKEADKKIKEATQRKDEAEAAFATIRTTIVVPEPSELAETKKKAEEATKEAEVAKKKSEEAAKEVEVEKNKILEQDAENEKKIDVLQNKVADLEKGIAPYQNEVAELNKEIARLQSDLKDAEENNVEDYIKEGLEQAITNKKAELATTQQNIDKTQKDLEDAELELEKVLATLDPEGKTQDELDKEAAEAELNEKVEALQNQVAELEEELSKLEDNLKDAETNNVEDYIKEGLEEAIATKKAELEKTQKELDAALNELGPDGDEEETPAPAPQPEKPAEEPENPAPAPKPEKSADQQAEEDYARRSEEEYNRLTQQQPPKAEKPAPAPQPEQPAPAPKIGWKQENGMWYFYNTDGSMATGWLQNNGSWYYLNSNGAMATGWLQYNGSWYYLNANGAMATGWLQYNGSWYYLNANGAMATGWLQYNGSWYYLNANGDMATGWLQYNGSWYYLNANGDMATGWAKVHGSWYYLNANGSMATGWVKDGETWYYLEASGSMKANQWFQVSDKWYYVNGLGSLSVNTTVDGYKVNANGEWV
P10324,PAN,MNKFVKSLLVAGSVAALAACSSSNNDAAGNGAAQTFGGYSVADLQQRYNTVYFGFDKYDITGEYVQILDAHAAYLNATPAAKVLVEGNTDERGTPEYNIALGQRRADAVKGYLAGKGVDAGKLGTVSYGEEKPAVLGHDEAAYSKNRRAVLAY
P01580,PAN,MNATHCILALQLFLMAVSGCYCHGTVIESLESLNNYFNSSGIDVEEKSLFLDIWRNWQKDGDMKILQSQIISFYLRLFEVLKDNQAISNNISVIESHLITTFFSNSKAKKDAFMSIAKFEVNNPQVQRQAFNELIRVVHQLLPESSLRKRKRSRC
O12347,PAN,TITAADDYQFSSQYQAGGVTITLFSANIDAITSLSIGGELVFQTSVQGLILGATIYLIGFDGTAVITRAVAADNGLTAGTDNLMPFNIVIPTSEITQPITSIKLEIVTSKSGGQAGDQMSWSASGSLAVTIHGGNYPGALRPVTLVAY
Q6RXC2,PAN,MVRHRIKEHMLKKYTQTEEKFTGAFNMMGGCLQNALDILDKVHEPFEEMKCIGLTMQNMYENYIVPEDKREMWMACIKELYNVTKGAANKLGGALQAKARAKKDELKRKMMYMCYRNVEFFTKNSAFPKTTNGCSQAMAALQNLPQCSPNEIMTYSQKIFKILDEERDKVLTHIDHIFMDILTTCVETMCSEYKVTSDACMMGMYGAISLLTEFCRVLCCYILEETSVLLAKRPLITKPEVINIMKRRIEEICMKVFAQYILGADPLRVCSPSVDDLRAIAEESDEENAIAAYTLATAGASSSDSLVSPPESPVPATIPLSSVIVAENSDQEESEQSDEEREEGAQEEREDTVSVKSEPVSEIEQVASEEEEDGAEEPTTSGGKSTHPMVTRSKADH
P04935,PAN,MSASKEVRSCLWTQSLRRELSGYCSNIKLQVVKDAQALLHGLDFSEVSNVQRLMRKQKRDDGDLKRLRDLNQAVNNLVELKSTQQKSVLRVGTLSSDDLLILAADLEKLKSKVTRTERPLSSGVYMGNLSSQQLDQRRALLNMIGMTGVSGGGKGASNGIVRVWDVKNAELLNNQFGTMPSLTLACLTKQGQVDLNDAVQALTDLGLIYTAKYPNSSDLDRLSQSHPILNMIDTKKSSLNISGYNFSLGAAVKAGACMLDGGNMLETIKVSPQTMDGILKSILKVKKSLGMFVSDTPGERNPYENILYKICLSGDGWSYIASRTSIVGRAWENTVVDLEQDNKPQKIGNGGSNKSLQSAGFAAGLIYSQLMTLKDFKCFNLIPNAKTWMDIEGRPEDPVEIALYQPSSGCYVHFFREPTDLKQFKQDAKYSHGRDVTDLFAAQPGLTSAVIEALPRNMVITCQGSEDIRKLLESQGRRDIKLIDITLSKADSRKFENAVWDQFKDLCHMHTGVVVEKKKRGGKEEITPHCALMDCIMFDAAVSGGLDAKVLRVVLPRDMVFRTSTPKVVL
Q53653,PAN,MNMKKKEKHAIRKKSIGVASVLVGTLIGFGLLSSKEADASENSVTQSDSASNESKSNDSSSVSAAPKTDDTNVSDTKTSSNTNNGETSVAQNPAQQETTQSSSTNATTEETPVTGEATTTTTNQANTPATTQSSNTNAEELVNQTSNETTFNDTNTVSSVNSPQNSTNAENVSTTQDTSTEATPSNNESAPQSTDASNKDVVNQAVNTSAPRMRAFSLAAVAADAPAAGTDITNQLTNVTVGIDSGTTVYPHQAGYVKLNYGFSVPNSAVKGDTFKITVPKELNLNGVTSTAKVPPIMAGDQVLANGVIDSDGNVIYTFTDYVNTKDDVKATLTMPAYIDPENVKKTGNVTLATGIGSTTANKTVLVDYEKYGKFYNLSIKGTIDQIDKTNNTYRQTIYVNPSGDNVIAPVLTGNLKPNTDSNALIDQQNTSIKVYKVDNAADLSESYFVNPENFEDVTNSVNITFPNPNQYKVEFNTPDDQITTPYIVVVNGHIDPNSKGDLALRSTLYGYNSNIIWRSMSWDNEVAFNNGSGSGDGIDKPVVPEQPDEPGEIEPIPEDSDSDPGSDSGSDSNSDSGSDSGSDSTSDSGSDSASDSDSASDSDSASDSDSASDSDSASDSDSDNDSDSDSDSDSDSDSDSDSDSDSDSDSDSDSDSDSDSDSDSDSDSDSDSDSDSDSDSDSDSDSDSDSDSDSDSDSDSDSDSDSDSDSDSDSDSDSDSDSDSDSDSDSDSDSDSDSDSDSDSDSDSDSDSDSDSDSDSDSDSDSASDSDSDSDSDSDSDSDSDSDSDSDSDSDSDSDSDSDSDSESDSDSESDSDSDSDSDSDSDSDSDSDSDSASDSDSGSDSDSSSDSDSESDSNSDSESGSNNNVVPPNSPKNGTNASNKNEAKDSKEPLPDTGSEDEANTSLIWGLLASIGSLLLFRRKKENKDKK
Q9LA13,PAN,KNLDCWVDNEEDIDVILKKSTILNLDINNDIISDISGFNSSVITYPDAQLVPGINGKAIHLVNNESSEVIVHKAMDIEYNDMFNNFTVSFWLRVPKVSASHLEQYDTNEYSIISSMKKYSLSIGSGWSVSLKGNNLIWTLKDSAGEVRQITFRDLSDKFNAYLANKWVFITITNDRLSSANLYINGVLMGSAEITGLGAIREDNNITLKLDRCNNNNQYVSIDKFRIFCKALNPKEIEKLYTSYLSITFLRDFWGNPLRYDTEYYLIPVAYSSKDVQLKNITDYMYLTNAPSYTNGKLNIYYRRLYSGLKFIIKRYTPNNEIDSFVRSGDFIKLYVSYNNNEHIVGYPKDGNAFNNLDRILRVGYNAPGIPLYKKMEAVKLRDLKTYSVQLKLYDDKDASLGLVGTHNGQIGNDPNRDILIASNWYFNHLKDKTLTCDWYFVPTDEGWTND
Q8DN05,PAN,MFASKSERKVHYSIRKFSIGVASVAVASLVMGSVVHATENEGSTQAATSSNMAKTEHRKAAKQVVDEYIEKMLREIQLDRRKHTQNVALNIKLSAIKTKYLRELNVLEEKSKDELPSEIKAKLDAAFEKFKKDTLKPGEKVAEAKKKVEEAKKKAEDQKEEDRRNYPTNTYKTLELEIAEFDVKVKEAELELVKEEAKESRNEGTIKQAKEKVESKKAEATRLENIKTDRKKAEEEAKRKADAKLKEANVATSDQGKPKGRAKRGVPGELATPDKKENDAKSSDSSVGEETLPSSSLKSGKKVAEAEKKVEEAEKKAKDQKEEDRRNYPTNTYKTLDLEIAESDVKVKEAELELVKEEAKEPRDEEKIKQAKAKVESKKAEATRLENIKTDRKKAEEEAKRKAAEEDKVKEKPAEQPQPAPATQPEKPAPKPEKPAEQPKAEKTDDQQAEEDYARRSEEEYNRLTQQQPPKTEKPAQPSTPKTGWKQENGMWYFYNTDGSMATGWLQNNGSWYYLNANGAMATGWLQNNGSWYYLNANGSMATGWLQNNGSWYYLNANGAMATGWLQYNGSWYYLNSNGAMATGWLQYNGSWYYLNANGDMATGWLQNNGSWYYLNANGDMATGWLQYNGSWYYLNANGDMATGWVKDGDTWYYLEASGAMKASQWFKVSDKWYYVNGSGALAVNTTVDGYGVNANGEWVN
O50430,PAN,MRLSLTALSAGVGAVAMSLTVGAGVASADPVDAVINTTCNYGQVVAALNATDPGAAAQFNASPVAQSYLRNFLAAPPPQRAAMAAQLQAVPGAAQYIGLVESVAGSCNNY
P24030,PAN,MAQAQIDEQRRLQDLYVQLKKEINDGEGVAWLFQQKTYTDKDNKPTKATPPLRTTSSDLRLAFDSIEENLTASNEHLTNNEINFCKLTLGKTLLLIDKHVKSHRWDSNKVNLIWQIEKGKTQQFHIHCCLGYFDKNEDPKDVQKSLGWFMKRLNKDLAVIYSNHHCDIQDIKDPEDRAKNLKVWIEDGPTKPYKYFNKQTKQDYNKPVHLRDYTFIYLFNKDKINTDSMDGYFAAGNGGIVDNLTNKERKTLRKMYLDEQSSDIMDANIDWEDGQDAPKVTDQTDSATTKTGTSLIWKSCATKVTSKKEVANPVQQPSKKLYSAQSTLDALFNVGCFTPEDMIIKQSDKYLELSLEPNGPQKINTLLHMNQVKTSTMITAFDCIIKFNEEEDDKPLLATIKDMGLNEQYLKKVLCTILTKQGGKRGCIWFYGPGGTGKTLLASLICKATVNYGMVTTSNPNFPWTDCGNRNIIWAEECGNFGNWVEDFKAITGGGDVKVDTKNKQPQSIKGCVIVTSNTNITKVTVGCVETNAHAEPLKQRMIKIRCMKTINPKTKITPGMLKRWLNTWDRQPIQLSHEMPELYLGKCRW
P0A670,PAN,MINVQAKPAAAASLAAIAIAFLAGCSSTKPVSQDTSPKPATSPAAPVTTAAMADPAADLIGRGCAQYAAQNPTGPGSVAGMAQDPVATAASNNPMLSTLTSALSGKLNPDVNLVDTLNGGEYTVFAPTNAAFDKLPAATIDQLKTDAKLLSSILTYHVIAGQASPSRIDGTHQTLQGADLTVIGARDDLMVNNAGLVCGGVHTANATVYMIDTVLMPPAQ
P13794,PAN,MKLKNTLGVVIGSLVAASAMNAFAQGQNSVEIEAFGKRYFTDSVRNMKNADLYGGSIGYFLTDDVELALSYGEYHDVRGTYETGNKKVHGNLTSLDAIYHFGTPGVGLRPYVSAGLAHQNITNINSDSQGRQQMTMANIGAGLKYYFTENFFAKASLDGQYGLEKRDNGHQGEWMAGLGVGFNFGGSKAAPAPEPVADVCSDSDNDGVCDNVDKCPDTPANVTVDANGCPAVAEVVRVQLDVKFDFDKSKVKENSYADIKNLADFMKQYPSTSTTVEGHTDSVGTDAYNQKLSERRANAVRDVLVNEYGVEGGRVNAVGYGESRPVADNATAEGRAINRRVEAEVEAEAK
O10645,PAN,TTAFLVCLVKMVRGQMVQGILWLLLITGVQGHLDCKPEYSYAIAKSDRIGLQGAEDLTTVWKDYSHGMTLEDTMVIAWCKDGKLTYYARCTRETRYLAILHSGALPTSVVFKKLFEGQGQEDTVEMDDNFEFGLCPCDAKPIVRGIYNTTLLNGPAFQMVCPIGWTGTVSCMLANRDTLDTAVVRTYRRSRPFPYRQGCITQKTLGEDLYDCILGGNWTCVTGDQLQYTGGSVESCKWCGFKFQKSEGLPHYPIGKCRLKNETGYRFVDGTSCNREGVAIVPQGLVKCKIGDTIVQVIALDTKLGPMPCKPYEIIPSEGPVEKTACTFNYTRTLKNKYFEPRDSYFQQYMLKGQYQYWFDLEVTDHHRDYFAESILVVVVALLGGRYVLWLLVTYMVLSEQRASG
P0AFZ6,PAN,MYTSGYAHRSSSFSSAASKIARVSTENTTAGLISEVVYREDQPMMTQLLLLPLLQQLGQQSRWQLWLTPQQKLSREWVQASGLPLTKVMQISQLSPCHTVESMVRALRTGNYSVVIGWLADDLTEEEHAELVDAANEGNAMGFIMRPVSASSHATRQLSGLKIHSNLYH
P89316,PAN,MSKESGKWWESDDKFAKAVYQQFVEFYEKLTGTDLELIQILKDHYNISLDHPLENPSSLFDLVARIKHNLKNSPDLYSHHFQSHGQLSDHPHALSSSSSHAEPRGEDAVLSSEDLHKPGQVSVQLPGTNYVGPGNELQAGPPQSAVDSAARIHDFRYSQLAKLGINPYTHWTVADEELLKNIKNETGFQAQVVKDYFTLKGAAAPVAHFQGSLPEVPAYNASEKYPSMTSVNSADASTGAGGGGSNPVKSMWSEGATFTANSVTCTFSRQFLIPYDPEHHYKVFSPAASSCHNASGKEAKVCTISPIMGYSTPWRYLDFNALNLFFSPLEFQHLIENYGSIAPDALTVTISEIAVKDVTDKTGGGVQVTDSTTGRLCMLVDHEYKYPYVLGQGQDTLAPELPIWVYFPPQYAYLTVGDVNTQGISGDSKKLASEESAFYVLEHSSFQLLGTGGTASMSYKFPAVPPENLEGCSQHFYEMYNPLYGSRLGVPDTLGGDPKFRSLTHEDHAIQPQNFMPGPLVNSVSTKEGDSSNTGAGKALTGLSTGTSQNTRISLRPGPVSQPYHHWDTDKYVTGINAISHGQTTYGNAEDKEYQQGVGRFPNEKEQLKQLQGLNIHTYFPNKGTQQYTDQIERPLMVGSVWNRRALHYESQLWSKIPNLDDSFKTQFAALGGWGLHQPPPQIFLKILPQSGPIGGIKSMGITTLVQYAVGIMTVTMTFKLGPRKATGRWNPQPGVYPPHAAGHLPYVLYDPTATDAKQHHRHGYEKPEELWTAKSRVHPL
P02247,PAN,GWEIPEPYVWDESFRVFYEQLDEEHKKIFKGIFDCIRDNSAPNLATLVKVTTNHFTHEEAMMDAAKYSEVVPHKKMHKDFLEKIGGLSAPVDAKNVDYCKEWLVNHIKGTDFKYKGKL
O57136,PAN,STDPCGMVALISDPNIESTVKTIQFVNKKKYYNASLSWFKVGDDCTYPIYLIKYFNCDPQKEFGICLQRSPDYWKPSLIGYSFLT
O57135,PAN,TTVWSGSSYAVVTNMHTDRVPIKVQEITELIDRRGMCLSKADYIRNNYEFTAFDKDEDPREMHLKPSKFNTPGSRGWHTTNDTYTKIGSPGFYRTGTSVNCIVEEVDARSVYPYDSFAISTGDIIHISPFFGLRDGAHTEHTSYSNDRFQQIEGYYPIDLDTRLKVGAPVSRNFLTTQHVTVAWNWVPKIREVCTLAKWREIDEIIRDEYKGSYRFTAKSISATFISDTTQFDINRVKLSDCAKREATEAIDKIYKNKYNKTHIQTGELETYLARGGFIIAFRPMISNELAKLYINELARSDRTVDLNALLNPSHSIGGRKKRSIETETLERSKRDVDGGVQNVNNATLIKTTSSIHFAMLQFAYDHIQSHVNEMLSRIATAWCNLQNKERTLWNEVMKLNPTSITSTIMDQKVSARLLGDVIAVTQCVNISGSNVFIQNSMRVTGSTTTCYSRPLISFKALENSTDYIEGQLGENNELLIDRKLIEPCTANNKRYFKFGVDYVYFENYVYIRKVPLNEIEMISTYVDLNITLLEDREFLP
P09345,PAN,MERIVLLLAIVSLVKSDQICIGYHANKSTKQVDTIMEKNVTVTHAQDILERTHNGKLCSLNGVKPLILRDCSVAGWLLGNPMCDEFLNVPEWSYIVEKDNPINSLCYPGDFNDYEELKHLLSSTNHFEKIQIIPRSSWSNHDASSGVSSACPYIGRSSFFRNVVWLIKKDNAYPTIKRSYNNTNQEDLLILWGIHHPNDAAEQTKLYQNPTTYVSVGTSTLNQRSIPEIATRPKVNGQSGRMEFFWTILKPNDAINFESNGNFIAPEYAYKIVKKGDSAIMKSGLAYGNCDTKCQTPVGAINSSMPFHNIHPHTIGECPKYVKSDRLVLATGLRNVPQRKKRGLFGAIAGFIEGGWQGMVDGWYGYHHSNEQGSGYAADKESTQKAIDGITNKVNSIIDKMNTQFKAVGKEFNNLERRVENLNKKMEDGFLDVWTYNVELLVLMENERTLDFHDSNVKNLYDKVRLQLKDNARELGNGCFEFYHKCDNECMESVRNGTYDYPQYSEEARLNREEISGVKLESMGVYQILSIYSTVASSLALAIMIAGLSFWMCSNGSLQCRICI
P35971,PAN,MSPQRDRINAFYKDNPHPKGSRIVINREHLMIDRPYVLLAVLFVMFLSLIGLLAIAGIRLHRAAIYTAEIHKSLSTNLDVTNSIEHQVKDVLTPLFKIIGDEVGLRTPQRFTDLVKFISDKIKFLNPDREYDFRDLTWCINPPERIKLDYDQYCADVAAEELMNALVNSTLLETRTTNQFLAVSKGNCSGPTTIRGQFSNMSLSLLDLYLGRGYNVSSIVTMTSQGMYGGTYLVEKPNLSSKRSELSQLSMYRVFEVGVIRNPGLGAPVFHMTNYLEQPVSNDLSNCMVALGELKLAALCHREDSITIPYQGSGKGVSFQLVKLGVWKSPTDMQSWVTLSTDDPVIDRLYLSSHRGVIADNQAKWAVPTTRTDDKLRMETCFQQACKGKIQALCENPEWAPLKDNRIPSYGVLSVDLSLTVELKIKIASGFGPLITHGSGMDLYKSNHNNVYWLTIPPMKNLALGVINTLEWIPRFKVSPYLFNVPIKEAGEDCHAPTYLPAEVDGDVKLSSNLVILPGQDLQYVLATYDTSRVEHAVVYYVYSPSRSFSYFYPFRLPIKGVPIELQVECFTWDQKLWCRHFCVLADSESGGHITHSGMVGMGVSCTVTREDGTNRR
O10247,PAN,DMGCVINWKGKELKCGNGIFVTNEVHTWTEQYKFQADSPKRLATAIAGAWEDGVCGIRSTTRMENLLWKQIANELNYILWENNIKLTVVVGDITGVLEQGKRTLTPQPMELKYSWKTWGKAKIVTAETQNSSFIIDGPNTPECPSASRAWNVWEVEDYGFGVFTTNIWLKLREMYTQLCDHRLMSAAVKDERAVHADMGYWIESQKNGSWKLEKASLIEVKTCTWPKSHTLWSNGVLESDMIIPKSLAGPISQHNYRPGYHTQTAGPWHLGKLELDFNYCEGTTVVITENCGTRGPSLRTTTVSGKLIHEWCCRSCTLPPLRYMGEDGCWYGMEIRPINEKEENMVKSLVSAGSGKVDNFTMGVLCLAILFEEVMRGKSRIPAHWRPLLVDPSSVP
P69618,PAN,MSQSETRRGRRGTREETLEKWITARKKAEELEKDLRKTRKTIKKLEEENPWLGNIVGIIRKGKDGEGAPPAKRPRTDQMEVDSGPGKRPHKSGFTDKEREDHRRRKALENKKKQLSAGGKILSKEEEEELRRLTDEDEERKRRVAGPRVGDVNPSRGGPRGAPGGGFVPQMAGVPESPFSRTGEGLDIRGTQGFPWVSPSPPQQRLPLLECTPQ
P33484,PAN,MAPPAKRARGLTLPGYKYLGPGNSLDQGEPTNPSDAAAKEHDEAYDKYIKSGKNPYFYFSAADEKFIKETEHAKDYGGKIGHYFFRAKRAFRPKLSETDSPTTSQQPEVRRSPRKHPGSKPPGKRPAPRHIFINLAKKKAKGTSNTNSNSMSENVEQHNPINAGTELSATGNESGGGGGGGGGRGAGGVGVSTGSFNNQTEFQYLGEGLVRITAHASRLIHLNMPEHETYKRIHVLNSESGVAGQMVQDDAHTQMVTPWSLIDANAWGVWFNPADWQLISNNMTEINLVSFEQEIFNVVLKTITESATSPPTKIYNNDLTASLMVALDTNNTLPYTPAAPRSETLGFYPWLPTKPTQYRYYLSCTRNLNPPTYTGQSQQITDSIQTGLHSDIMFYTIENAVPIHLLRTGDEFSTGIYHFDTKPLKLTHSWQTNRSLGLPPKLLTEPTTEGDQHPGTLPAANTRKGYHQTMNNSYTEATAIRPAQVGYNTPYMNFEYSNGGPFLTPIVPTADTQYNDDEPNGAIRFTMGYQHGQLTTSSQELERYTFNPQSKCGRAPKQQFNQQAPLNLENTNNGTLLPSDPIGGKPNMHFMNTLNTYGPLTALNNTAPVFPNGQIWDKELDTDLKPRLHVTAPFVCKNNPPGQLFVKIAPNLTDDFNADSPQQPRIITYSNFWWKGTLTFTAKMRSSNMWNPIQQHTTTAENIGNYIPTNIGGIKMFPEYSQLIPRKLY
15674877,PAN,MKKHLKTVALTLTTVSVVTHNQEVFSLVKEPILKQTQASSSISGADYAESSGKSKLKINETSGPVDDTVTDLFSDKRTTPEKIKDNLAKGPREQELKAVTENTESEKQITSGSQLEQSKESLSLNKTVPSTSNWEICDFITKGNTLVGLSKSGVEKLSQTDHLVLPSQAADGTQLIQVASFAFTPDKKTAIAEYTSRAGENGEISQLDVDGKEIINEGEVFNSYLLKKVTIPTGYKHIGQDAFVDNKNIAEVNLPESLETISDYAFAHLALKQIDLPDNLKAIGELAFFDNQITGKLSLPRQLMRLAERAFKSNHIKTIEFRGNSLKVIGEASFQDNDLSQLMLPDGLEKIESEAFTGNPGDDHYNNRVVLWTKSGKNPSGLATENTYVNPDKSLWQESPEIDYTKWLEEDFTYQKNSVTGFSNKGLQKVKRNKNLEIPKQHNGVTITEIGDNAFRNVDFQNKTLRKYDLEEVKLPSTIRKIGAFAFQSNNLKSFEASDDLEEIKEGAFMNNRIETLELKDKLVTIGDAAFHINHIYAIVLPESVQEIGRSAFRQNGANNLIFMGSKVKTLGEMAFLSNRLEHLDLSEQKQLTEIPVQAFSDNALKEVLLPASLKTIREEAFKKNHLKQLEVASALSHIAFNALDDNDGDEQFDNKVVVKTHHNSYALADGEHFIVDPDKLSSTIVDLEKILKLIEGLDYSTLRQTTQTQFRDMTTAGKALLSKSNLRQGEKQKFLQEAQFFLGRVDLDKAIAKAEKALVTKKATKNGQLLERSINKAVLAYNNSAIKKANVKRLEKELDLLTGLVEGKGPLAQATMVQGVYLLKTPLPLPEYYIGLNVYFDKSGKLIYALDMSDTIGEGQKDAYGNPILNVDEDNEGYHALAVATLADYEGLDIKTILNSKLSQLTSIRQVPTAAYHRAGIFQAIQNAAAEAEQLLPKPGTHSEKSSSSESANSKDRGLQSNPKTNRGRHSAILPRTGSKGSFVYGILGYTSVALLSLITAIKKKKY
Q9AG74,PAN,MKINKKYLVGSAAALILSVCSYELGLYQARTVKENNRVSYIDGKQATQKTENLTPDEVSKREGINAEQIVIKITDQGYVTSHGDHYHYYNGKVPYDAIISEELLMKDPNYQLKDEDIISEIKGGYVIKVDGKYYVYLKDAAHADNVRTKEEINRQKQEHSQHREGGTPRNDGAVALARSQGRYTTDDGYIFNASDIIEDTGDAYIVPHGDHYHYIPKNELSASELAAAKAFLSGRGNLSNSRTYRRQNSDNTSRTNWVPSVSNPGTTNTNTSNNSNTNSQASQSNDIDSLLKQLYKLPLSQRHVESDGLIFDPAQITSRTANGVAVPHGDHYHFIPYSQLSPLEEKLARIIPLRYRSNHWVPDSRPEQPSPQSTPEPSPSPQPAPNPQPAPSNPIDEKLVKEAVRKVGDGYVFEENGVPRYIPAKDLSAETAAGIDSKLAKQESLSHKLGAKKTDLPSSDREFYNKAYDLLARIHQDLLDNKGRQVDFEALDNLLERLKDVSSDKVKLVDDILAFLAPIRHPERLGKPNAQITYTDDEIQVAKLAGKYTTEDGYIFDPRDITSDEGDAYVTPHMTHSHWIKKDSLSEAERAAAQAYAKEKGLTPPSTDHQDSGNTEAKGAEAIYNRVKAAKKVPLDRMPYNLQYTVEVKNGSLIIPHYDHYHNIKFEWFDEGLYEAPKGYSLEDLLATVKYYVEHPNERPHSDNGFGNASDHVQRNKNGQADTNQTEKPNEEKPQTEKPEEETPREEKPQSEKPESPKPTEEPEEESPEESPEESEEPQVETEKVKEKLREAEDLLGKIQNPIIKSNAKETLTGLKNNLLFGTQDNNTIMAEAEKLLALLKESK
P03108,PAN,MVARSRKRRAAPQDIYPTCKIAGNCPADIQNKFENKTIADKILQYGSLGVFFGGLGISSAGGSGGRLGYTPLSGGGGRVIAAAPVRPPITTESVGPLDIVPEVADPGGPTLVSLHELPAETPYVSSTNVTGDGAAEPLPAGHGGSQISDVTSGTSGTVSRTHINNPVFEAPMTGDQDVSDVHVFAHSESSITINQTENTGGELIEMVPLRHPPRSEGDFRETSFSTSTPIPDRSALRSINVASRRYQQVQVENPAFLNRPRELVQFENTFDNPAFVDDEQLSLLFEQDLDTVVATPDPAFQDVVRLSRPSFTQSRAGRVRVSRLGRTLTMQTRSGKAFGPAKHFYYELSSIAEGPEPDILIPESEQETSFTDATSKDTQQEAEVYADGSTLETDTSADENLTLVFSDRGRGQGSHVPIPGKSTIGGPVNIGDSKYYTLNPGETTSFEADVISPVFIFEGNADGTYYLEEPLRKKRRKSIFLLADGSVAVYAE
O36766,PAN,GGKKQYKLKHIVWASRELERFAVNPGLLETSEGCRQILEQLQPSLQTGSEELRSLFNTVAVLYCVHQRIDVKDTKEALDKIEEEQNNSKKKAQQAAAGTGSSSQASQNYPIVQNIQGQMVHQAISPRTLN
P15712,PAN,MKIRLHTLLAVLTAAPLLLAAAGCGSKPPSGSPETGAGAGTVATTPASSPVTLAETGSTLLYPLFNLWGPAFHERYPNVTITAQGTGSGAGIAQAAAGTVNIGASDAYLSEGDMAAHKGLMNIALAISAQQVNYNLPGVSEHLKLNGKVLAAMYQGTIKTWDDPQIAALNPGVNLPGTAVVPLHRSDGSGDTFLFTQYLSKQDPEGWGKSPGFGTTVDFPAVPGALGENGNGGMVTGCAETPGCVAYIGISFLDQASQRGLGEAQLGNSSGNFLLPDAQSIQAAAAGFASKTPANQAISMIDGPAPDGYPIINYEYAIVNNRQKDAATAQTLQAFLHWAITDGNKASFLDQVHFQPLPPAVVKLSDALIATISS
P69178,PAN,MKKTLLIAASLSFFSASALATPDCVTGKVEYTKYNDDDTFTVKVGDKELFTNRWNLQSLLLSAQITGMTVTIKTNACHNGGGFSEVIFR
P04326,PAN,MEPVDPRLEPWKHPGSQPKTACTNCYCKKCCFHCQVCFITKALGISYGRKKRRQRRRAPQGSQTHQVSLSKQPTSQSRGDPTGPKE
O30527,PAN,MEVRNLNAARELFLDELLAASAAPASAEQEELLALLRSERIVLAHAGQPLSEAQVLKALAWLLAANPSAPPGQGLEVLREVLQARRQPGAQWDLREFLVSAYFSLHGRLDEDVIGVYKDVLQTQDGKRKALLDELKALTAELKVYSVIQSQINAALSAKQGIRIDAGGIDLVDPTLYGYAVGDPRWKDSPEYALLSNLDTFSGKLSIKDFLSGSPKQSGELKGLSDEYPFEKDNNPVGNFATTVSDRSRPLNDKVNEKTTLLNDTSSRYNSAVEALNRFIQKYDSVLRDILSAI
O07175,PAN,MSNSRRRSLRWSWLLSVLAAVGLGLATAPAQAAPPALSQDRFADFPALPLDPSAMVAQVGPQVVNINTKLGYNNAVGAGTGIVIDPNGVVLTNNHVIAGATDINAFSVGSGQTYGVDVVGYDRTQDVAVLQLRGAGGLPSAAIGGGVAVGEPVVAMGNSGGQGGTPRAVPGRVVALGQTVQASDSLTGAEETLNGLIQFDAAIQPGDSGGPVVNGLGQVVGMNTAASDNFQLSQGGQGFAIPIGQAMAIAGQIRSGGGSPTVHIGPTAFLGLGVVDNNGNGARVQRVVGSAPAASLGISTGDVITAVDGAPINSATAMADALNGHHPGDVISVTWQTKSGGTRTGNVTLAEGPPA
P0C2T1,PAN,MQLVDRVRGAVTGMSRRLVVGAVGAALVSGLVGAVGGTATAGAFSRPGLPVEYLQVPSPSMGRDIKVQFQSGGANSPALYLLDGLRAQDDFSGWDINTPAFEWYDQSGLSVVMPVGGQSSFYSDWYQPACGKAGCQTYKWETFLTSELPGWLQANRHVKPTGSAVVGLSMAASSALTLAIYHPQQFVYAGAMSGLLDPSQAMGPTLIGLAMGDAGGYKASDMWGPKEDPAWQRNDPLLNVGKLIANNTRVWVYCGNGKPSDLGGNNLPAKFLEGFVRTSNIKFQDAYNAGGGHNGVFDFPDSGTHSWEYWGAQLNAMKPDLQRALGATPNTGPAPQGA
P43838,PAN,MKKFNQSLLATAMLLAAGGANAAAFQLAEVSTSGLGRAYAGEAAIADNASVVATNPALMSLFKTAQFSTGGVYVDSRINMNGDVTSHATIITSSSGIKAIEGGSASARNVVPGAFVPNLYFVAPVNDKFALGAGMNVNFGLKSEYDDSYDAGIFGGKTDLSAINLNLSGAYRVTEGLSLGLGVNAVYAKAQVERNAGIIADSVKDNQVKTALTVQQEPLKFLDKYLPSKDTSVVSLQDRAAWGFGWNAGVMYQFNEANRIGLAYHSKVDIDFTDRTATSVEANVIKAGKKGDLTLTLPDYLELSGFHQLTDKLAVHYSYKYTHWSRLTKLNASFEDGKKAFDKELQYSNNSRVALGASYNLDEKLTLRAGIAYDQAASRHQRSAAIPDTDRTWYSLGATYKFTPNLSVDLGYAYLKGKKVHFKEVKTIGDERSLTLNTTANYTSQAHANLYGLNLNYSF
Q53990,PAN,MAQVINTNSLSLLTQNNLNKSQSSLSSAIERLSSGLRINSAKDDAAGQAIANRFTSNIKGLTQASRNANDGISIAQTTEGALNEINNNLQRVRELSVQATNGTNSDSDLKSIQDEIQQRLEEIDRVSNQTQFNGVKVLSQDNQMKIQVGANDGETITIDLQKIDVKSLGLDGFNVNGPKEATVGDLKSSFKNVTGYDTYAAGADKYRVDINSGAVVTDAAAPDKVYVNAANGQLTTDDAENNTAVDLFKTTKSTAGTAEAKAIAGAIKGGKEGDTFDYKGVSFTIDTKAGNDGNGTVSTTINGEKVTLTVADITAGAADVNAATLQSSKNVYTSVVNGQFTFDDKTKNESAKLSDLEANNAVKGESKITVNGAEYTANATGDKITLAGKTMFIDKTASGVSTLINEDAAAAKKSTANPLAAIDSALSKVDAVRSSLGAIQNRFDSAITNLGNTVTNLNSARSRIEDADYATEVSNMSKAQILQQAGTSVLAQANQVPQNVLSLLR
P12554,PAN,MNRAVCQVALENDEREAKNTWRLVFRIAILLLTVMTLAISAAALAYSMEASTPGDLVSIPTAISRAEGKITSALGSNQDVVDRIYKQVALESPLALLNTESIIMNAITSLSYQINGAANNSGCGAPVHDPDYIGGIGKELIVDDTSDVTSFYPSAFQEHLNFIPAPTTGSGCTRIPSFDMSATHCYTHNVIFSGCRDHSHSHQYLALGVLRTSATGRVFFSTLRSINLDDTQNRKSCSVSATPLGCDMLCSKVTETEEEDYNSVIPTSMVHGRLGFDGQYHEKDLDVTTLFGDWVANYPGVGGGSFIDNRVWFPVYGGLKPSSPSDTGQEGRYVIYKRYNDTCPDEQDYQIRMAKSSYKPGRFGGKRVQQAILSIKVSTSLGEDPVLTIPPNTVTLMGAEGRVLTVGTSHFLYQRGSSYFSPALLYPMTVNNNTATLHSPYTFNAFTRPGSVPCQASARCPNSCVTGVYTDPYPLVFHRNHTLRGVFGTMLDDEQARLNLVSAVFDNISRSRITRVSSSRTKAAYTTSTCFKVVKTNKTYCLSIAEISNTLFGEFRIVPLLVEILKDDGV
P00698,PAN,MRSLLILVLCFLPLAALGKVFGRCELAAAMKRHGLDNYRGYSLGNWVCAAKFESNFNTQATNRNTDGSTDYGILQINSRWWCNDGRTPGSRNLCNIPCSALLSSDITASVNCAKKIVSDGNGMNAWVAWRNRCKGTDVQAWIRGCRL
P20626,PAN,MREKVVLFLSIIMAIMLPVGNAAAAPVVHNPASTANRPVYAIAHRVLTTQGVDDAVAIGANALEIDFTAWGRGWWADHDGIPTSAGATAEEIFKHIADKRKQGANITFTWLDIKNPDYCRDARSVCSINALRDLARKYLEPAGVRVLYGFYKTVGGPAWKTITADLRDGEAVALSGPAQDVLNDFARSENKILTKQKIADYGYYNINQGFGNCYGTWNRTCDQLRKSSEARDQGKLGKTFGWTIATGQDARVNDLLGKANVDGLIFGFKITHFYRHADTENSFKAIKRWVDKHSATHHLATVADNPW
Q67148,PAN,MSLLTEVETPIRSEWGCRCNDSGDPLVAAASIIGILHLILWILDRLFFKCIYRRFKYGVKRGPSTEGVPESMREEYRQKQQSAVDVDDGHFVNIVLE
15675290,PAN,MGKEIKVKCFLRRSAFGLVAVSASVLVGSTVSAVDSPIEQPRIIPNGGTLTNLLGNAPEKLALRNEERAIDELKKQAIEDKEATTAIEAASSDALEALADQTDALQSEEAAVVKADNAASDALEALADQTDALQSEEAEVVQSDNAASDAWEKAATPIALDVKKTKDTKPVVKKEERQNVNTLPTTGEESNPFFTAAALAIMVSTGVLVVSSKCKEN
Q2PDK5,PAN,MRRVILPTAPPEYMEAIYPVRSNSTIARGGNSNTGFLTPESVNGDTPSNPLRPIADDTIDHASHTPGSVSSAFILEAMVNVISGPKVLMKQIPIWLPLGVADQKTYSFDSTTAAIMLASYTITHFGKATNPLVRVNRLGPGIPDHPLRLLRIGNQAFLQEFVLPPVQLPQYFTFDLTALKLITQPLPAATWTDDTPTGSNGALRPGISFHPKLRPILLPNKSGKKGNSADLTFPEKIQAIMTSLQDLKIVPIDPTKNIMGIEVPETLVHKLTGKKVTSKNGQPIIPVLLPKYIGLDPVAPGDLTMVITQDCDTCHSPASLPAVIEK
P24569,PAN,MSTTNDNTTMQRLMITDMRPLSMESIITSLTKEIITHKFIYLINNECIVRKLDERQATFTFLVNYEMKLLHKVGSTIYKKYTEYNTKYGTFPMPIFINHDGFLECIGIKPTKHTPIIYKYDLNP
P01556,PAN,MIKLKFGVFFTVLLSSAYAHGTPQNITDLCAEYHNTQIYTLNDKIFSYTESLAGKREMAIITFKNGAIFQVEVPGSQHIDSQKKAIERMKDTLRIAYLTEAKVEKLCVWNNKTPHAIAAISMAN
Q24797,PAN,QLCLILFATSVLAQEYKGMGVETRTTETPLRKHFNLTPVGSQGIRLSWEVQHLSDLKGTDISLKAVNPSDPLVYKRQTAKFSDGQLTIGELKPSTLYKMTVEAVKAKKTILGFTVDIETPRAGKKESTVMTSGSALTSAIAGFVFSCIVVVLT
Q71TT2,PAN,MGAAASIQTTVNTLSERISSKLEQEANASAQTKCDIEIGNFYIRQNHGCNLTVKNMCSADADAQLDAVLSAATETYSGLTPEQKAYVPAMFTAALNIQTSVNTVVRDFENYVKQTCNSSAVVDNKLKIQNVIIDECYGAPGSPTNLEFINTGSSKGNCAIKALMQLTTKATTQIAPKQVAGTGVQFYMIVIGVIILAALFMYYAKRMLFTSTNDKIKLILANKENVHWTTYMDTFFRTSPMVIATTDMQN
P59595,PAN,MSDNGPQSNQRSAPRITFGGPTDSTDNNQNGGRNGARPKQRRPQGLPNNTASWFTALTQHGKEELRFPRGQGVPINTNSGPDDQIGYYRRATRRVRGGDGKMKELSPRWYFYYLGTGPEASLPYGANKEGIVWVATEGALNTPKDHIGTRNPNNNAATVLQLPQGTTLPKGFYAEGSRGGSQASSRSSSRSRGNSRNSTPGSSRGNSPARMASGGGETALALLLLDRLNQLESKVSGKGQQQQGQTVTKKSAAEASKKPRQKRTATKQYNVTQAFGRRGPEQTQGNFGDQDLIRQGTDYKHWPQIAQFAPSASAFFGMSRIGMEVTPSGTWLTYHGAIKLDDKDPQFKDNVILLNKHIDAYKTFPPTEPKKDKKKKTDEAQPLPQRQKKQPTVTLLPAADMDDFSRQLQNSMSGASADSTQA
Q48473,PAN,MKVKVLSLLVPALLVAGAANAAEIYNKDGNKLDLYGKIDGLHYFSDDKDVDGDQTYMRLGVKGETQINDQLTGYGQWEYNVQANNTESSSDQAWTRLAFAGLKFGDAGSFDYGRNYGVVYDVTSWTDVLPEFGGDTYGSDNFLQSRANGVATYRNSDFFGLVDGLNFALQYQGKNGSVSGEGATNNGRGALKQNGDGFGTSVTYDIFDGISAGFAYANSKRTDDQNQLLLGEGDHAETYTGGLKYDANNIYLATQYTQTYNATRAGSLGFANKAQNFEVAAQYQFDFGLRPSVAYLQSKGKDLNGYGDQDILKYVDVGATYYFNKNMSTYVDYKINLLDDNSFTRSAGISTDDVVALGLVYQF
Q71TT1,PAN,MMTPENDEEQTSVFSATVYGDKIQGKNKRKRVIGLCIRISMVISLLSMITMSAFLIVRLNQCMSANEAAITDAAVAVAAASSTHRKVASSTTQYDHKESCNGLYYQGSCYILHSDYQLFSDAKANCTAESSTLPNKSDVLITWLIDYVEDTWGSDGNPITKTTSDYQDSDVSQEVRKYFCVKTMN
Q7X3W5,PAN,MKKISRKEYVSMYGPTTGDKVRLGDTDLIAEVEHDYTIYGEELKFGGGKTLREGMSQSNNPSKEELDLIITNALIVDYTGIYKADIGIKDGKIAGIGKGGNKDMQDGVKNNLSVGPATEALAGEGLIVTAGGIDTHIHFISPQQIPTAFASGVTTMIGGGTGPADGTNATTITPGRRNLKWMLRAAEEYSMNLGFLAKGNASNDASLADQIEAGAIGFKIHEDWGTTPSAINHALDVADKYDVQVAIHTDTLNEAGCVEDTMAAIAGRTMHTFHTEGAGGGHAPDIIKVAGEHNILPASTNPTIPFTVNTEAEHMDMLMVCHHLDKSIKEDVQFADSRIRPQTIAAEDTLHDMGIFSITSSDSQAMGRVGEVITRTWQTADKNKKEFGRLKEEKGDNDNFRIKRYLSKYTINPAIAHGISEYVGSVEVGKVADLVLWSPAFFGVKPNMIIKGGFIALSQMGDANASIPTPQPVYYREMFAHHGKAKYDANITFVSKAAYDKGIKEELGLERQVLPVKNCRNITKKDMQFNDTTAHIEVNPETYHVFVDGKEVTSKPATKVSLAQLFSIF
P02185,PAN,MVLSEGEWQLVLHVWAKVEADVAGHGQDILIRLFKSHPETLEKFDRFKHLKTEAEMKASEDLKKHGVTVLTALGAILKKKGHHEAELKPLAQSHATKHKIPIKYLEFISEAIIHVLHSRHPGDFGADAQGAMNKALELFRKDIAAKYKELGYQG
P19649,PAN,MKTRNFSLVSALYVLLGVPLFVSAASYDDNEFSRKSRAYSELAEKTYDAGEYDVSAEYARLAEDFAQKSSVYIKETMARTTAEDAMNAARTRHAWAKNERIDRAYPTEYLLASEAIKTGGLAFDSKQYDVALTWARKALDALKNVKPESQLLAKAAKEEAARKAAEARKLEEQRIAAQKAQEERKRAEEEAARKAAEARKLEEQRIAAQKAQEERKRAEEEAARKAAEEAARKAEELEKGRVLPAQYKVTTWSIDRECFWNIAKNPAVYGNPFLWKKLYEANKDKIPQSKNPNWVEPETVLVIPSLKGEEREGLYEPNVKYRPLP
P02977,PAN,MARENTNKHYWLRKLKKGTASVAVALSVLGAGLVVNTNEVSAAVTRGTINDPQRAKEALDKYELENHDLKTKNEGLKTENEGLKTENEGLKTENEGLKTEKKEHEAENDKLKQQRDTLSTQKETLEREVQNTQYNNETLKIKNGDLTKELNKTRQELANKQQESKENEKALNELLEKTVKDKIAKEQENKETIGTLKKILDETVKDKIAKEQENKETIGTLKKILDETVKDKLAKEQKSKQNIGALKQELAKKDEANKISDASRKGLRRDLDASREAKKQLEAEHQKLEEQNKISEASRKGLRRDLDASREAKKQLEAEQQKLEEQNKISEASRKGLRRDLDASREAKKQVEKALEEANSKLAALEKLNKELEESKKLTEKEKAELQAKLEAEAKALKEQLAKQAEELAKLRAGKASDSQTPDTKPGNKAVPGKGQAPQAGTKPNQNKAPMKETKRQLPSTGETANPFFTAAALTVMATAGVAAVVKRKEEN
Q48900,PAN,PTITNDGVSIAKEIELEDPYEKIGAELVKEVAKKTDDVAGDGTTTATVLAQALVREGLRNVAAGANPLGLKRGIEKAVEKVTETLLKSAKEVETKDQIAATAAISAGDQSIGDLIAEAMDKVGNEGVITVEESNTFGLQLELTEGMRFDKG
5070243,PAN,MFRRSKNNSYDTSQTKQRFSIKKFKFGAASVLIGLSFLGGVTQGNLNIFEESIVAASTIPGSAATLNTSITKNIQNGNAYIDLYDVKNGLIDPQNLIVLNPSSYSANYYIKQGAKYYSNPIEITTTGSATITFNILDETGNPHKKADGQIDIVSVNLTIYDSTALRNRIDEVINNANDPKWSDGSRDEVLTGLEKIKKDIDNNPKTQIDIDNKINEVNEIGKLLVVSLPDKIKYSPEAKHRTVEQHAELDAKDSIANTDELPSNSTYNWKNGHKPDTSTSGEKDGIVEVHYPDGTVDDVNVKVTVTSKKTDNTAPTLTVTPEQQTVKVDEDITFTVTVEDENEVELGLDDLKAKYENDIIGARVKIKYLTKEPNKKVMEVTIMKATLADKGAITFTAKDKAGNQAEPKTVTINVLPLKDSNEPKGKDQTVKVGETPKAEDSIGNLSDLPKGTTVAFEAPVDTATPGDKPAKVVVTYPDGSKDTVDVTVKVVDPRTDADKNDPAGKDQTVKVGETPKAEDSIGNLSDLPKGTTVAFEAPVDTATPGDKPAKVVVTYPDGSKDTVDVTVKVVDPRTDADKNDPAGKDQTVKVGETPKAEDSIGNLSDLPKGTTVAFEAPVDTATPGDKPAKVVVTYPDGSKDTVDVTVKVVDPRTDADKNDPAGKDQTVKVGETPKAEDSIGNLSDLPKGTTVAFEAPVDTATPGDKPAKVVVTYPDGSKDTVDVTVKVVDPRTDADKNDPAGKDQTVKVGETPKAEDSIGNLSDLPKGTTVAFEAPVDTATPGDKPAKVVVTYPDGSKDTVDVTVKVVDPRTDADKNDPAGKDQTVKVGETPKAEDSIGNLSDLPKGTTVAFEAPVDTATPGDKPAKVVVTYPDGSKDTVDVTVKVVDPRTDADKNDPAGKDQTVKVGETPKAEDSIGNLSDLPKGTTVAFEAPVDTATPGDKPAKVVVTYPDGSKDTVDVTVKVVDPRTDADKNDPAGKDQTVKVGETPKAEDSIGNLSDLPKGTTVAFEAPVDTATPGDKPAKVVVTYPDGSKDTVDVTVKVVDPRTDADKNDPAGKDQTVKVGETPKAEDSIGNLSDLPKGTTVAFEAPVDTATPGDKPAKVVVTYPDGSKDTVDVTVKVVDPRTDADKNDPAGKDQTVKVGETPKAEDSIGNLSDLPKGTTVAFEAPVDTATPGDKPAKVVVTYPDGSKDTVDVTVKVVDPRTDADKNDPAGKNQQVKGKGNKLPATGENATPFFNVAALTIISSVGLLSVSKKKED
O56048,PAN,YAQYRVARAAIRYRPLVPNAVGGYAISISFWPQTTTTPTSVDMNSITSTDVRILVQPGIASELVIPSERLHYRNQGWRSVETSGVAEEEATSGLVMLCIHGSPVNSYTNTPYTGALGLLDFALELEFRNLTPGNTNTRVSRYSSTARHRLRRGADGTAELTTTAATRFMKDLYFTSTNGVGEIGRGIALTLFNLADTLLGGLPTELISSAGGQLFYSRPVVSANGEP
Q9ZN37,PAN,MSVTLINNENNARYEFETIECTRGPKAVDFSKLFETTGFFSYDPGYSSTAGCQSKISYINGKKGELYYRGHRIEDLVAKYKYVDVCRLLLTGELPKNQDESLEFELELRHRSFVHESLLNMFSAFPSNAHPMAKLSSGVSILSTLYSTHQNMHTEEDYQTMARRIVAKIPTLAAICYRNEVGAPIIYPDIARSYVENILFMLRGYPYSRLKHTTQGEVGITPLEVEAFDKILTLHADHGQNASSTTVRNVASTGVHPYAAISAGISALWGHLHGGANEKVLLQLEEIGDVKNVDKYIARVKDKNDNFKLMGFGHRVYKSYDPRAKILKGLKDELHQKGVKMDERLSEIAAKVEEIALKDEYFIERNLYPNVDFYSGTILRALKIPVRFFTPVFVIGRTVGWCAQLLEHVKSPQARITRPRQVYVGD
Q79F92,PAN,MLWHAMPPELNTARLMAGAGPAPMLAAAAGWQTLSAALDAQAVELTARLNSLGEAWTGGGSDKALAAATPMVVWLQTASTQAKTRAMQATAQAAAYTQAMATTPSLPEIAANHITQAVLTATNFFGINTIPIALTEMDYFIRMWNQAALAMEVYQAETAVNTLFEKLEPMASILDPGASQSTTNPIFGMPSPGSSTPVGQLPPAATQTLGQLGEMSGPMQQLTQPLQQVTSLFSQVGGTGGGNPADEEAAQMGLLGTSPLSNHPLAGGSGPSAGAGLLRAESLPGAGGSLTRTPLMSQLIEKPVAPSVMPAAAAGSSATGGAAPVGAGAMGQGAQSGGSTRPGLVAPAPLAQEREEDDEDDWDEEDDW
P69359,PAN,MGNTSITIEFTSKFWPYFTLIHMILTPISLLIIITIMIAILNKLSEHKTFCNKTLELGQMYQINT
Q46412,PAN,MKKLLKSVLVFAALSSASSLQALPVGNPAEPSLMIDGILWEGFGGDPCDPCTTWCDAISMRMGYYGDFVFDRVLETDVNKEFHMGAKPTTDTGNSAAPSTLTARENPAYGRHMQDAEMFTNAACMALNIWDRFDVFCTLGATSGYLKGNSASFNLVGLFGDNENQKTVKAESVPNMSFDQSVVELYTDTTFAWSVGARAALWECGCATLGASFQYAQSKPKVEELNVLCNAAEFTINKPKGYVGKEFPLDLTAGTDAATGTKDASIDYHEWQASLALSYRLNMFTPYIGVKWSRASFDADTIRIAQPKSATAIFDTTTLNPTIAGAGDVKTGAEGQLGDTMQIVSLQLNKMKSRKSCGIAVGTTIVDADKYAVTVETRLIDERAAHVNAQFRF
O56638,PAN,ESRIWCLVVCVNLCIVCLGAAVSSSSTTGSRGTSIHNHHSSHTTSAARSQSGSVSHHVTSSQTVSHDVNETIY
Q56I18,PAN,MFKVLIITLLVNGIHFEKIYNVPVNCGELHPVKAHEIKCPQRLNELSLQAHHNLAKDEHYNKICRPQLKDDDHLEGFICRKQKWITKCSETWYFSTSIEYQILEVIPEYSGCTDAVKKLDQGALIPPYYPPAGCFWNTEMNQEIEFYVLIQHKPFLNPYDNLIYDSRFLTPCTINDSKTKGCPLKDITGTWIPDVRVKEISEHCNSKHWECITVNSFRSELNETERLWEAPDIGLVHVNKGCLSTFCGRNGIIFEDGEWWSIENQTESDFQNFKIEKCKGKKPGFRMHTDRTEFEELDIKAELEHERCLNTISKILNKENINTLDMSYLAPTRPGRDYAYLFEQTSWQEKLCLSLPDSGRVSKDCSIDWRTSTRGGMVKKNHYGIGSYKRAWCEYRPFIDKNEDGYIDIQELNGHNMSRNHAILETAPAGGSSGKKLNVTLNGMIFVEPTKLYLHTKSIYEGIEEYQKLIKFEVMEYDNIEENLIKYEEDEKFKPVNLSPHEKSQINRTDIVREIQRGGKKVLSAVVGWFTSTAKAVRWTIWAVGAIVTTYAIYKLYKMVKSNSSHNKHNETDLEGLQSITKENMKMEKNDKNYQDLELGLYEEIRSIKSGSKPIGDDRFFDH
Q3K3Z5,PAN,MKMNKKVLLTSTMAASLLSVASVQAQETDTTWTARTVSEVKADLVKQDNKSSYTVKYGDTLSVISEAMSIDMNVLAKINNIADINLIYPETTLTVTYDQKSHTATSMKIETPATNAAGQTTATVDLKTNQVSVADQKVSLNTISEGMTPEAATTIVSPMKTYSSAPALKSKEVLAQGQAVSQAAANEQVSPAPVKSITSEVPAAKEEVKPTQTSVSQSTTVSPASVAAETPAPVAKVAPVRTVAAPRVASVKVVTPKVETGASPEHVSAPAVPVTTTSTATDSKLQATEVKSVPVAQKAPTATPVAQPASTTNAVAAHPENARLQPHVAAYKEKVASTYGVNEFSTYRAGDPGDHGKGLAVDFIVGKNQALGNEVAQYSTQNMAANNISYVIWQQKFYSNTNSIYGPANTWNAMPDRGGVTANHYDHVHVSFNK
O40239,PAN,WGIKQLQARVLAVERYLKDQQLLGIWGCSGKLICTTTVPWNASWSNKSLDDIWDNMTWMEWEREIDNYTDLIYTLIGKSQNPPGKDGPGLLALDKWASLWSWFDISNWL
Q6EZA6,PAN,MKKIMLIASAMSALSLPFSASAIELGDEGGLECGPYAKVGVVGGMITGVESIRLDPADADGKKHLPLITSMPFGGTLAAGMTIAQGFRAELGVMYLTNITAQVEEGKVKADSGGKTKADSGGEIKADSGGGTDAPIRKRFKLTPPQPTIMPISIADRDFGIDIRNIPQAQAGNLXXEQRAAARIAWLKNCAGIDYRVKDPNNPNGPMVINPILLNIPQGNPIPVGNQRAQQPAGFAIHDHEQWRYLVTGLAALSNANKPSASPVKVLSDKITQIYSDIKLFADIAGIDVPDAGLPNSATVEQIQNKIQELNDVLEELRESYDGYLGGNAFANQIQLNFVMPQQAQQQGQGQQQQAQATAQEAVAAAAVRLLNGNNQIEQLYRDLVKLQRHAGIKKAMEKLAAQQEEDAKNQGEGDCKQQQGTSEKSKEGKAKEAEFDLSMIVGQVKLYADVMITESFSIYAGVSAGLAYTYGKIDNKDIKGHTGMVASGALGVAINAAEGVYVDIEGSYMYSFSKIEEKYSINPLMASVSVRYNF
P25187,PAN,MYGIEYTTILIFLISIILLNYIVKSVTRIMDYIIYRFLLISVALFALTRAQNYGINLPITGSMDIVYANSTQEEIFLTSTLCLYYPTEASTQINDGEWKDSLSQMFLTKGWPTGSVYFKEYSSIVDFSVDPQLYCDYNLVLMKYDQNLELDMSELADLILNEWLCNPMDITLYYYQQSGESNKWISMGSSCTVKVCPLNTQTLGIGCQTTNVDSFEMVAENEKLAIVDVVDGINHKINLTTTTCTNRNCKKLGPRENVAVIQVGGSNVLDITADPTTNPQTERMMRVNWKKWWQVFYTIVDYINQIVQVMSKRSRSLNSAAFYYRV
P00711,PAN,MMSFVSLLLVGILFHATQAEQLTKCEVFRELKDLKGYGGVSLPEWVCTTFHTSGYDTQAIVQNNDSTEYGLFQINNKIWCKDDQNPHSSNICNISCDKFLDDDLTDDIMCVKKILDKVGINYWLAHKALCSEKLDQWLCEKL
P15453,PAN,MKSLFIASTMVLMAFPAFAESTTVKMYEALPTGPGKEVGTVVISEAPGGLHFKVNMEKLTPGYHGFHVHENPSCAPGEKDGKIVPALAAGGHYDPGNTHHHLGPEGDGHMGDLPRLSANADGKVSETVVAPHLKKLAEIKQRSLMVHVGGDNYSDKPEPLGGGGARFACGVIE
Q64FG1,PAN,MYICGDSTECANLLLQYGSFCTQLNRALSGIAAEQDRNTREVFAQVKQMYKTPTLKYFGGFNFSQILPDPLKPTKRSFIEDLLFNKVTLADAGFMKQYGECLGDIDARDLICAQKFNGLTVLPPLLTDDMIAAYTAALISGTATAGWTFGAGAALQIPFAMQMAYRFNGIGVTQNVLYENQKQIANQFNKAISQIQESLTTTSTALGKLQDVVNQNAQALNTLVKQLSSNLGAISSVLNDILSRLDKVEAEVQIDRLITGRLQSLQTYVTQQLIRAAEIRASANLAATKMSECVLGQSKRVDFCGKGYHLMSFPQAAPHGVVFLHVTYVPSKERNFTTAPAICHEGKAYFPREGVFVFNGTSWFITQRNFFSPQIITTDNTFVSGNCDVVIGIINNTVYDPLQPELDSFKEELDKYFKNHTSPDVDLGDISGINASVVNIQKEIDRLNEVAKNLNESLIDLQELGKYEQYIKWPWYVWLGFIAGLIAIVMVTILLCCMTSCCSCLKGACSCGSCCKFDEDDSEPVLKGVKLHYT
15675314,PAN,MKNSNKLIASVVTLASVMALAACQSTNDNTKVISMKGDTISVSDFYNETKNTEVSQKAMLNLVISRVFEAQYGDKVSKKEVEKAYHKTAEQYGASFSAALAQSSLTPETFKRQIRSSKLVEYAVKEAAKKELTTQEYKKAYESYTPTMAVEMITLDNEETAKSVLEELKAEGADFTAIAKEKTTTPEKKVTYKFDSGATNVPTDVVKAASSLNEGGISDVISVLDPTSYQKKFYIVKVTKKAEKKSDWQEYKKRLKAIIIAEKSKDMNFQNKVIANALDKANVKIKDKAFANILAQYANLGQKTKAASESSTTSESSKAAEENPSESEQTQTSSAEEPTETEAQTQEPAAQ
P09866,PAN,DMGCVASWSGKELKCGSGIFVVDNVHTWTEQYKFQPESPARLASAILNAHKDGVCGIRSTTRLENVMWKQITNELNYVLWEGGHDLTVVAGDVKGVLTKGKRALTPPVSDLKYSWKTWGKAKIFTPEARNSTFLIDGPDTSECPNERRAWNSLEVEDYGFGMFTTNIWMKFREGSSEVCDHRLMSAAIKDQKAVHADMGYWIESSKNQTWQIEKASLIEVKTCLWPKTHTLWSNGVLESQMLIPKSYAGPFSQHNYRQGYATQTVGPWHLGKLEIDFGECPGTTVTIQEDCDHRGPSLRTTTASGKLVTQWCCRSCTMPPLRFLGEDGCWYGMEIRPLSEKEENMVKSQVTA
Q29YA6,PAN,MSETPAPPGYSVPSCSPGSRDLTRSDVLALILSFNPVSRSDVEDLSRRLSSLQSSYDALFEEVLRLRVRMDMIYNSFSKSLSDLGDRVAKLERETSHIKTVRAPLHVTDGELAILAKPSFCTLDPVLSGTSLNAVFATGSWLAKIEAGASIDSLTLNLRFHHFGQRTTLFLSSPDVVTVFPGSSVYLVLDTSRLIDFTYDTSPLTPSPAFAANMFMVHMVFDDAFTKESFSLSTTGSFSHSAFRITWILVASETKNYFIRAVRFSIATI
O09635,PAN,MELPILKTNAITAILAAVTLCFASSQNITEEFYQSTCSAVSKGYLSALRTGWYTSVITIELSNIKENKCNGTDAKVKLIKQELDKYKSAVTELQLLMQSTPATNNRARRELPRFMNYTLNNTKNTNVTLSKKRKRRFLGFLLGVGSAIASGIAVSKVLHLEGEVNKIKSALLSTNKAVVSLSNGVSVLTSKVLDLKNYIDKQLLPIVNKQSCSISNIETVIEFQQKNNRLLEITREFSVNAGVTTPVSTYMLTNSELLSLINDMPITNDQKKLMSNNVQIVRQQSYSIMSIIKEEVLAYVVQLPLYGVIDTPCWKLHTSPLCTTNTKEGSNICLTRTDRGWYCDNAGSVSFFPLAETCKVQSNRVFCDTMNSLTLPSEVNLCNIDIFNPKYDCKIMTSKTDVSSSVITSLGAIVSCYGKTKCTASNKNRGIIKTFSNGCDYVSNKGVDTVSVGNTLYYVNKQEGKSLYVKGEPIINFYDPLVFPSDEFDASISQVNEKINQSLAFIRKSDELLHNVNAGKSTTNIMITTIIIVIIVILLSLIAVGLLLYCKARSTPVTLSKDQLSGINNIAFSN
P17739,PAN,MRLLIGFALALALIGCAQKGAESIGSQKENDLNLEDSSKKSHQNAKQDLPAVTEDSVSLFNGNKIFVSKEKNSSGKYDLRATIDQVELKGTSDKNNGSGTLEGSKPDKSKVKLTVSADLNTVTLEAFDASNQKISSKVTKKQGSITEETLKANKLDSKKLTRSNGTTLEYSQITDADNATKAVETLKNSIKLEGSLVVGKTTVEIKEGTVTLKREIEKDGKVKVFLNDTAGSNKKTGKWEDSTSTLTISADSKKTKDLVFLTDGTITVQQYNTAGTSLEGSASEIKNLSELKNALK
Q8ZP50,PAN,MKKFTVAALALTTLLSGSAFAHEAGEFFMRAGPATVRPTEGAGGTLGHLNGFDVSNNTQLGLTFTYMATDNIGVELLAATPFRHKVGTGATGDIATVHLLPPTLMAQWYFGDSSSKVRPYVGVGVNYTTFFDNDFNDNGKNAGLSDLSFKDSWGAAGQVGVDYLINRDWLIGASVWYMDIDTTANYKMGGVQHHDSVRLDPWVFMFSAGYRF
P0A0L2,PAN,MKKTAFTLLLFIALTLTTSPLVNGSEKSEEINEKDLRKKSELQGTALGNLKQIYYYNEKAKTENKESHDQFLQHTILFKGFFTDHSWYNDLLVDFDSKDIVDKYKGKKVDLYGAYYGYQCAGGTPNKTACMYGGVTLHDNNRLTEEKKVPINLWLDGKQNTVPLETVKTNKKNVTVQELDLQARRYLQEKYNLYNSDVFDGKVQRGLIVFHTSTEPSVNYDLFGAQGQYSNTLLRIYRDNKTINSENMHIDIYLYTS
P89237,PAN,RASNCAYGHIPISIDIPDAAFVRSSESPTILEVSCTVADCIYSADFGDSLTLQYKADREGHCPVHSHSTTAVLKEATTHVTAVGSITLHFSTSSPQANFIVSLCGKKTTCNAECKPPADHIIGEPHKVDQEFQAAVSKTSWNWLLALFGGASSLIVVGLIVLVCSSMLINTRR
Q77Q74,PAN,MPSKKNGRSGPQPHKRWVFTLNNPSEDERKKIRELPISLFDYFIVGEEGNEEGRTPHLQGFANFVKKQTFNKVKWYLGARCHIEKAKGTDQQNKEYCSKEGNLLIECGAPRSQGQRSDLSTAVSTLLESGSLVTVAEQHPVTFVRNFRGLAELLKVSGKMQKRDWKTNVHVIVGPPGCGKSKWAANFADPETTYWKPPRNKWWDGYHGEEVVVIDDFYGWLPWDDLLRLCDRYPLTVETKGGTVPFLARSILITSNQTPLEWYSSTAVPAVEALYRRITSLVFWKNATEQSTEEGGQFVTLSPPCPEFPYEINY
Q5BMC7,PAN,RERVSALESANASINESVSNVLSEMTSLSSRMEKLTTSVTEINAELNSVAINIQALKVSLDSISDTLTSLSANVDDHASSLSNLRQNVDILSTDAANLKSDVSTQSLRLSNLERRVTQLETGGSAPLTFSAPLKLDGTNVSLELDPYFCSVDHNLTSYSADAQLMQFKWLVRG
Q4KRX1,PAN,MGSNSLSMIKVRLQNLFDNDEVALLKITCYTDKLIHLTNALAKAVIHTIKLNGIVFVHVITSSDICPNNNIVVKSNFTTMPVLQNGGYIWEMMELTHCSQPNGLIDDNCEIKFSKKLSDSTMTNYMNQLSELLGFDLNP
O39843,PAN,CECKYSQRVTAIRGDRAVLAAKYADTRHTLPSTFNFGHVTADKAVXVYYRMKRAELYCPRPLLPAYEHANRXRFDAPIGVEXQLCNFD
Q7DHH4,PAN,MKKIKIVPLILIVVVVGFGIYFYASKDKEINNTIDAIEDKNFKQVYKDSSYISKSDNGEVEMTERPIKIYNSLGVKDINIQDRKIKKVSKNKKRVDAQYKIKTNYGNIDRNVQFNFVKEDGMWKLDWDHSVIIPGMQKDQSIHIENLKSERGKILDRNNVELANTGTAYEIGIVPKNVSKKDYKAIAKELSISEDYIKQQMDQNWVQDDTFVPLKTVKKMDEYLSDFAKKFHLTTNETESRNYPLGKATSHLLGYVGPINSEELKQKEYKGYKDDAVIGKKGLEKLYDKKLQHEDGYRVTIVDDNSNTIAHTLIEKKKKDGKDIQLTIDAKVQKSIYNNMKNDYGSGTAIHPQTGELLALVSTPSYDVYPFMYGMSNEEYNKLTEDKKEPLLNKFQITTSPGSTQKILTAMIGLNNKTLDDKTSYKIDGKGWQKDKSWGGYNVTRYEVVNGNIDLKQAIESSDNIFFARVALELGSKKFEKGMKKLGVGEDIPSDYPFYNAQISNKNLDNEILLADSGYGQGEILINPVQILSIYSALENNGNINAPHLLKDTKNKVWKKNIISKENINLLTDGMQQVVNKTHKEDIYRSYANLIGKSGTAELKMKQGETGRQIGWFISYDKDNPNMMMAINVKDVQDKGMASYNAKISGKVYDELYENGNKKYDIDE
Q1KVI3,PAN,MFIFLLFLTLTSGSDLDRCTTFDDVQAPNYTQHTSSMRGVYYPDEIFRSDTLYLTQDLFLPFYSNVTGFHTINHTFDNPVIPFKDGIYFAATEKSNVVRGWVFGSTMNNKSQSVIIINNSTNVVIRACNFELCDNPFFAVSKPMGTQTHTMIFDNAFNCTFEYISDASSLDVSEKSGNFKHLREFVFKNKDGFLHVYKGYQPIDVVRDLPSGFNTLKPIFKLPLGINITNFRAILTAFSPAQDTWGTSAAAYFVGYLKPTTFMLKYDKNGTITDAVDCSQNPLAELKCSVKSFEIDKGIYQTSNFRVVPSGDVVRFPNITNLCPFGEVFNATKFPSVYAWERKKISNCVADYSVLYNSTFFSTFKCYGVSATKLNDLCFSNVYANSFVVKGDDVRQIAPGQTGVIADYNYKLPDDFMGCVLAWNTRNIDATSTGNYNYKYRYLRHGKLRPFERDISNVPFSPDGKPCTPPALNCYWPLNDYGFYTTTGIGYQPYRVVVLSFELLNAPATVCGPKLSTDLIKNQCVNFNFNGLTGTGVLTPSSKRFQPFQQFGRDVSDFTDSVRDPKTSEILDISPCSFGGVSVITPGTNASSEVAVLYQDVNCTDVSTAIHADQLTPAWRIYSTGNNVFQTQAGCLIGAEHVDTSYECDIPIGAGICASYHTVSLLRSTSQKSIVAYTMSLGADSSIAYSNNTIAIPTNFSISITTEVMPVSMAKTSVDCN
P16071,PAN,MAEKGKTNSSYWSTTRNDNSTVNTYIDTPAGKTHIWLLIATTMHTILSFIIMILCIDLIIKQDTCMKTNIMTVSSMNESAKTIKETITELIRQEVISRTINIQSSVQSGIPILLNKQSRDLTQLIEKSCNRQELAQICENTIAIHHADGISPLDPHDFWRCPVGEPLLSNNPNISLLPGPSLLSGSTTISGCVRLPSLSIGDAIYAYSSNLITQGCADIGKSYQVLQLGYISLNSDMYPDLKPVISHTYDINDNRKSCSVIAAGTRGYQLCSLPTVNETTDYSSEGIEDLVFDILDLKGKTKSHRYKNEDITFDHPFSAMYPSVGSGIKIENTLIFLGYGGLTTPLQGDTKCVTNRCANVNQSVCNDALKITWLKKRQVVNVLIRINNYLSDRPKIVVETIPITQNYLGAEGRLLKLGKKIYIYTRSSGWHSHLQIGSLDINNPMTIKWAPHEVLSRPGNQDCNWYNRCPRECISGVYTDAYPLSPDAVNVATTTLYANTSRVNPTIMYSNTSEIINMLRLKNVQLEAAYTTTSCITHFGKGYCFHIVEINQTSLNTLQPMLFKTSIPKICKITS
P03303a,PAN,GLPTTTLPGSGQFLTTDDRQSPSALPNYEPTPRIHIPGKVHNLLEIIQVDTLIPMNNTHTKDEVNSYLIPLNANRQNEQVFGTNLFIGDGVFKTTLLGEIVQYYTHWSGSLRFSLMYTGPALSSAKLILAYTPPGARGPQDRREAMLGTHVVWDIGLQSTIVMTIPWTSGVQFRYTDPDTYTSAGFLSCWYQTSLILPPETTGQVYLLSFISACPDFKLRLMKDTQTISQTVALTE
P0A5Q4,PAN,MRIKIFMLVTAVVLLCCSGVATAAPKTYCEELKGTDTGQACQIQMSDPAYNINISLPSYYPDQKSLENYIAQTRDKFLSAATSSTPREAPYELNITSATYQSAIPPRGTQAVVLKVYQNAGGTHPTTTYKAFDWDQAYRKPITYDTLWQADTDPLPVVFPIVQGELSKQTGQQVSIAPNAGLDPVNYQNFAVTNDGVIFFFNPGELLPEAAGPTQVLVPRSAIDSMLA
19746885,PAN,MFLRNKKQKFSIRKLSAGAASVLVAASVLGGGVSAYADSVSGLEVADPSDSKKLIELGLAKYLNDKLPFKTKEDSEILSELRDVLKNANPETLKSLLNGMDQGHISFSDRNNRYNRLSQYINSFRKDDDDYLHNGYSLGSLVIEAIKYRLDSESHLKEELLKQTAELEQRKNAEVDLKSEKKRLEAQIEKVGYDIANKQQELEKARSDQKELSESIQKLTSRFKKESDAKQKELDEAKAANKSLSESATKTLARSSKITNELKDKLAASEKDKNRAFQVSSELANKLHETETSRDKALAESKELADKLAVKTAEAEKLMENVGSLDRLVESAKREMAQKLAEIDQLTADKAKADAELAAANDTIASLQTELEKVKTELAVSERLIESGKREIAELEKQKDASDKALAESQANVAELEKQKAASDAKVAELEKEVEAAKAEVADLKAQLAKKEEELEAVKKEKEALEAKIEELKKAHAEELSKLKEMLEKKDHANADLQAEINRLKQELADRIKSLSQGGRASQTNPGSTTAKAGQLPSTGESANPFFTIAALTVIAGAGMAVVSPKRKEN
P17332,PAN,MGQIVTFFQEVPHVIEEVMNIVLIALSILAILKGLYNVATCGLIGLVTFLLLSGRSCSLIYKGTYELQTLELNMETLNMTMPLSCTKNNSHHYIRVGNETGLELTLTNTSILNHKFCNLSDAHKRNLYDHSLMSIISTFHLSIPNFNQYEAMSCDFNGGKITVQYNLSHSFAVDAAGHCGTLANGVLQTFMRMAWGGSYIALDSGRGNWDCIMTSYQYLIIQNTTWDDHCQFSRPSPIGYLGLLSQRTRDIYISRRLLGTFTWTLSDSEGNETPGGYCLTRWMLIEAELKCFGNTAVAKCNEKHDEEFCDMLRLFDFNKQAIRRLKTEAQMSIQLINKAVNALINDQLIMKNHLRDIMGIPYCNYSRYWYLNHTSTGKTSLPRCWLISNGSYLNETKFSDDIEQQADNMITEMLQKEYIDRQGKTPLGLVDLFVFSTSFYLISIFLHLVKIPTHRHIVGKPCPKPHRLNHMGICSCGLYKQPGVPVRWKR
P0A5Q2,PAN,MKLTTMIKTAVAVVAMAAIATFAAPVALAAYPITGKLGSELTMTDTVGQVVLGWKVSDLKSSTAVIPGYPVAGQVWEATATVNAIRGSVTPAVSQFNARTADGINYRVLWQAAGPDTISGATIPQGEQSTGKIYFDVTGPSPTIVAMNNGMEDLLIWEP
P16665,PAN,MNMCTDGKKYHSTATSAAVGASAPGVPDARAIAAICEQLRQHVADLGVLYIKLHNYHWHIYGIEFKQVHELLEEYYVSVTEAFDTIAERLLQLGAQAPASMAEYLALSGIAEETEKEITIVSALARVKRDFEYLSTRFSQTQVLAAESGDAVTDGIITDILRTLGKAIWMLGATLKA
P10787,PAN,DALGTGNANKQQDINHLLDKIYEPTKYPDLKDIAENFNPLGDTSIYNDHGAAAEALMKELNDHRLLEQRHWFSLFNTRQREEALMLFAVLNQCKEWYCFRSNAAYFRERMNEGEFVYALYVSVIHSKLGDGIVLPPLYEITPHMFTNSEVIDKAYSAKMTQKPGTFNVSFTGTKKNREQRVAYFGEDIGMNIHHVTWHMDFPTWWQDSYGYHLDRKGELFFWVHHQLTARFDFERLSNWLDPVDELHWDRIIREGFAPLTSYKYGGEFPVRPDNIHFEDVDGVAHVHDLEITESRIHDAIDHGYITDSDGHTIDIRQPKGIELLGDIIESSMYSSNVQYYGSLHNTAHAMLGRQGDPHGKFNLPPGVMEHFETATRDPSFFRLHKYMDNIFKKHTDSFPPYTHDDLEFAGMVVDGIAIDGELITFFDEFQYSILNAVDSGENIEDVDINARVHRLNHNEFTYKITMSNNNDGERLATFRIFLCPIEDNNGITLTLDEARWFCIELDKFFQKVPSGPETIERSSKDSSVTVPDMPSFQSLKEQADNAVNGGHDLDLSAYERSCGIPDRMLLPKSKPEGMKFNLYVAVTDGDKDTEGHNGGHDYGGTHAQCGVHGEAFPDNRPLGYPLERRIPDERVIDGVSNIKHVVVKIVHHLEHHD
P08191,PAN,MKRVITLFAVLLMGWSVNAWSFACKTANGTAIPIGGGSANVYVNLAPVVNVGQNLVVDLSTQIFCHNDYPETITDYVTLQRGSAYGGVLSNFSGTVKYSGSSYPFPTTSETPRVVYNSRTDKPWPVALYLTPVSSAGGVAIKAGSLIAVLILRQTNNYNSDDFQFVWNIYANNDVVVPTGGCDVSARDVTVTLPDYPGSVPIPLTVYCAKSQNLGYYLSGTTADAGNSIFTNTASFSPAQGVGVQLTRNGTIIPANNTVSLGAVGTSAVSLGLTANYARTGGQVTAGNVQSIIGVTFVYQ
Q77DJ5,PAN,MEASYERGRPRAARQHSRDGHDHHVRARSSSRENYRGEYRQSRSASQVRVPTVFHKKRVEPLTVPPAPKDICPTLKKGFLCDSSFCKKDHQLESLTDRELLLLIARKTCGSVEQQLNITAPKDSRLANPTADDFQQEEGPKITLLTLIKTAEHWARQDIRTIEDSKLRALLTLCAVMTRKFSKSQLSLLCETHLRREGLGQDQAEPVLEVYQRLHSDKGGSFEAALWQQWDRQSLIMFITAFLNIALQLPCESSAVVVSGLRTLVPQSDNEEASTNPGTCSWSDEGTP
P59206,PAN,MKKVRFIFLALLFFLASPEGAMASDGTWQGKQYLKEDGSQAANEWVFDTHYQSWFYIKADANYAENEWLKQGDDYFYLKSGGYMAKSEWVEDKGAFYYLDQDGKMKRNAWVGTSYVGATGAKVIEDWVYDSQYDAWFYIKADGQHAEKEWLQIKGKDYYFKSGGYLLTSQWINQAYVNASGAKVQQGWLFDKQYQSWFYIKENGNYADKEWIFENGHYYYLKSGGYMAANEWIWDKESWFYLKFDGKIAEKEWVYDSHSQAWYYFKSGGYMAANEWIWDKESWFYLKFDGKMAEKEWVYDSHSQAWYYFKSGGYMTANEWIWDKESWFYLKSDGKIAEKEWVYDSHSQAWYYFKSGGYMTANEWIWDKESWFYLKSDGKMAEKEWVYDSHSQAWYYFKSGGYMAKNETVDGYQLGSDGKWLGGKATNKNAAYYQVVPVTANVYDSDGEKLSYISQGSVVWLDKDRKSDDKRLAITISGLSGYMKTEDLQALDASKDFIPYYESDGHRFYHYVAQNASIPVASHLSDMEVGKKYYSADGLHFDGFKLENPFLFKDLTEATNYSAEELDKVFSLLNINNSLLENKGATFKEAEEHYHINALYLLAHSALESNWGRSKIAKDKNNFFGITAYDTTPYLSAKTFDDVDKGILGATKWIKENYIDRGRTFLGNKASGMNVEYASDPYWGEKIASVMMKINEKLGGKD
Q4KRW2,PAN,MTMPKIMILPDKYPCSITSILITSRCRVTMYNRKNTLYFNQNNPNNHMYSPNQTFNEIHWTSQDLIDTIQNFLQHLGVIEDIYTIYILVS
Q87L97,PAN,MASSTKMLVTPEQALLTTRRVFGLFSMMVAQRLIASKLATLVPPNLATLNALTAFLPRLPKKYTHPMFCEERNRAKREVVRLSFENVPSEALHQTVLMTVDGTQPKSTDKPNPAILTYLGTTPPE
Q01552,PAN,MPPKRRLVDDADAMEDQDLYEPPASLPKLPGKFLQYTVGGSDPHPGIGHEKDIRQNAVALLDQSRRDMFHTVTPSLVFLCLLIPGLHAAFVHGGVPRESYLSTPVTRGEQTVVKTAKFYGEKTTQRDLTELEISSIFSHCCSLLIGVVIGSSSKIKAGAEQIKKRFKTMMAALNRPSHGETATLLQMFNPHEAIDWINGQPWVGSFVLSLLTTDFESPGKEFMDQIKLVASYAQMTTYTTIKEYLAECMDATLTIPVVAYEIRDFLEVSAKLKEEHADLFPFLGAIRHPDAIKLAPRSFPNLASAAFYWSKKENPTMAGYRASTIQPGASVKETQLARYRRREISRGEDGAELSGEISAIMRMIGVTGLN
Q45321,PAN,MRTLKSLVIVSAALLPFSATAFAADAIQEQPPVPAPVEVAPQYSWAGGYTGLYLGYGWNKAKTSTVGSIKPDDWKAGAFAGWNFQQDQIVYGVEGDAGYSWAKKSKDGLEVKQGFEGSLRARVGYDLNPVMPYLTAGIAGSQIKLNNGLDDESKFRVGWTAGAGLEAKLTDNILGRVEYRYTQYGNKNYDLAGTTVRNKLDTQDFRVGIGYKF
P0A5P8,PAN,MKMVKSIAAGLTAAAAIGAAAAGVTSIMAGGPVVYQMQPVVFGAPLPLDPASAPDVPTAAQLTSLLNSLADPNVSFANKGSLVEGGIGGTEARIADHKLKKAAEHGDLPLSFSVTNIQPAAAGSATADVSVSGPKLSSPVTQNVTFVNQGGWMLSRASAMELLQAAGN
Q88229,PAN,FLVVLTTATAGLTRNLYELKIECPHTVGLGQGYVTGSVETTPILLTQVADLKIESSCNFDLHVPATTTQKYNQVDWTKKSSTTESTNAGAN
P0A5P6,PAN,MAENSNIDDIKAPLLAALGAADLALATVNELITNLRERAEETRTDTRSRVEESRARLTKLQEDLPEQLTELREKFTAEELRKAAEGYLEAATSRYNELVERGEAALERLRSQQSFEEVSARAEGYVDQAVELTQEALGTVASQTRAVGERAAKLVGIELPKKAAPAKKAAPAKKAAPAKKAAAKKAPAKKAAAKKVTQK
P69687,PAN,MSYSITTPSQFVFLSSAWADPIELINLCTNALGNQFQTQQARTVVQRQFSEVWKPSPQVTVRFPDSDFKVYRYNAVLDPLVTALLGAFDTRNRIIEVENQANPTTAETLDATRRVDDATVAIRSAINNLIVELIRGTGSYNRSSFESSSGLVWTSGPAT
P70854,PAN,MTKIFSNLIINGLLFGFVSLNVFADSNNANILKPQSNVLEHSDQKDNKKLDQKDQVNQALDTINKVTEDVSSKLEGVRESSLELVESNDAGVVKKFVGSMSLMSDVAKGTVVASQEATIVAKCSGMVAEGANKVVEMSKKAVQETQKAVSVAGEATFLIEKQIMLNKSPNNKELELTKEEFAKVDEVKETLMASERALDETVQEAQKVLNMVNGLNPSNKDQVLAKKDVRKAISNVVKVAQGARDLTKVMAISLYMR
Q8V1K2,PAN,FHLTSRDGEPRMIVGKNERGKSLLFKTASGINMCTLIAMDLGEMCDDTVTYKCPHITEVEPEDIDCWCNLTSTWVTYGTCNQAGEHRRDKRSVALAPHVGMGLDTRTQTW
P0C7U7,PAN,MIRAYEQNPQHFIEDLEKVRVEQLTGHGSSVLEELVQLVKDKNIDISIKYDPRKDSEVFANRVITDDIELLKKILAYFLPEDAILKGGHYDNQLQNGIKRVKEFLESSPNTQWELRAFMAVMHFSLTADRIDDDILKVIVDSMNHHGDARSKLREELAELTAELKIYSVIQAEINKHLSSSGTINIHDKSINLMDKNLYGYTDEEIFKASAEYKILEKMPQTTIQVDGSEKKIVSIKDFLGSENKRTGALGNLKNSYSYNKDNNELSHFATTCSDKSRPLNDLVSQKTTQLSDITSRFNSAIEALNRFIQKYDSVMQRLLDDTSGK
P27053,PAN,MGFRINTNVAALNAKANSDLNSRALDQSLSRLSSGLRINSAADDASGMAIADSLRSQANTLGQAISNGNDALGILQTADKAMDEQLKILDTIKTKATQAAQDGQSLKTRTMLQADINRLMEELDNIANTTSFNGKQLLSGGFTNQEFQIGSSSNQTIKASIGATQSSKIGVTRFETGSQSFSSGTVGLTIKNYNGIEDFKFDSVVISTSVGTGLGALAEEINRNADKTGIRATFDVKSVGAYAIKAGNTSQDFAINGVVIGKVDYSDGDENGSLISAINAVKDTTGVQASKDENGKLVLTSADGRGIKITGSIGVGAGILHTENYGRLSLVKNDGRDINISGTGLSAIGMGATDMISQSSVSLRESKGQISAANADAMGFNAYNGGGAKQIIFASSIAGFMSQAGSGFSAGSGFSVGSGKNYSAILSASIQIVSSARSISSTYVVSTGSGFSAGSGNSQFAALRISTVSAHDETAGVTTLKGAMAVMDIAETAITNLDQIRADIGSVQNQITSTINNITVTQVNVKSAESQIRDVDFASESANYSKANILAQSGSYAMAQANSSQQNVLRLLQ
Q14VH5,PAN,FPQITLWQRPLVTMKIGGQIKEALLDTGADDTVLEDINLPGKWKPKMIGGIGGFIKVRQYEQIPIEICGHKAIGTVLVGPTPVNIIGRNLLTQLGCTLNFPISPIETVPVKLKPGMDGPKVKQWPLTEEKIKALTAICDEMEKEGKITRIGPENPYNTPIFAIKKKDSTKWRKLVDFRELNKRTQDFWEVQLGIPHPAGLKKKKSVTVLDVGDAYFSVPLYEDFRKYTAFTIPSINNETPGIRYQYNVLPQGWKGSPAIFQSSMTKILDPFRKQNPDIVIYQYMDDLYVGSDLEIGQHRTKIEELRQHLLRWGFTTPDKKHQKEPPFLWMGYELHPDKWTVQPIQL
P0A5P2,PAN,MAHFAVGFLTLGLLVPVLTWPVSAPLLVIPVALSASIIRLRTLADERGVTVRTLVGSRAVRWDDIDGLRFHRGSWARATLKDGTELRLPAVTFATLPHLTEASSGRVPNPYR
15675451,PAN,MKKGLLVTTGLACLGLLTACSTQDNMAKKEITQDKMSMAAKKKDKMSTSKDKSMMADKSSDKKMTNDGPMAPDFELKGIDGKTYRLSEFKGKKVYLKFWASWCSICLSTLADTEDLAKMSDKDYVVLTVVSPGHQGEKSEADFKKWFQGTDYKDLPVLLDPDGKLLEAYGVRSYPTEVFIGSDGVLAKKHIGYAKKSDIKKTLKGIH
P17285,PAN,MDPIDPDLEPWKHPGSQPRTVCNNCYCKACCYHCIYCFTKKGLGISYGRKKRTTRRRTAPAGSKNNQDSIPKQPLSQSRGNKEGSEKSTKEVASKTEADQ
P0A4V6,PAN,MKGRSALLRALWIAALSFGLGGVAVAAEPTAKAAPYENLMVPSPSMGRDIPVAFLAGGPHAVYLLDAFNAGPDVSNWVTAGNAMNTLAGKGISVVAPAGGAYSMYTNWEQDGSKQWDTFLSAELPDWLAANRGLAPGGHAAVGAAQGGYGAMALAAFHPDRFGFAGSMSGFLYPSNTTTNGAIAAGMQQFGGVDTNGMWGAPQLGRWKWHDPWVHASLLAQNNTRVWVWSPTNPGASDPAAMIGQAAEAMGNSRMFYNQYRSVGGHNGHFDFPASGDNGWGSWAPQLGAMSGDIVGAIR
O83867,PAN,MIDPSATSRYGSPRLVSNGFRHRRKVVYQRVGHRRFSLIFFFVVVLGRSPRLWAQVSFTPDIEGYAELAWGIAXEXGXAGNLKHGFKTTTDFKIVFPIVAKKDFKYRGEGNVYAEINVKALKLSLESNGGAKFDTKGSAKTIEATLHCYGAYLTIGKNPDFKSTFAVLWEPWTANGDYKSKGDKPVYEPGFEGAGGKLGYKQTDIAGTGLTFDIAFKFASNTDWEGKDSKGNVPAGVTPSKYGLGGDILFGWERTREDGVQEYIKVELTGNSTLSSDYAQARALAAGAKVSMKLWGLCALAATDVGHKKNGAQGTVGADALLTLGYRWFSAGGYFASXASNVFGGVFLNMAMREHDCAAYIKLETKGSDPDTSFLEGLDLGVDVRTYMPVHYKVLKALPPAIXFPVYGKVWGSYRHDMGEYGWVKVYANLYGGTNKKATPPAAPATKWKAGYCGYYECGVVVSPLEKVEIRLSWEQGKLQENSNVVIEKNVTERWQFVGACRLIW
Q38L42,PAN,MKTTCFLISLILIQGTKNLPILEIASNNQPQNVDSVCSGTLQKTEDVHLMGFTLSGQKVADSPLEASKRWAFRTGVPPKNVEYTEGEEAKTCYNISVTDPSGKSLLLDPPTNIRDYPKCKTIHHIQGQNPHAQGIALHLWGAFFLYDRIASTTMYRGKVFTEGNIAAMIVNKTVHKMIFSRQGQGYRHMNLTSTNKYWTSSNGTQTNDTGCFGALQEYNSTKNQTCAPSKIPPPLPTARPEIKLTSTPTDATKLNTTDPSSDDEDLATSGSGSGEREPHTTSDAVTKQGLSSTMPPTPSPQPSTPQQGGNNTNHSQDAVTELDKNNTTAQPSMPPHNTTTISTNNTSKHNFSTLSAPLQNTTNDNTQSTITENEQTSAPSITTLPPTGNPTTAKSTSSKKGPATTAPNTTNEHFTSPPPTPSSTAQHLVYFRRKRSILWREGDMFPFLDGLINAPIDFDPVPNTKTIFDESSSSGASAEEDQHASPNISLTLSYFPNINENTAYSGENENDCDAELRIWSVQEDDLAAGLSWIPFFGPGIEGLYTAVLIKNQNNLVCRLRRLANQTAKSLELLLRVTTEERTFSLINRHAIDFLLTRWGGTCKVLGPDCCIGIEDLSKNISEQIDQIKKDEQKEGTGWGLGGKWWTSDWGVLTNLGILLLLSIAVLIALSCICRIFTKYIG
Q9DS89,PAN,NAKRADSGYVCKQGVVDRGWGNGCGLFGKGSIDTCARFACSTKATGRTILKENIKYEVAIFVHGPTTVESHGNYATQQGATQAGRFSITPAAPSYTLKLGEYGEVTVDCEPRSGIDTNAYYVMTVGKKTFLVHREWFMDLNLPWSTAEARVEKQGNFGGSLKNPRI
P17282,PAN,MGARASVLTGGKLDRWEKVRLRPGGRKRYMMKHLVWASRELERFACDPGLMESKEGCTKLLQQLEPALKTGSEGLRSLFNTLAVLWCIHSDITVEDTQKALEQLKRHHGEQQSKTESNSGSREGGASQGASASAGISGNYPLVQNAQGQMVHQAISPRTLNAWVKVVEEKAFSPEVIPMFSALSEGALPQDVNTMLNAVGGHQGAMQVLKEVINEEAAEWDRLHPTHAGPIAPGQLREPRGSDIAGTTSTLQEQIGWTTANPPIPVGDVYRRWVILGLNKVVRMYCPVSILDIRQGPKEPFRDYVDRFYKTLRAEQASQEVKNWMTDTLLVQNANPDCKQILKALGPGATLEEMMTACQGVGGPSHKARVLAEAMSMVQNQGRADVFFQKGQGAGPKRKIKCFNCGKEGHLARNCKAPRRKGCWRCGQEGHQMKDCTGRQVNFLGKGWPSRSGRPGNFVQNRTEPTAPPIESYGYQEEEKSQEKKEGESSLYPPTSLKSLFGSDPSSQ
P17280,PAN,MAGRSEPQDDARLLQAVKIIKILYQSNPYPSPEGTRKARRNRRRRWRARQKQISEISGRVLATYLGRPPKPGDLELPELDKLSLQCVETTQDVGTSNTSQPQTATGETVPAGGNYSILGKGAKN
P0A570,PAN,MTINYQFGDVDAHGAMIRAQAASLEAEHQAIVRDVLAAGDFWGGAGSVACQEFITQLGRNFQVIYEQANAHGQKVQAAGNNMAQTDSAVGSSWA
28895472,PAN,MENNKKVLKKMVFFVLVTFLGLTISQEVFAQQDPDPSQLHRSSLVKNLQNIYFLYEGDPVTHENVKSVDQLLSHDLIYNVSGPNYDKLKTELKNQEMATLFKDKNIDIYGVEYYHLCYLCENAERSACIYGGVTNHEGNHLEIPKKIVVKVSIDGIQSLSFDIETNKKMVTAQELDYKVRKYLTDNKQLYTNGPSKYETGYIKFIPKNKESFWFDFFPEPEFTQSKYLMIYKDNETLDSNTSQIEVYLTTK
P21171,PAN,MNMKKATIAATAGIAVTAFAAPTIASASTVVVEAGDTLWGIAQSKGTTVDAIKKANNLTTDKIVPGQKLQVNNEVAAAEKTEKSVSATWLNVRSGAGVDNSIITSIKGGTKVTVETTESNGWHKITYNDGKTGFVNGKYLTDKAVSTPVAPTQEVKKETTTQQAAPAAETKTEVKQTTQATTPAPKVAETKETPVVDQNATTHAVKSGDTIWALSVKYGVSVQDIMSWNNLSSSSIYVGQKLAIKQTANTATPKAEVKTEAPAAEKQAAPVVKENTNTNTATTEKKETATQQQTAPKAPTEAAKPAPAPSTNTNANKTNTNTNTNTNTNNTNTNTPSKNTNTNSNTNTNTNSNTNANQGSSNNNSNSSASAIIAEAQKHLGKAYSWGGNGPTTFDCSGYTKYVFAKAGISLPRTSGAQYASTTRISESQAKPGDLVFFDYGSGISHVGIYVGNGQMINAQDNGVKYDNIHGSGWGKYLVGFGRV
O92567,PAN,SDKGFVLGQSITDVTFLKRHFRMDYGTGFYKPVMASKTLEAILSFARRGTIQEKLISVAGLAVHSGPDEYRRLFEPFQGLFEIPSYRSLYLRWVNAVCGDA
P04591,PAN,GARASVLSGGELDRWEKIRLRPGGKKKYKLKHIVWASRELERFAVNPGLLETSEGCRQILGQLQPSLQTGSEELRSLYNTVATLYCVHQRIEIKDTKEALDKIEEEQNKSKKKAQQAAADTGHSNQVSQNY
Q6V1Q9,PAN,MTTRTKGRGHTAATTQNDRMPGPELSGWISEQLMTGRIPVSDIFCDIENNPGLCYASQMQQTKPNPKTRNSQTQTDPICNHSFEEVVQTLASLATVVQQQTIASESLEQRITSLENGLKPVYDMAKTISSLNRVCAEMVAKYDLLVMTTGRATATAAATEAYWAEHGQPPPGPSLYEESAIRGKIESRDETVPQSVREAFNNLDSTTSLTEENFGKPDISAKDLRNIMYDHLPGFGTAFHQLVQVICKLGKDSNSLDIIHAEFQASLAEGDSPQCALIQITKRVPIFQDAAPPVIHIRSRGDIPRACQKSLRPVPPSPKIDRGWVCVFQLQDGKTLGLKI
Q68287,PAN,MGPAVCKKVTEHEKCTTSIMDKLTAFFGVMPRGTTPRAPVRFPTSLLKIRGGLETGWAYTHQGGISSVDHVTCGKDLLVCDTMGRTRVVCQSNNKMTDESEYGVKTDSGCPEGARCYVFNPEAVNISGTKGAMVHLQKTGGEFTCVTASGTPAFFDLKNLKGWSGLPIFEASSGRVVGRVKVGKNEDSKPTKLMSGIQTVSKSTADLTEMVKKITTMNGGEFRQITLATGAGKTTELPRSVIEEIGRHKRVLVLIPLRAAAESVYQYMRQKHPSIAFNLRIGEMKEGDMATGITYASYGYFCQMPQPKLRAAMVEYSFIFLDEYHCATPEQMAIMGKIHRFSENLRVVAMTATPAGTVTTTGQKHPIEEFIAPEVMKGEDLGSEYLDIAGLKIPVEEMKSNMLVFVPTRNMAVETAKKLKAKGYNSGYYYSGEDPSNLRVVTSQSPYVVVATNAIESGVTLPDLDVVVDTGLKCEKRIRLSPKMPFIVTGLKRMAVTIGEQAQRRGRVGRVKPGRYYRSQETPVGSKDYYYDLLQAQRYGIEDGINITKSFREMNYDWSLYEEDSLMITQLEILNNLLISEELPMAVKNIMARTDHPEPIQLAYNSYETQVPVLFPKIKNGEVTDSYDNYTFLNARKLGDDVPPYVYATEDEDLAVELLGLDWPDPGNQGAVEAGRALKQVVGLSTAENALLVALFGYVGYQALSKRHIPVVTDIYSIEDHRLEDTTHLQYAPNAIKTEGKETELKELAQGDVQRCVDAMTNYAREGIRFMKSQALKVKETPTYRETMDTVSDYVKKFMEALTDSKEDIIRYGLWGTHTALYKSICARLGNETAFATLVVKWLAFGGESIADHVKQAATDLVVYYIINRPQFP
Q27YE8,PAN,MGKSQSKSSPHNKPPEPEAPRHPVIPDARGTGPEFCKSCWFERRGLVKCYDHYLCLNCLTLLHTVSDRCPICKHTLPLKLELQTQPTAPPEHPPNQQPPPYTP
Q53348,PAN,MQQQHLFRLNILCLSLMTALPVYAENVQAGQAQEKQLDTIQVKAKKQKTRRDNEVTGLGKLVKTADTLSKEQVLDIRDLTRYDPGIAVVEQGRGASSGYSIRGMDKNRVSLTVDGLAQIQSYTAQAALGGTRTAGSSGAINEIEYENVKAVEISKGSNSVEQGSGALAGSVAFQTKTADDVIGEGRQWGIQSKTAYSGKNRGLTQSIALAGRIGGAEALLIHTGRHAGEIRAHEDAGRGVQSFNRLVPVEDTHPYANFIVEEECESGNYETCKSKPKKDVVGKDERQTVSTRDYTGPNRFLADPLSYESRSWLFRPGFRFENKRHYIGGILEHTQQTFDTRDMTVPAFLTKAVFDENRKYGPIRGNGKYAGDHKYGGLFTNGENGALVGAEYGTGVFYDETHTKSRYGLEYVYTNADKDTWVDYARLSYDRQGIGLDNHFQQTHCSADGSDKYCRPSADKPFSYYKSDRVIYGESHRLLQAAFKKSFDTAKIRHNLSVNLGFDRFDSNLRHQDYYYQHANRAYSSKTPPKTANPNGGKDQPYWVSIGRGNVVTGQICRLGNNTYTDCTPRSINGKSYYAAVRDNVRLGRWADVGAGLRYDYRSTHSDDGSVSTGTHRTLSWNAGIVLKPTDWLDLTYRTSTGFRLPSFAEMYGWRAGVQSKAVKIDPEKSFNKEAGIVFKGDFGNLEASWFNNAYRDLIVRGYEAQIQNGKETAKGDPAYLNAQSARITGINVLGKIDWNGVWDKLPEGWYSTFAYNRVHVRDIKKRADRTDIQSHLFDAIQPSRYVVGLGYDQPEGKWGVNGMLTYSKAKEITELLGSRALLNGNSRNTKATARRTRPWYIVDVSGYYTIKKHFTLRAGVYNLLNYRYVTWENVRQTAGGAVNQHKNVGVYNRYAAPGRNYTFSLEMKF
P45996,PAN,MKKTAIALVVAGLAAASVAQAAPQENTFYAGVKAGQGSFHDGINNNGAIKKGLSSSNYGYRRNTFTYGVFGGYQILNQDNFGLAAELGYDDFGRAKLREAGKPKAKHTNHGAYLSLKGSYEVLDGLDVYGKAGVALVRSDYKFYEDANGTRDHKKGRHTARASGLFAVGAEYAVLPELAVRLEYQWLTRVGKYRPQDKPNTAINYNPWIGCINAGISYRFGQGEAPVVAAPEMVSKTFSLNSDVTFAFGKANLKPQAQATLDSVYGEISQVKSRKVAVAGYTNRIGSDAFNVKLSQERADSVANYFVAKGVAADAISATGYGEANPVTGATCDQVKGRKALIACLAPDRRVEIAVNGTK
P11439,PAN,MHLTPHWIPLVASLGLLAGGSFASAAEEAFDLWNECAKACVLDLKDGVRSSRMSVDPAIADTNGQGVLHYSMVLEGGNDALKLAIDNALSITSDGLTIRLEGGVEPNKPVRYSYTRQARGSWSLNWLVPIGHEKPSNIKVFIHELNAGNQLSHMSPIYTIEMGDELLAKLARDATFFVRAHESNEMQPTLAISHAGVSVVMAQAQPRREKRWSEWASGKVLCLLDPLDGVYNYLAQQRCNLDDTWEGKIYRVLAGNPAKHDLDIKPTVISHRLHFPEGGSLAALTAHQACHLPLETFTRHRQPRGWEQLEQCGYPVQRLVALYLAARLSWNQVDQVIRNALASPGSGGDLGEAIREQPEQARLALTLAAAESERFVRQGTGNDEAGAASADVVSLTCPVAAGECAGPADSGDALLERNYPTGAEFLGDGGDISFSTRGTQNWTVERLLQAHRQLEERGYVFVGYHGTFLEAAQSIVFGGVRARSQDLDAIWRGFYIAGDPALAYGYAQDQEPDARGRIRNGALLRVYVPRSSLPGFYRTGLTLAAPEAAGEVERLIGHPLPLRLDAITGPEEEGGRLETILGWPLAERTVVIPSAIPTDPRNVGGDLDPSSIPDKEQAISALPDYASQPGKPPREDLK
P0A568,PAN,MSQIMYNYPAMLGHAGDMAGYAGTLQSLGAEIAVEQAALQSAWQGDTGITYQAWQAQWNQAMEDLVRAYHAMSSTHEANTMAMMARDTAEAAKWGG
P87671,PAN,MGVTGILQLPRDRFKRTSFFLWVIILFQRTFSIPLGVIHNSTLQVNDVDKLVCRDKLSSTNQLRSVGLNLEGNGVATDVPSATKRWGFRSGVPPKVVNYEAGEWAENCYNLEIKKPDGSECLPAAPDGIRGFPRCRYVHKVSGTGPCAGDFAFHKEGAFFLYDRLASTVIYRGTTFAEGVVAFLILPQAKKDFFSSHPLREPVNATEDPSSGYYSTTIRYQATGFGTNETEYLFEVDNLTYVQLESRFTPQFLLQLNETIYTSGKRSNTTGKLIWKVNPEIDTTIGEWAFWETKKNLTRKIRSEELSFTVVSNGAKNISGQSPARTSSDPGTNTTTEDHKIMASENSSAMVQVHSQGREAAVSHLTTLATISTSPQSLTTKPGPDNSTHNTPVYKLDISEATQVEQHHRRTDNDSTASDTPSATTAAGPPKAENTNTSKSTDFLDPATTTSPQNHSETAGNNNTHHQDTGEESASSGKLGLITNTIAGVAGLITGGRRTRREAIVNAQPKCNPNLHYWTTQDEGAAIGLAWIPYFGPAAEGIYTEGLMHNQNGLICGLRQLANETTQALQLFLRATTELRTFSILNRKAIDFLLQRWGGTCHILGPDCCIEPHDWTKNITDKIDQIIHDFVDKTLPDQGDNDNWWTGWRQWIPAGIGVTGVIIAVIALFCICKFVF
P0A566,PAN,MAEMKTDAATLAQEAGNFERISGDLKTQIDQVESTAGSLQGQWRGAAGTAAQAAVVRFQEAANKQKQELDEISTNIRQAGVQYSRADEEQQQALSSQMGF
P09990,PAN,MIITNTIIIILIISPSFCQIDITKLQRVGVLVNNPKGMKISQNFETRYLILSLIPKIENSHSCGDQQINQYKKLLDRLIIPLYDGLKLQKDVIVVSHETNNNTNSRTKRFFGEIIGTIAIGIATSAQITAAVALVEAKQAKSDIEKLKEAIRDTNKAVQSIQSSVGNLIVAVKSVQDYVNNEIVPSITRLGCEAAGLKLGIALTQHYSELTNIFGDNIGTLKEKGIKLQGIASLYHTNITEIFTTSTVDQYDIYDLLFTESIKMRVIDVDLSDYSITLQVRLPLLTKISNTQIYKVDSISYNIQGKEWYIPLPNHIMTKGAFLGGADIKECIEAFSSYICPSDPGFTLNHEIENCLSGNITQCPKTIVTSDVVPRYAFVNGGLIANCITTTCTCNGVDNRINQSPDQGIKIITHKECQVIGINGMLFSTNREGTLATYTFDDIILNNSVALNPIDISMELNKAKLELEESKEWIKKSNQKLDSVGSWYQSSATITIIIVMIVVLFIINITIIVVIIRHHRIQGKNQNDKNSEPYVLTSRQ
P0A564,PAN,MTEQQWNFAGIEAAASAIQGNVTSIHSLLDEGKQSLTKLAAAWGGSGSEAYQGVQQKWDATATELNNALQNLARTISEAGQAMASTEGNVTGMFA
Q9RN24,PAN,MAATQETAIDKYKKVKRIKWIVRLLGGSTGVVIAAAITLLLIVSMAIFGGQSSTGTPNGGISGTATVKNLPPEVMRWQAMVEQECAAQGVPELVPYVLAIIMVESNGISEKLPDIMQSSESQGWAMNTISNPKDSIYYGVMHLKGAFDDAKMLGINDLLAIVQTYNFGRNYVHWLAANNKTHSIQTADYYSLTVVAPAGGNRNGTTIGYSQPVAVAYNGGYRYINGGNFFYAEMVKQYLSFDGAGGTSGQIPGGSETFKVMMDEVLKYNGNPYVWGGKSSSQGFDCSGLTYWAYKTAGITIPISAATQYDFTVEVDPKDAQPGDLVFFRGTYGGPNHVSHVGIYIDANTMYDSNGSGVGYHQFTSSYWQQHYAGIRRVPR
P36731,PAN,MAGIFIYGLSPSFCPDVVAVNVSHIFLQMALWRSSDNLVYLPPTPVSKVLSTDDYVTRTNIYYYAGSSRLLTVGHPYFAIPKSSNSKMDIPKVSAFQYRVFRVRLPDPNKFGLPDARIYNPDAERLVWACTGVEVGRGLPLGVGLSGHPLYNKLDDTENSNIAHGDIGKDSRDNISVDNKQTQLCIVGCTPPMGEHWGKGTPCKQNASPGDCPPLELITAPIQDGDMVDTGYGAMDFGNLQSNKSDVPLDICQTTCKYPDYLGMAAEPYGDSMFFYLRKEQLFARHFLNRAGMAGDTVPDALYIKGDSQSGGRDKIGSAVYCPTPSGSMVTSETQLFNKPYWLRRAQGHNNGICWANQLFVTVVDTTRSTNMTLCVSTETSATYDATKFKEYLRHGEEYDLQFIFQLCKVTLTPEIMAYLHTMNSTLLEDWNFGLTLPPSTSLEDTYRFLTSSAITCQKDAPPTEKQDPYAKLNFWDVDLKDRFSLDLSQFPLGRKFLMQLGVGTRSSISVRKRSATTTSRTAAAKRKRTKK
Q48427,PAN,MNKIARLSALAVVLAASVGTTAFAATSTVTGGYAQSDMQGKANKAGGFNLKYRYEQDNNPLGVIGSFTYTEKDNNSNGTYNKGQYYGITAGPAYRLNDWASIYGVVGVGYGKFQNNNYPHKSDMSDYGFSYGAGLQFNPIENVALDFSYEQSRIRNVDVGTWIAGVGYRF
O50917,PAN,MIKCNNKTFNNLLKLTILVNLLISCGLTGATKIRLERSAKDITDEIDAIKKDAALKGVNFDAFKDKKTGSGVSENPFILEAKVRATTVAEKFVIAIEEEATKLKETGSSGEFSAMYDLMFEVSKPLQKLGIQEMTKTVSDAAEENPPTTAQGVLEIAKKMREKLQRVHTKNYCTLKKKENSTFTDEKCKNN
Q9Z4J8,PAN,MSVTFFIGEERLKIKIGLASICLLGLATSHVAANETEVAKTSQDTTTASSSSEQNQSSNKTQTSAEVQTNAAAYWDGDYYVKDDGSKAQSEWIFDNYYKAWFYINSDGRYSQNEWHGNYYLKSGGYMAQNEWIYDSNYKSWFYLKSDGAYAHQEWQLIGNKWYYFKKWGYMAKSQWQGSYFLNGQGAMIQNEWLYDPAYSAYFYLKSDGTYANQEWQKVGGKWYYFKKWGYMARNEWQGNYYLTGSGAMATDEVIMDGARYIFAASGELKEKKDLNVGWVHRDGKRYFFNNREEQVGTEHAKKIIDISEHNGRINDWKKVIDENEVDGVIVRLGYSGKEDKELAHNIKELNRLGIPYGVYLYTYAENETDAENDAKQTIELIKKYNMNLSYPIYYDVENWEYVNKSKRAPSDTDTWVKIINKYMDTMKQAGYQNVYVYSYRSLLQTRLKHPDILKHVNWVAAYTNALEWENPYYSGEKGWQYTSSEYMKGIQGRVDVSVWY
P0A5B7,PAN,MATTLPVQRHPRSLFPEFSELFAAFPSFAGLRPTFDTRLMRLEDEMKEGRYEVRAELPGVDPDKDVDIMVRDGQLTIKAERTEQKDFDGRSEFAYGSFVRTVSLPVGADEDDIKATYDKGILTVSVAVSEGKPTEKHIQIRSTN
P04583,PAN,MRVREIQRNYQNWWRWGMMLLGMLMTCSIAEDLWVTVYYGVPVWKEATTTLFCASDAKSYETEVHNIWATHACVPTDPNPQEIELENVTEGFNMWKNNMVEQMHEDIISLWDQSLKPCVKLTPLCVTLNCTNVNGTAVNGTNAGSNRTNAELKMEIGEVKNCSFNITPVGSDKRQEYATFYNLDLVQIDDSDNSSYRLINCNTSVITQACPKVTFDPIPIHYCAPAGFAILKCNDKKFNGTEICKNVSTVQCTHGIKPVVSTQLLLNGSLAEEEIMIRSENLTDNTKNIIVQLNETVTINCTRPGNNTRRGIHFGPGQALYTTGIVGDIRRAYCTINETEWDKTLQQVAVKLGSLLNKTKIIFNSSSGGDPEITTHSFNCRGEFFYCNTSKLFNSTWQNNGARLSNSTESTGSITLPCRIKQIINMWQKTGKAMYAPPIAGVINCLSNITGLILTRDGGNSSDNSDNETLRPGGGDMRDNWISELYKYKVVRIEPLGVAPTKAKRRVVEREKRAIGLGAMFLGFLGAAGSTMGAASLTLTVQARQLLSGIVQQQNNLLRAIEAQQHLLQLTVWGIKQLQARVLAVERYLQDQRLLGMWGCSGKHICTTFVPWNSSWSNRSLDDIWNNMTWMQWEKEISNYTGIIYNLIEESQIQQEKNEKELLELDKWASLWNWFSISKWLWYIRIFIIVVGGLIGLRIIFAVLSLVNRVRQGYSPLSLQTLLPTPRGPPDRPEGIEEEGGEQGRGRSIRLVNGFSALIWDDLRNLCLFSYHRLRDLLLIATRIVELLGRRGWEALKYLWNLLQYWGQELKNSAISLLNTTAIAVAECTDRVIEIGQRFGRAILHIPRRIRQGFERALL
P11231,PAN,MAYRKRGAKRENLPQQNERLQEKEIEKDVDVTMENKNNNRKQQLSDKVLSQKEEIITDAQDDIKIAGEIKKSSKEESKQLLEILKTKEDHQKEIQYEILQKTIPTFESKESILKKLEDIRPEQAKKQMKLFRIFEPKQLPIYRANGEKELRNRWYWKLKKDTLPDGDYDVREYFLNLYDQILIEMPDYLLLKDMAVENKNSRDAGKVVDSETANICDAIFQDEETEGVVRRFIADMRQQVQADRNIVNYPSILHPIDHAFNEYFLNHQLVEPLNNEIIFNYIPERIRNDVNYILNMDMNLPSTARYIRPNLLQDRLNLHDNFESLWDTITTSNYILARSVVPDLKEKELVSTEAQIQKMSQDLQLEALTIQSETQFLAGINSQAANDCFKTLIAAMLSQRTMSLDFVTTNYMSLISGMWLLTVIPNDMFLRESLVACELAIINTIVYPAFGMQRMHYRNGDPQTPFQIAEQQIQNFQVANWLHFINNNRFRQVVIDGVLNQTLNDNIRNGQVINQLMEALMQLSRQQFPTMPVDYKRSIQRGILLLSNRLGQLVDLTRLVSYNYETLMACVTMNMQHVQTLTTEKLQLTSVTSLCMLIGNTTVIPSPQTLFHYYNINVNFHSNYNERINDAVAIITAANRLNLYQKKMKSIVEDFLKRLQIFDVPRVPDDQMYRLRDRLRLLPVERRRLDIFNLILMNMEQIERASDKIAQGVIIAYRDMQLERDEMYGYVNIARNLDGYQQINLEELMRTGDYGQITNMLLNNQPVALVGALPFVTDSSVISLIAKLDATVFAQIVKLRKVDTLKPILYKINSDSNDFYLVANYDWIPTSTTKVYKQVPQPFDFRASMHMLTSNLTFTVYSDLLSFVSADTVEPINAVAFDNMRIMNEL
P01500,PAN,MISMLRCIYLFLSVILITSYFVTPVMPCNCKAPETALCARRCQQHG
P11198,PAN,MASLIYRQLLTNSYSVELSDEINTIGSEKSQNVTINPGPFAQTNYAPVVLESWEVNDSTTIEPVLDGPYQPTSFKPPSDYWILLNPTNQQVVLEGTNKTDIWVALLLVEPNVTNQSRQYTLFGETKQITVENNTNKWKFFEMFRSSVSAEFQHKRTLTSDTKLAGFLKFYNSVWTFYGETPHATTDYSSTSNLSEVETAIHVEFYIIPRSQESKCNEYINTGLPPMQNTRNIVPVALSSRSVTYQRAQVNEDIIISKTSLWKEMQYNRDIIIRFKFNNSIVKLGGLGYKWPEISFKAANYQYNYLRDGEQVMAHTTCSVNGENNYSYNGGLLPTHFSVSRYEVIKENSYVYDNYWDDSQAFRNMVYVRSLAANLNSVKCSGGNYNFQMPVGAWPVMSGGAVSLHFAGVTLSTEFTDFVSLNSLRFRFSLTVEEPPFSILRTRVSGLYGLPAFNPNNGHEYYEIAGRFSFILLVPSNDDYQTPIMNSVTVRQDLERQLGDLREEFNSLSQEIAMTQLIDLALLPLDMFSMFSGIKSTIDAAKSMATMVMKKFKKSGLATSISELTRSLSNAASSVSRSSSIKSNISSISVWTDVSEQITGSSDSVRNISTQTSAISKRLRLREITTQTEGMNFIDISAAVLKTKIDKSTHISPDTLPDIITESSEKFIPKRAYRVLKDDEVMEVDVDGKFFAYKVDTFEEVPFDVDKFVDLVTDSPVISAIIDFKTLKNLNDNYGITRSQALDLIRSDPRVLRDFINQNNPIIKNRIEQLILQCRL
15675796,PAN,MRKKQKLPFDKLAIALMSTSILLNAQSDIKANTVTEDTPATEQAVETPQPTAVSEEAPSSKETKTPQTPDDAEETIADDANDLAPQAPAKTADTPATSKATIRDLNDPSQVKTLQEKAGKGAGTVVAVIDAGFDKNHEAWRLTDKTKARYQSKEDLEKAKKEHGITYGEWVNDKVAYYHDYSKDGKTAVDQEHGTHVSGILSGNAPSETKEPYRLEGAMPEAQLLLMRVEIVNGLADYARNYAQAIIDAVNLGAKVINMSFGNAALAYANLPDETKKAFDYAKSKGVSIVTSAGNDSSFGGKTRLPLADHPDYGVVGTPAAADSTLTVASYSPDKQLTETATVKTADQQDKEMPVLSTNRFEPNKAYDYAYANRGMKEDDFKDVKGKIALIERGDIDFKDKIANAKKAGAVGVLIYDNQDKGFPIELPNVDQMPAAFISRKDGLLLKENPQKTITFNATPKVLPTASGTKLSRFSSWGLTADGNIKPDIAAPGQDILSSVANNKYAKLSGTSMSAPLVAGIMGLLQKQYETQYPDMTPSERLDLAKKVLMSSATALYDEDEKAYFSPRQQGAGAVDAKKASAATMYVTDKDNTSSKVHLNNVSDKFEVTVTVHNKSDKPQELYYQATVQTDKVDGKLFALAPKALYETSWQKITIPANSSKQVTIPIDVSQFSKDLLAPMKNGYFLEGFVRFKQDPTKEELMSIPYIGFRGDFGNLSALEKPIYDSKDGSSYYHEANSDAKDQLDGDGLQFYALKNNFTALTTESNPWTIIKAVKEGVENIEDIESSEITETIFAGTFAKQDDDSHYYIHRHANGKPYAAISPNGDGNRDYVQFQGTFLRNAKNLVAEVLDKEGNVVWTSEVTEQVVKNYNNDLASTLGSTRFEKTRWDGKDKDGKVVANGTYTYRVRYTPISSGAKEQHTDFDVIVDNTTPEVATSATFSTEDRRLTLASKPKTSQPVYRERIAYTYMDEDLPTTEYISPNEDGTFTLPEEAETMEGATVPLKMSDFTYVVEDMAGNITYTPVTKLLEGHSNKPEQDGSDQAPDKKPETKPEQDGSGQAPDKKPETKPEQDGSGQTPDKKPETKPEQDGSGQTPDKKPETKPEKDSSGQTPGKTPQKGQPSRTLEKRSSKRALATKASTKDQLPTTNDKDTNRLHLLKLVMTTFFLGLVAHIFKTKRTED
P17664,PAN,MGTKWSKSSLVGWPEVRRRIREAPTAAEGVGEVSKDLERHGAITSRNTPETNQTLAWLEEMDNEEVGFPVRPQVPTRPMTYKAAFDLSHFLKEKGGLEGLVYSRRRQEILDLWVYHTQGFFPDWQNYTTGPGTRFPLCFGWCFKLVPLTEEQVEQANEGDNNCLLHPICQHGMEDEDKEVLVWRFDSRLALRHIAREQHPEYYKD
P03300b,PAN,GLGQMLESMIDNTVRETVGAATSRDALPNTEASGPTHSKEIPALTAVETGATNPLVPSDTVQTRHVVQHRSRSESSIESFFARGACVTIMTVDNPASTTNKDKLFAVWKITYKDTVQLRRKLEFFTYSRFDMELTFVVTANFTETNNGHALNQVYQIMYVPPGAPVPEKWDDYTWQTSSNPSIFYTYGTAPARISVPYVGISNAYSHFYDGFSKVPLKDQSAALGDSLYGAASLNDFGILAVRVVNDHNPTKVTSKIRVYLKPKHIRVWCPRPPRAVAYYGPGVDYKDGTLTPLSTKDLTTY
P03300a,PAN,SPNIEACGYSDRVLQLTLGNSTITTQEAANSVVAYGRWPEYLRDSEANPVDQPTEPDVAACRFYTLDTVSWTKESRGWWWKLPDALRDMGLFGQNMYYHYLGRSGYTVHVQCNASKFHQGALGVFAVPEMCLAGDSNTTTMHTSYQNANPGEKGGTFTGTFTPDNNQTSPARRFCPVDYLLGNGTLLGNAFVFPHQIINLRTNNCATLVLPYVNSLSIDSMVKHNNWGIAILPLAPLNFASESSPEIPITLTIAPMCCEFNGLRNITLPRLQ
P24906,PAN,MQGPTLAVLGALLAVAVSLPTPAPRVTVYVDPPAYPMPRYNYTERWHTTGPIPSPFADGREQPVEVRYATSAAACDMLALIADPQVGRTLWEAVRRHARAYNATVIWYKIESGCARPLYYMEYTECEPRKHFGYCRYRTPPFWDSFLAGFAYPTDDELGLIMAAPARLVEGQYRRALYIDGTVAYTDFMVSLPAGDCWFSKLGAARGYTFGACFPARDYEQKKVLRLTYLTQYYPQEAHKAIVDYWFMRHGGVVPPYFEESKGYEPPPAADGGSPAPPGDDEAREDEGETEDGAAGREGNGGPPGPEGDGESQTPEANGGAEGEPKPGPSPDADRPEGWPSLEAITHPPPAPATPAAPDAVPVSVGIGIAAAAIACVAAAAAGAYFVYTRRRGAGPLPRKPKKLPAFGNVNYSALPG
Q6SW76,PAN,MESRIWCLVVCVNLCIVCLGAAVSSSSTRGTSATHSHHSSHTTSAAHSRSGSVSQRVTSSQTVSHGVNETIYNTTLKYGDVVGVNTTKYPYRVCSMAQGTDLIRFERNIVCTSMKPINEDLDEGIMVVYKRNIVAHTFKVRVYQKVLTFRRSYAYIHTTYLLGSNTEYVAPPMWEIHHINSHSQCYSSYSRVIAGTVFVAYHRDSYENKTMQLMPDDYSNTHSTRYVTVKDQWHSRGSTWLYRETCNLNCMVTITTARSKYPYHFFATSTGDVVDISPFYNGTNRNASYFGENADKFFIFPNYTIVSDFGRPNSALETHRLVAFLERADSVISWDIQDEKNVTCQLTFWEASERTIRSEAEDSYHFSSAKMTATFLSKKQEVNMSDSALDCVRDEAINKLQQIFNTSYNQTYEKYGNVSVFETTGGLVVFWQGIKQKSLVELERLANRSSLNLTHNRTKRSTDGNNATHLSNMESVHNLVYAQLQFTYDTLRGYINRALAQIAEAWCVDQRRTLEVFKELSKINPSAILSAIYNKPIAARFMGDVLGLASCVTINQTSVKVLRDMNVKESPGRCYSRPVVIFNFANSSYVQYGQLGEDNEILLGNHRTEECQLPSLKIFIAGNSAYEYVDYLFKRMIDLSSISTVDSMIALDIDPLENTDFRVLELYSQKELRSSNVFDLEEIMREFNSYKQRVKYVEDKVVDPLPPYLKGLDDLMSGLGAAGKAVGVAIGAVGGAVASVVEGVATFLKNPFGAFTIILVAIAVVIITYLIYTRQRRLCTQPLQNLFPYLVSADGTTVTSGSTKDTSLQAPPSYEESVYNSGRKGPGPPSSDASTAAPPYTNEQAYQMLLALARLDAEQRAQQNGTDSLDGRTGTQDKGQKPNLLDRLRHRKNGYRHLKDSDEEENV
Q400Z7,PAN,CGIGKAGNPDVMDGVTPNMIVGSSTDVIACEGKIVTAGGIDTHVHFICPQQVEEALASGVTTLLGGGTGPTEGTNATTCTPAPNQFKTMMQACDHLPINVGLTGKGNDSGLPSLRDQCRAGAAGLKVHEDWGATPAVIDTCLQVCDEFDIQCLIHTDTLNESGF
P02687,PAN,AAQKRPSQRSKYLASASTMDHARHGFLPRHRDTGILDSLGRFFGSDRGAPKRGSGKDGHHAARTTHYGSLPQKAQGHRPQDENPVVHFFKNIVTPRTPPPSQGKGRGLSLSRFSWGAEGQKPGFGYGGRASDYKSAHKGLKGHDAQGTLSKIFKLGGRDSRSGSPMARR
Q91UA3,PAN,FSVRLLRDTTHISQSALPQGIEDLISEVAQGALTLSLPKQQDSLPDTKASGPAHSKEVPALTAVETGATNPLVPSDTVQTRHVVQRRSRSESTIESFFARGACVAIIEVDNEQPTTRAQKLFATWRITYKDTVQLRRKLEFFTY
Q9Z374,PAN,MLNLKKTAVAVLALGSSAVFAGTMGPVCTPGNVTVPCERTAWDIGITALYLQPIYDADWGYNGFTQVGGWRHWHDVDHEWDWGFKLEGSYHFNTGNDINVNWYHFDNDSDHWADFANWHNYNNKWDAVNAELGQFVDFSANKKMRFHGGVQYARIEADVNRYFNNFAFNGFNSKFNGFGPRTGLDMNYVFGNGFGVYAKGAAAILVGTSDFYDGINFITGSKNAIVPELEAKLGADYTYAMAQGDLTLDVGYMWFNYFNAMHNTGVFNGFETDFAASGPYIGLKYVGNV
P19550,PAN,KLWVTVYYGVPVWKEATTTLFCASDAKAYDTEVHNVWATHACVPTDPNPQEIVLENVTENFNMWKNNMVEQMHEDIISLWDQSLKPCVKLTPLCVTLHCTNLKNATNTKSSNWKEMDRGEIKNCSFKVTTSIRNKMQKEYALFYKLDVVPIDNDNTSYKLINCNTSVITQACPKVSFEPIPIHYCAPAGFAILKCNDKKFNGSGPCTNVSTVQCTHGIRPVVSTQLLLNGSLAEEGVVIRSENFTDNAKTIIVQLKESVEINCTRPNNNTRKSITIGPGRAFYATGDIIGDIRQAHCNISGEKWNNTLKQIVTKLQAQFGNKTIVFKQSSGGDPEIVMHSFNCGGEFFYCNSTQLFNSTWNNTIGPNNTNGTITLPCRIKQIINRWQEVGKAMYAPPIRGQIRCSSNITGLLLTRDGGKEISNTTEIFRPGGGDMRDNWRSELYKYKVVKIEPLGVAPTKAKRRVVQREKR
O92944,PAN,MCSGKFSIDKEMAETQHGTTVVKVKYEGAGAPCKVPIEIRDVNKEKVVGRIISSTPLAENTNSVTNIELEPPFGDSYIVIGVGNSALTLHWFRK
Q9ZHG7,PAN,MKKTYGYIGSVAAILLATHIGSYQLGKHHMGLATKDNQIAYIDDSKGKVKAPKTNKTMDQISAEEGISAEQIVVKITDQGYVTSHGDHYHFYNGKVPYDAIISEELLMTDPNYHFKQSDVINEILDGYVIKVNGNYYVYLKPGSKRKNIRTKQQIAEQVAKGTKEAKEKGLAQVAHLSKEEVAAVNEAKRQGRYTTDDGYIFSPTDIIDDLGDAYLVPHGNHYHYIPKKDLSPSELAAAQAYWSQKQGRGARPSDYRPTPAPGRRKAPIPDVTPNPGQGHQPDNGGYHPAPPRPNDASQNKHQRDEFKGKTFKELLDQLHRLDLKYRHVEEDGLIFEPTQVIKSNAFGYVVPHGDHYHIIPRSQLSPLEMELADRYLAGQTDDNDSGSDHSKPSDKEVTHTFLGHRIKAYGKGLDGKPYDTSDAYVFSKESIHSVDKSGVTAKHGDHFHYIGFGELEQYELDEVANWVKAKGQADELVAALDQEQGKEKPLFDTKKVSRKVTKDGKVGYIMPKDGKDYFYARYQLDLTQIAFAEQELMLKDKKHYRYDIVDTGIEPRLAVDVSSLPMHAGNATYDTGSSFVIPHIDHIHVVPYSWLTRNQIATIKYVMQHPEVRPDVWSKPGHEESGSVIPNVTPLDKRAGMPNWQIIHSAEEVQKALAEGRFAAPDGYIFDPRDVLAKETFVWKDGSFSIPRADGSSLRTINKSDLSQAEWQQAQELLAKKNAGDATDTDKPEEKQQADKSNENQQPSEASKEEKESDDFIDSLPDYGLDRATLEDHINQLAQKANIDPKYLIFQPEGVQFYNKNGELVTYDIKTLQQINP
P35260,PAN,MASSSNYNTYMQYLNPPPYADHGANQLIPADQLSNQQGITPNYVGDLNLDDQFKGNVCHAFTLEAIIDISAYNERTVKGVPAWLPLGIMSNFEYPLAHTVAALLTGSYTITQFTHNGQKFVRVNRLGTGIPAHPLRMLREGNQAFIQNMVIPRNFSTNQFTYNLTNLVLSVQKLPDDAWRPSKDKLIGNTMHPAVSIHPNLPPIVLPTVKKQAYRQHKNPNNGPLLAISGILHQLRVEKVPEKTSLFRISLPADMFSVKEGMMKKRGENSPVVYFQAPENFPLNGFNNRQVVLAYANPTLSAV
O89126,PAN,ATYTSGGTVGRTTRGLTSFFTPGPSQK
O10683,PAN,MSNHTHHPKFKTLKRAWKASKYFIVGLSCLYKFNLKSLVQTALTTLAMITLTSLVITAIIYISVGNAKAKPTSKPTTQQTQQLQNHTPPPLTEHNYKSTHTSIQSTTLSQPPNIDTTSGTTYGHPTNRTQNRKIKSQSTPLATRKPPINPLGSNPPENHQDHNNSQTLPHVPCSTCEGNPACSPLCQIELERAPSSAPTITLKKAPKPKTTKKPTKTTIYHRTSPEAKLQTKKIMATPQQGILSSPEHQTNQSTTQISQHTSI
Q9L5B9,PAN,MKKIMLVFITLILISLPIAQQTEAKDASAFHKEDLISSMAPPTSPPASPKTPIEKKHADEIDKYIQGLDYNKNNVLVYHGDAVTNVPPRKGYKDGNEYIVVEKKKKSINQNNADIQVVNAISSLTYPGALVKANSELVENQPDVLPVKRDSLTLSIDLPGMTNQDNKIVVKNATKSNVNNAVNTLVERWNEKYAQAYPNVSAKIDYDDEMAYSESQLIAKFGTAFKAVNNSLNVNFGAISEGKMQEEVISFKQIYYNVNVNEPTRPSRFFGKAVTKEQLQALGVNAENPPAYISSVAYGRQVYLKLSTNSHSTKVKAAFDAAVSGKSVSGDVELTNIIKNSSFKAVIYGGSAKDEVQIIDGNLGDLRDILKKGATFNRETPGVPIAYTTNFLKDNELAVIKNNSEYIETTSKAYTDGKINIDHSGGYVAQFNISWDEINYDPEGNEIVQHKNWSENNKSKLAHFTSSIYLPGNARNINVYAKECTGLAWEWWRTVIDDRNLPLVKNRNISIWGTTLYPKYSNSVDNPIE
Q04245,PAN,MSTFKLMMDGRLVFAMAIAILSVVLSCGTCEKAKRAVRGRQDRPKEFPPPRYNYTILTRYNATALASPFINDQVKNVDLRIVTATRPCEMIALIAKTNIDSILKELAAAQKTYSARLTWFKIMPTCATPIHDVSYMKCNPKLSFAMCDERSDILWQASLITMAAETDDELGLVLAAPAHSASGLYRRVIEIDGRRIYTDFSVTIPSERCPIAFEQNFGNPDRCKTPEQYSRGEVFTRRFLGEFNFPQGEHMTWLKFWFVYDGGNLPVQFYEAQAFARPVPPDNHPGFDSVESEITQNKTDPKPGQADPKPNQPFKWPSIKHLAPRLDEVDEVIEPVTKPPKTSKSNSTFVGISVGLGIAGLVLVGVILYVCLRRKKELKKSAQNGLTRLRSTFKDVKYTQLP
P02714,PAN,MVLTLLLIICLALEVRSENEEGRLIEKLLGDYDKRIIPAKTLDHIIDVTLKLTLTNLISLNEKEEALTTNVWIEIQWNDYRLSWNTSEYEGIDLVRIPSELLWLPDVVLENNVDGQFEVAYYANVLVYNDGSMYWLPPAIYRSTCPIAVTYFPFDWQNCSLVFRSQTYNAHEVNLQLSAEEGEAVEWIHIDPEDFTENGEWTIRHRPAKKNYNWQLTKDDTDFQEIIFFLIIQRKPLFYIINIIAPCVLISSLVVLVYFLPAQAGGQKCTLSISVLLAQTIFLFLIAQKVPETSLNVPLIGKYLIFVMFVSMLIVMNCVIVLNVSLRTPNTHSLSEKIKHLFLGFLPKYLGMQLEPSEETPEKPQPRRRSSFGIMIKAEEYILKKPRSELMFEEQKDRHGLKRVNKMTSDIDIGTTVDLYKDLANFAPEIKSCVEACNFIAKSTKEQNDSGSENENWVLIGKVIDKACFWIALLLFSIGTLAIFLTGHFNQVPEFPFPGDPRKYVP
Q8VQ82,PAN,MKKLGTLLVLFLSAIILVACASGKKDTTSGQKLKVVATNSIIADITKNIAGDKIDLHSIVPIGQDPHEYEPLPEDVKKTSEADLIFYNGINLETGGNAWFTKLVENAKKTENKDYFAVSDGVDVIYLEGQNEKGKEDPHAWLNLENGIIFAKNIAKQLSAKDPNNKEFYEKNLKEYTDKLDKLDKESKDKFNKIPAEKKLIVTSEGAFKYFSKAYGVPSAYIWEINTEEEGTPEQIKTLVEKLRQTKVPSLFVESSVDDRPMKTVSQDTNIPIYAQIFTDSIAEQGKEGDSYYSMMKYNLDKIAGGLAK
P21347,PAN,MHPNYYLSPLAVAIALGIASPVKAADPIPLQKSSFSEVTQKFQLTLPGVMKGAVVSTNSLQFIRQHTDGNKVTHVRMQQQYAGFPVFGGYAILHSKNATPSLATAKSDEKMNGVIYDGLQAELGQPKPSFVKNASMALQQFKDKYANKQVSEDQVTPMIYIDEKHQAHWAYKVSVLVIHDDRIPERPTAIIDAETNKPFVQWDDVKTEKVQAKGMGFGGNRKIGEYQFGKDLPLLEITRDSSVEMCFMENTDVKVVDMGHKYYSNNKPMQFTCKETPDTQSTKTYYTGYSADGYDRDNGAASPTNDALYAGYVIKHMYHDWYGVEALTKSDGSPMQLVMRVHYGQGYENAYWDGKQMTFGDGDTMMYPLVSLGVGGHEVSHGFTEQHSGLEYFGQSGGMNESFSDMAAQAAEYYSVGKNSWQIGPEIMKEDSGYDALRYMDKPSRDGMSIDVADDYYGGLDVHYSSGVYNHLFYILANQPNWNLRMAFDVMVKANMDYWTPYSTFDEGGCGMLSAAKDLGYNLDDIKKSLSEVTINYQSCYVD
P02710,PAN,MILCSYWHVGLVLLLFSCCGLVLGSEHETRLVANLLENYNKVIRPVEHHTHFVDITVGLQLIQLISVDEVNQIVETNVRLRQQWIDVRLRWNPADYGGIKKIRLPSDDVWLPDLVLYNNADGDFAIVHMTKLLLDYTGKIMWTPPAIFKSYCEIIVTHFPFDQQNCTMKLGIWTYDGTKVSISPESDRPDLSTFMESGEWVMKDYRGWKHWVYYTCCPDTPYLDITYHFIMQRIPLYFVVNVIIPCLLFSFLTGLVFYLPTDSGEKMTLSISVLLSLTVFLLVIVELIPSTSSAVPLIGKYMLFTMIFVISSIIITVVVINTHHRSPSTHTMPQWVRKIFIDTIPNVMFFSTMKRASKEKQENKIFADDIDISDISGKQVTGEVIFQTPLIKNPDVKSAIEGVKYIAEHMKSDEESSNAAEEWKYVAMVIDHILLCVFMLICIIGTVSVFAGRLIELSQEG
15675229,PAN,MIIKKRTVAILAIASSFFLVACQATKSLKSGDAWGVYQKQKSITVGFDNTFVPMGYKDESGRCKGFDIDLAKEVFHQYGLKVNFQAINWDMKEAELNNGKIDVIWNGYSITKERQDKVAFTDSYMRNEQIIVVKKRSDIKTISDMKHKVLGAQSASSGYDSLLRTPKLLKDFIKNKDANQYETFTQAFIDLKSDRIDGILIDKVYANYYLAKEGQLENYRMIPTTFENEAFSVGLRKEDKTLQAKINRAFRVLYQNGKFQAISEKWFGDDVATANIKS
P35258,PAN,MQQPRGRSRTRNHQVTPTIYHETQLPSKPHYTNYHPRARSMSSTRSSAESSPTNHIPRARPPSTFNLSKPPPPPKDMCRNMKIGLPCADPTCNRDHDLDNLTNRELLLLMARKMLPNTDKTFRSPQDCGSPSLSKGLSKDKQEQTKDVLTLENLGHILSYLHRSEIGKLDETSLRAALSLTCAGIRKTNRSLINTMTELHMNHENLPQDQNGVIKQTYTGIHLDKGGQFEAALWQGWDKRSISLFVQAALYVMNNIPCESSISVQASYDHFILPQSQGKGQ
P35256,PAN,MAELSTRYNLPANVTENSINLDLNSTARWIKEPSVGGWTVKWGNFVFHIPNTGMTLLHHLKSNFVVPEWQQTRNLFSHLFKNPKSTIIEPFLALRILLGVALKDQELQQSLIPGFRSIVHMLSEWLLLEVTSAIHISPNLLGIYLTSDMFKILMAGVKNFFNKMFTLHVVNDHGKPSSIEIKLTGQQIIITRVNMGFLVEVRRIDIEPCCGETVLSESVVFGLVAEAVLREHSQMEKGQPLNLTQYMNSKIAI
Q9RF12,PAN,MKRKIYKLLICATIATSLWAVRTTKVYAWDGKADGTGTHAMIATQGVTILENDLSSNEPEVIRNNLEILKQNMHDLQLGSTYPDYDKNAYDLYQDHFWDPDTDNNFTKDSKWYLSYSIPDTAESQIRKFSALARYEWKRGNYKQATFYLGEAMHYFGDADTPYHAANVTAVDSPGHVKFETFAEDRKDQYKINTTGSKTNDAFYSNILTNEDFNSWSKEFARSFAKTAKDLYYSHANMSCSWDEWDYAAKVALANSQKGTSGYIYRFLHDVSDGKDSSANKNVNELVAYITTGGEKYAGTDDYMYFGIKTKDGQTQEWTMDNPGNDFMTGSQDTYTFKLKDKNLKIDDIQNMWIRKSKYTEFGDDYKPANIKVIANGNVVLNKDINEWISGNSTYNIK
50913503,PAN,MVSSYMFVRGEKMNNKIFLNKEASFLAHTKRKRRFAVTLVGVFFMLLACAGAIGFGQVAYAADEKTVPSHSSPNPEFPWYGYDAYGKEYPGYNIWTRYHDLRVNLNGSRSYQVYCFNIQSNYPSQKNSFIKNWFKKIEGNGKSFVDYAHTTKLGKEELEQRLLSLLYNAYPNDANGYMKGLEHLNAITVTQYAVWHYSDNSQYQFETLWESEAKEGKISRSQVTLMREALKKLIDPNLEATAVNKIPSGYRLNIFESENEAYQNLLSAEYVPDDPPKPGETSEHNPKTPELDGTPIPEDPKHPDDNLEPTLPPVMLDGEEVPEVPSESLEPALPPLMPELDGQEVPEKPSIDLPIEVPRYEFNNKDQSPLAGESGETEYITEVYGNQQNPVDIDKKLPNETGFSGNMVETEDTKEPEVLMGGQSESVEFTKDTQTGMSGQTTPQVETEDTKEPEVLMGGQSESVEFTKDTQTGMSGQTTPQIETEDTKEPEVLMGGQSESVEFTKDTQTGMSGQTTPQIETEDTKEPEVLMGGQSESVEFTKDTQTGMSGFSETATVVEDTRPKLVFHFDNNEPKVEENREKPTKNITPILPATGDIENVLAFLGILILSVLSIFSLLKNKQSNKKV
28896112,PAN,MSFDGFFLHHLTNELKENLLYGRIQKVNQPFERELVLTIRNHRKNYKLLLSAHPVFGRVQITQADFQNPQVPNTFTMIMRKYLQGAVIEQLEQIDNDRIIEIKVSNKNEIGDAIQATLIIEIMGKHSNIILVDRAENKIIESIKHVGFSQNSYRTILPGSTYIEPPKTAAVNPFTITDVPLFEILQTQELTVKSLQQHFQGLGRDTAKELSELLTTDKLKRFREFFARPTQANLTTASFAPVLFSDSHATFETLSEMLDHFYQDKAERDRINQQASGLIHRVQTELDKNRNKLSKQEAELLATENAELFRQKGELLTTYLSLVPNNQDSVILDNYYTGEKIEIALDKALTPNQNAQRYFKKYQKLKEAVKHLSGLIADTKQSITYFESVDYNLSQASIDDIEDIREELYQAGFLKSRQRDKRHKRKKPEQYLASDGKTILMVGRNNLQNEELTFKMAKKGELWFHAKDIPGSHVIIKDNLDPSDEVKTDAAELAAYYSKARLSNLVQVDMIEAKKLHKPSGAKPGFVTYTGQKTLRVTPDQAKILSMKLS
P26948,PAN,MKKISSVIAIALFGTIATANAADLTASTTATATLVEPARITLTYKEGAPITIMDNGNIDTELLVGTLTLGGYKTGTTSTSVNFTDAAGDPMYLTFTSQDGNNHQFTTKVIGKDSRDFDISPKVNGENLVGDDVVLATGSQDFFVRSIGSKGGKLAAGKYTDAVTVTVSNQ
P03141,PAN,MGGWSSKPRKGMGTNLSVPNPLGFFPDHQLDPAFGANSNNPDWDFNPVKDDWPAANQVGVGAFGPRLTPPHGGILGWSPQAQGILTTVSTIPPPASTNRQSGRQPTPISPPLRDSHPQAMQWNSTAFHQTLQDPRVRGLYLPAGGSSSGTVNPAPNIASHISSISARTGDPVTNMENITSGFLGPLLVLQAGFFLLTRILTIPQSLDSWWTSLNFLGGSPVCLGQNSQSPTSNHSPTSCPPICPGYRWMCLRRFIIFLFILLLCLIFLLVLLDYQGMLPVCPLIPGSTTTSTGPCKTCTTPAQGNSMFPSCCCTKPTDGNCTCIPIPSSWAFAKYLWEWASVRFSWLSLLVPFVQWFVGLSPTVWLSAIWMMWYWGPSLYSIVSPFIPLLPIFFCLWVYI
Q9RM68,PAN,YDNVDTLIEKGRYNTKYNYLKRMEKYYPNAMAYFDKVTINPQGNDFYINNPKVELDGEPSMNYLEDVYVGKALLTNDTQQEQKLKSQSFTCKNTDTVTATTTHTVGTSIQATAKFTVPFNETGVSLTTSYSFANTNTNTNSKEITHNVPSQDILVPANTTVEVIAYLKKVNVKGNVKLVGQVSGSEWGEIPSYLAFPRDGYKFSLSDTVNKSDLNEDGTININGKGNYSAVMGDELIVKVRNLNTNNVQEYVIPVDKKEKSNDSNIVKYWSLSIKAPGIK
Q9S6N1,PAN,MNMSLSRIVKAAPLRRTTLAMALGALGAAPAAHADWNNQSIVKTGERQHGIHIQGSDPGGVRTASGTTIKVSGRQAQGILLENPAAELQFRNGSVTSSGQLSDDGIRRFLGTVTVKAGKLVADHATLANVGDTWDDDGIALYVAGEQAQASIADSTLQGAGGVQIERGANVTVQRSAIVDGGLHIGALQSLQPEDLPPSRVVLRDTNVTAVPASGAPAAVSVLGASELTLDGGHITGGRAAGVAAMQGAVVHLQRATIRRGDAPAGGAVPGGAVPGGAVPGGFGPGGFGPVLDGWYGVDVSGSSVELAQSIVEAPELGAAIRVGRGARVTVSGGSLSAPHGNVIETGGARRFAPQAAPLSITLQAGAHAQGKALLYRVLPEPVKLTLTGGADAQGDIVATELPSIPGTSIGPLDVALASQARWTGATRAVDSLSIDNATWVMTDNSNVGALRLASDGSVDFQQPAEAGRFKVLTVNTLAGSGLFRMNVFADLGLSDKLVVMQDASGQHRLWVRNSGSEPASANTLLLVQTPRGSAATFTLANKDGKVDIGTYRYRLAANGNGQWSLVGAKAPPAPKPAPQPGPQPPQPPQPQPEAPAPQPPAGRELSAAANAAVNTGGVGLASTLWYAESNALSKRLGELRLNPDAGGAWGRGFAQRQQLDNRAGRRFDQKVAGFELGADHAVAVAGGRWHLGGLAGYTRGDRGFTGDGGGHTDSVHVGGYATYIADSGFYLDATLRASRLENDFKVAGSDGYAVKGKYRTHGVGASLEAGRRFTHADGWFLEPQAELAVFRAGGGAYRAANGLRVRDEGGSSVLGRLGLEVGKRIELAGGRQVQPYIKASVLQEFDGAGTVHTNGIAHRTELRGTRAELGLGMAAALGRGHSLYASYEYSKGPKLAMPWTFHAGYRYSW
P36318,PAN,MGGAAARLGAVILFVVIVGLHGVRGKYALADASLKMADPNRFRGKDLPVPDRLTDPPGVRRVYHIQAGLPDPFQPPSLPITVYYAVLERACRSVLLNAPSEAPQIVRGGSEDVRKQPYNLTIAWFRMGGNCAIPITVMEYTECSYNKSLGACPIRTQPRWNYYDSFSAVSEDNLGFLMHAPAFETAGTYLRLVKINDWTEITQFILEHRAKGSCKYALPLRIPPSACLSPQAYQQGVTVDSIGMLPRFIPENQRIVAVYSLKIAGWHGPKAPYTSTLLPPELSETPNATQPELAPEDPEDSALLEDPVGTVAPQIPPNWHIPSIQDAATPYHPPATPNNMGLIAGAVGGSLLAALVICGIVYWMRRRTQKGPKRIRLPHIREDDQPSSHQPLFY
Q9ZKX5,PAN,MVNKDVKQTTAFGAPVWDDNNVITAGPRGPVLLQSTWFLEKLAAFDRERIPERVVHAKGSGAYGTFTVTKDITKYTKAKIFSKVGKKTECFFRFSTVAGEKGSADAVRDPRGFAMKYYTEEGNWDLVGNNTPVFFIRDAIKFPDFIHTQKRDPQTNLPNPDMVWDFWSNVPESLYQVTWVMSDRGIPKSFRHMDGFGSHTFSLINAKGERFWVKFHFETMQGVKHLTNEEAAEVRKYDPDSNQRDLFDAIAGGDFPKWKMSIQVMPEEDAKKYRFHPFDVTKIWYLQDYPLMEVGIVELNKNPENYFAEVEQAAFTPANVVPGIGYSPDRMLQGRLFSYGDTHRYRLGVNYPQIPVNRPRCPFHSSSRDGYMQNGYYGSLQNYTPSSLPGYKEDKSARDPKFNLAHIEKEFEVWNWDYRAEDSDYYTQPGDYYRSLPADEKERLYDTIGGSLAHVTHKEIVDKQLEHFKKADPKYAEGVKKALEKHQKMMKDMHAKDMHHMKKKK
15675811,PAN,MNKKKLGVRLLSLLALGGFVLANPVFADQNFARNEKEAKDSAITFIQKSAAIKAGARSAEDIKLDKVNLGGELSGSNMYVYNISTGGFVIVSGDKRSPEILGYSTSGSFDANGKENIASFMESYVEQIKENKKLDTTYAGTAEIKQPVVKSLLDSKGIHYNQGNPYNLLTPVIEKVKPGEQSFVGQHAATGCVATATAQIMKYHNYPNKGLKDYTYTLSSNNPYFNHPKNLFAAISTRQYNWNNILPTYSGRESNVQKMAISELMADVGISVDMDYGPSSGSAGSSRVQRALKENFGYNQSVHQINRGDFSKQDWEAQIDKELSQNQPVYYQGVGKVGGHAFVIDGADGRNFYHVNWGWGGVSDGFFRLDALNPSALGTGGGAGGFNGYQSAVVGIKP
P11210,PAN,MEPAAPSCNMIMIADQASVNAHGRHLDENRVYPSDKVPAHVANKILESGTETVRCDLTLEDMLGDYEYDDPTEEEKILMDRIADHVGNDNSDMAIKHAAVRSVLLSCKIAHLMIKQNYQSAINSATNILCQLANDIFERIERQRKMIYGCFRSEFDNVQLGRLMYDMYPHFMPTNLGPSEKRVWMSYVGEAIVAATNIDHALDERAAWAKTDCSLPGEFKPELCVLVGAIRRLHDPPCYTKPFLDAKSQLAVWQQMKAIESESVSTHVVVVEALKLRENLAKAVQETIAYERHQYHRVCQMMCNNMKDHLETTCMLARGRTLATLADLRSTRYNLALFLLSEMHIFDSFTMPRIRGAMKQARCMSYVERTISLAKFRELADRVHNRSAPSPQGVIEEQQQAGEEEQQQQQEIEYDPEMPPLEREEEQEDEQVEEEPPADEEEGGAVGGVTQEEPAGEATEEAEEDESQPGPSDNQVVPESSETPTPAEDEETQSADEGESQELEGSQQLILSRPAAPLTDSETDSDSEDDDEVTRIPVGFSLMTSPVLQPTTRSATAAASSGTAPRPALKRQYAMVHTRSKSSENQQQPKKKSKK
P05825,PAN,MNKKIHSLALLVNLGIYGVAQAQEPTDTPVSHDDTIVVTAAEQNLQAPGVSTITADEIRKNPVARDVSKIIRTMPGVNLTGNSTSGQRGNNRQIDIRGMGPENTLILIDGKPVSSRNSVRQGWRGERDTRGDTSWVPPEMIERIEVLRGPAAARYGNGAAGGVVNIITKKGSGEWHGSWDAYFNAPEHKEEGATKRTNFSLTGPLGDEFSFRLYGNLDKTQADAWDINQGHQSARAGTYATTLPAGREGVINKDINGVVRWDFAPLQSLELEAGYSRQGNLYAGDTQNTNSDSYTRSKYGDETNRLYRQNYALTWNGGWDNGVTTSNWVQYEHTRNSRIPEGLAGGTEGKFNEKATQDFVDIDLDDVMLHSEVNLPIDFLVNQTLTLGTEWNQQRMKDLSSNTQALTGTNTGGAIDGVSTTDRSPYSKAEIFSLFAENNMELTDSTIVTPGLRFDHHSIVGNNWSPALNISQGLGDDFTLKMGIARAYKAPSLYQTNPNYILYSKGQGCYASAGGCYLQGNDDLKAETSINKEIGLEFKRDGWLAGVTWFRNDYRNKIEAGYVAVGQNAVGTDLYQWDNVPKAVVEGLEGSLNVPVSETVMWTNNITYMLKSENKTTGDRLSIIPEYTLNSTLSWQAREDLSMQTTFTWYGKQQPKKYNYKGQPAVGPETKEISPYSIVGLSATWDVTKNVSLTGGVDNLFDKRLWRAGNAQTTGDLAGANYIAGAGAYTYNEPGRTWYMSVNTHF
O30405,PAN,MRGTYCVTLWGGVFAALVAGCASERMIVAYRGAAGYVPEHTFASKVLAFAQGADYLQQDVVLSKDNQLIVAQSHILDNMTDVAEKFPRRQRADGHFYVIDFTVEELSLLRATNSFYTRGKRHTPVYGQRFPLWKPGFRLHTFEEELQFIRGLEQTTGKKIGIYSEIKVPWFHHQEGKDIAALTLALLKKYGYQSRSDLVYVQTYDFNELKRIKRELLPKYEMNVKLIQRVAYTDQRETQEKDSRGKWINYNYNWMFEPGGMQKIAKYADGVGPDWRMLIENEWSKVGAVRLSPMVSAIQDAKLECHVHTVRKETLPSYARTMDEMFSILFKQTGANVVLTDFPDLGVKFLGKPARY
P96943,PAN,MKKALATLIALALPAAALAEGASGFYVQADAAHAKASSSLGSAKGFSPRISAGYRINDLRFAVDYTRYKNYKAPSTDFKLYSIGASAIYDFDTQSPVKPYLGARLSLNRASVDLGGSDSFSQTSIGLGVLTGVSYAVTPNVDLDAGYRYNYIGKVNTVKNVRSGELSVGVRVKF
P32886,PAN,FNCLGMGNRDFIEGASGATWVDLVLEGDSCLTIMANDKPTLDVRMINIEASQLAEVRSYCYHASVTDISTVARCPTTGEAHNEKRADSSYVCKQGFTDRGWGNGCGLFGKGSIDTCAKFSCTSKAIGRTIQPENIKYEVGIFVHGTTTSENHGNYSAQVGASQAAKFTITPNAPSITLKLGDYGEVTLDCEPRSGLNTEAFYVMTVGSKSFLVHREWFHDLALPWTSPSSTAWRNRELLMEFEEAHATKQSVVALGSQEGGLHQALAGAIVVEYSSSVKLTSGHLKCRLKMDKLALKGTTYGMCTEKFSFAKNPADTGHGTVVIELSYSGSDGPCKIPIVSVASLNDMTPVGRLVTVNPFVATSSANSKVLVEMEPPFGDSYIVVGRGDKQINHHWHKAGSTLGKAFSTTLKGAQRLAALGDTAWDFGSIGGVFNSIGKAVHQVFGGAFRTLFGGMSWITQGLMGALLLWMGVNARDRSIALAFLATGGVLVFLATNVHA
P32722,PAN,MKVMKWSAIALAVSAGSTQFAVADAFVSDQAEAKGFIEDSSLDLLLRNYYFNRDGKSGSGDRVDWTQGFLTTYESGFTQGTVGFGVDAFGYLGLKLDGTSDKTGTGNLPVMNDGKPRDDYSRAGGAVKVRISKTMLKWGEMQPTAPVFAAGGSRLFPQTATGFQLQSSEFEGLDLEAGHFTEGKEPTTVKSRGELYATYAGETAKSADFIGGRYAITDNLSASLYGAELEDIYRQYYLNSNYTIPLASDQSLGFDFNIYRTNDEGKAKAGDISNTTWSLAAAYTLDAHTFTLAYQKVHGDQPFDYIGFGRNGSGAGGDSIFLANSVQYSDFNGPGEKSWQARYDLNLASYGVPGLTFMVRYINGKDIDGTKMSDNNVGYKNYGYGEDGKHHETNLEAKYVVQSGPAKDLSFRIRQAWHRANADQGEGDQNEFRLIVDYPLSIL
Q93V22,PAN,MRCTRAIRQTARTGWLTWLAILAVTAPVTSPAWADDPPATVYRYDSRPPEDVFQNGFTAWGNNDNVLDHLTGRSCQVGSSNSAFVSTSSSRRYTEVYLEHRMQEAVEAERAGRGTGHFIGYIYEVRADNNFYGAASSYFEYVDTYGDNAGRILAGALATYQSEYLAHRRIPPENIRRVTRVYHNGITGETTTTEYSNARYVSQQTRANPNPYTSRRSVASIVGTLVRMAPVIGACMARQAESSEAMAAWSERAGEAMVLVYYESIAYSF
P03531,PAN,MDVLYSLSKTLKDARDKIVEGTLYSNVSDLIQQFNQMIITMNGNEFQTGGIGNLPIRNWNFNFGLLGTTLLNLDANYVETARNTIDYFVDFVDNVCMDEMVRESQRNGIAPQSDSLRKLSAIKFKRINFDNSSEYIENWNLQNRRQRTGFTFHKPNIFPYSASFTLNRSQPAHDNLMGTMWLNAGSEIQVAGFDYSCAINAPANIQQFEHIVPLRRVLTTATITLLPDAERFSFPRVINSADGATTWFFNPVILRPNNVEVEFLLNGQIINTYQARFGTIVARNFDTIRLSFQLMRPPNMTPAVAVLFPNAQPFEHHATVGLTLRIESAVCESVLADASETLLANVTSVRQEYAIPVGPVFPPGMNWTDLITNYSPSREDNLQRVFTVASIRSMLIK
Q6SW59,PAN,MESRGRRCPEMISVLGPISGHVLKAVFSRGDTPVLPHETRLLQTGIHVRVSQPSLILVSQYTPDSTPCHRGDNQLQVQHTYFTGSEVENVSVNVHNPTGRSICPSQEPMSIYVYALPLKMLNIPSINVHHYPSAAERKHRHLPVADAVIHASGKQMWQARLTVSGLAWTRQQNQWKEPDVYYTSAFVFPTKDVALRHVVCAHELVCSMENTRATKMQVIGDQYVKVYLESFCEDVPSGKLFMHVTLGSDVEEDLTMTRNPQPFMRPHERNGFTVLCPKNMIIKPGKISHIMLDVAFTSHEHFGLLCPKSIPGLSISGNLLMNGQQIFLEVQAIRETVELRQYDPVAALFFFDIDLLLQRGPQYSEHPTFTSQYRIQGKLEYRHTWDRHDEGAAQGDDDVWTSGSDSDEELVTTERKTPRVTGGGAMASASTSAGRKRKSASSATACTAGVMTRGRLKAESTVAPEEDTDEDSDNEIHNPAVFTWPPWQAGILARNLVPMVATVQGQNLKYQEFFWDANDIYRIFAELEGVWQPAAQPKRRRHRQDALPGPCIASTPKKHRG
Q8AYT7,PAN,MLFMIALLFLLWGVPSHAYFSYYTAQRFTDFTLCMLTDRGVIANLLRYDEHTALYNCSASGTCWYCTFLDEQVITFGTNCNDTYSVPVSVVLEQAHGPYSVLFDDMPPFIYYGREFGILVLDVFMFYPVLVLFFLSVLPYATLFLEMLVSILFIVYGIYSGAYLAMGIFAATLIIHSVVVLRQLLWLCLAWRYRCTLHASFISAEGKVYPVDPGLPIAAVGNRLLVPGRPTIDYAVAYGSKVNLVRLGAAEVWEP
15674549,PAN,MEKKQRFSLRKYKSGTFSVLIGSVFLVMTTTVAADELSTMSEPTITNHAQQQAQHLTNTELSSAESKSQDTSQITLKTNREKEQSQDLVSEPTTTELADTDAASMANTGSDATQKSASLPPVNTDVHDWVKTKGAWDKGYKGQGKVVAVIDTGIDPAHQSMRISDVSTAKVKSKEDMLARQKAAGINYGSWINDKVVFAHNYVENSDNIKENQFEDFDEDWENFEFDAEAEPKAIKKHKIYRPQSTQAPKETVIKTEETDGSHDIDWTQTDDDTKYESHGMHVTGIVAGNSKEAAATGERFLGIAPEAQVMFMRVFANDIMGSAESLFIKAIEDAVALGADVINLSLGTANGAQLSGSKPLMEAIEKAKKAGVSVVVAAGNERVYGSDHDDPLATNPDYGLVGSPSTGRTPTSVAAINSKWVIQRLMTVKELENRADLNHGKAIYSESVDFKDIKDSLGYDKSHQFAYVKESTDAGYNAQDVKGKIALIERDPNKTYDEMIALAKKHGALGVLIFNNKPGQSNRSMRLTANGMGIPSAFISHEFGKAMSQLNGNGTGSLEFDSVVSKAPSQKGNEMNHFSNWGLTSDGYLKPDITAPGGDIYSTYNDNHYGSQTGTSMASPQIAGASLLVKQYLEKTQPNLPKEKIADIVKNLLMSNAQIHVNPETKTTTSPRQQGAGLLNIDGAVTSGLYVTGKDNYGSISLGNITDTMTFDVTVHNLSNKDKTLRYDTELLTDHVDPQKGRFTLTSHSLKTYQGGEVTVPANGKVTVRVTMDVSQFTKELTKQMPNGYYLEGFVRFRDSQDDQLNRVNIPFVGFKGQFENLAVAEESIYRLKSQGKTGFYFDESGPKDDIYVGKHFTGLVTLGSETNVSTKTISDNGLHTLGTFKNADGKFILEKNAQGNPVLAISPNGDNNQDFAAFKGVFLRKYQGLKASVYHASDKEHKNPLWVSPESFKGDKNFNSDIRFAKSTTLLGTAFSGKSLTGAELPDGHYHYVVSYYPDVVGAKRQEMTFDMILDRQKPVLSQATFDPETNRFKPEPLKDRGLAGVRKDSVFYLERKDNKPYTVTINDSYKYVSVEDNKTFVERQADGSFILPLDKAKLGDFYYMVEDFAGNVAIAKLGDHLPQTLGKTPIKLKLTDGNYQTKETLKDNLEMTQSDTGLVTNQAQLAVVHRNQPQSQLTKMNQDFFISPNEDGNKDFVAFKGLKNNVYNDLTVNVYAKDDHQKQTPIWSSQAGASVSAIESTAWYGITARGSKVMPGDYQYVVTYRDEHGKEHQKQYTISVNDKKPMITQGRFDTINGVDHFTPDKTKALDSSGIVREEVFYLAKKNGRKFDVTEGKDGITVSDNKVYIPKNPDGSYTISKRDGVTLSDYYYLVEDRAGNVSFATLRDLKAVGKDKAVVNFGLDLPVPEDKQIVNFTYLVRDADGKPIENLEYYNNSGNSLILPYGKYTVELLTYDTNAAKLESDKIVSFTLSADNNFQQVTFKITMLATSQITAHFDHLLPEGSRVSLKTAQDQLIPLEQSLYVPKAYGKTVQEGTYEVVVSLPKGYRIEGNTKVNTLPNEVHELSLRLVKVGDASDSTGDHKVMSKNNSQALTASATPTKSTTSATAKALPSTGEKMGLKLRIVGLVLLGLTCVFSRKKSTKD
O09530,PAN,LLNGSLAEGEVVLRSKNFSNNADTIIVQLKEPVVINCTRPNNNTRKSINIGPGRAFVTTGTIQGGIRQAHCNI
Q2LC28,PAN,TTTWKEYSHGLQLDDGTVKAICIAGFFKVTALNVVSRRYLASLHKRALPTSVTFELLFDGTSP
Q91E46,PAN,MEVRVPNFHSFVEGITASYIRTPACWDSRSAWDSDIFYEPDVIKVGGAYCCTQCCGVLYYGAPPTDGICFPHHKCHQQLSRVDNPLLRFVKIGRTTEHLLDQYAVILSGIADHYEQAARSRPSMCGGDALMSLDIIMRTESLRTDRPVDPDFWTAPLERREPDARSDIATAGWRMIDASSQSQTVPDCVVSNLLHTRHVFSQMLTTTTAYDVAVTGKPAKFSPLVAVMPTRDSGIISLTRDNWDHDVEDVWLNGFAFSPIIGGVGISGQFERGACHNYGHPMIGSGKKVSHYRNLFMEVCRGWSKSSFTCAVGLEPAECELRLRGQARTMLGRALPDVCDFDETTHTGQSSAPLRRSSKVSFIECGW
15674345,PAN,MKKSILRILAIGYLLMSFCLLDSVEAENLTASINIEVINQVDVATNKQSSDIDETFMFVIEALDKESPLPNSVTTSVKGNGKTSFEQLTFSEVGQYHYKIHQLLGKNSQYHYDETVYEVVIYVLYNEQSGALETNLVSNKLGETEKSELIFKQEYSEKTPEPHQPDTTEKEKPQKKRNGILPSTGEMVSYVSALGIVLVATITLYSIYKKLKTSK
15674343,PAN,MKLRHLLLTGAALTSFAATTVHGETVVNGAKLTVTKNLDLVNSNALIPNTDFTFKIEPDTTVNEDGNKFKGVALNTPMTKVTYTNSDKGGSNTKTAEFDFSEVTFEKPGVYYYKVTEEKIDKVPGVSYDTTSYTVQVHVLWNEEQQKPVATYIVGYKEGSKVPIQFKNSLDSTTLTVKKKVSGTGGDRSKDFNFGLTLKANQYYKASEKVMIEKTTKGGQAPVQTEASIDQLYHFTLKDGESIKVTNLPVGVDYVVTEDDYKSEKYTTNVEVSPQDGAVKNIAGNSTEQETSTDKDMTITFTNKKDFEVPTGVAMTVAPYIALGIVAVGGALYFVKKKNA
P0A0R3,PAN,MKFQPLGERVLVERLEEENKTSSGIIIPDNAKEKPLMGVVKAVSHKISEGCKCVKEGDVIAFGKYKGAEIVLDGTEYMVLELEDILGIVGSGSCCHTGNHDHKHAKEHEACCHDHKKH
Q8JMH1,PAN,ISIPSQKAVLYFLIEKGQHEAAIEFFEGMVCDSIKEELRPLIQQTSFVKRAFKRLKENFEIVALCLTLMANIVIMIRETRKRQQMVDDAVNEYTEKVNITTDDKTLDEAEKNPLETSGATTVGFREKTLPGHKTGDDVSSEPTKPVEGQPQAE
Q4TUW2,PAN,MPEQHPPITETTTGAASNGCPVVGHMKYPVEGGGNQDWWPNRLNLKVLHQNPAVADPMGAAFDYAAEVATIDVDALTRDIEEVMTTSQPWWPADYGHYGPLFIRMAWHAAGTYRIHDGRGGAGGGMQRFAPLNSWPDNASLDKARRLLWPVKKKYGKKLSWADLIVFAGNCALESMGFKTFGFGFGRVDQWEPDEVYWGKEATWLGDERYSGKRDLENPLAAVQMGLIYVNPEGPNGNPDPMAAAVDIRETFRRMAMNDVETAALIVGGHTFGKTHGAGPADLVGPEPEAAPLEQMGLGWKSSYGTGTGKDAITSGIEVVWTNTPTKWDNSFLEILYGYEWELTKSPAGAWQYTAKDGAGAGTIPDPFGGPGRSPTMLATDLSLRVDPIYERITRRWLEHPEELADEFAKAWYKLIHRDMGPVARYLGPLVPKQTLLWQDPVPAVSHDLVGEAEIASLKSQILASGLTVSQLVSTAWAAASSFRGSDKRGGANGGRIRLQPQVGWEVNDPDGDLRKVIRMQPQVGWEVNDPDGDLRKVIRTPGRDPGVIQLRGAGEHQSVLRRPRRARWLCRHRESSKGGWPQHHGALHPGPHGCVAGTNRRGILCRAGAQGRWLPKLPRKGQPVAGRVHAARQGEPAYAQCP
Q9ZMJ1,PAN,MKTFEILKHLQADAIVLFMKVHNFHWNVKGTDFFNVHKATEEIYEGFADMFDDLAERIVQLGHHPLVTLSEAIKLTRVKEETKTSFHSKDIFKEILEDYKHLEKEFKELSNTAEKEGDKVTVTYADDQLAKLQKSIWMLEAHLA
Q9YQS7,PAN,MTFPRRRYRRRRHRPRSHLGQILRRRPWFLHPRHRYRWRRKNGIFNTRLSRTFGYTVKATTVRTPSWAVDMLRFKIDDFVPPGGGTNKISIPFEYYRIRKVKVEFWPCSPITQGDRGVGSSAVILDDNFFPKSTALTYDPYVNYSSRHTITQPFSYHSR
Q3S565,PAN,MRNSILLAATVLLGCTSAKVHKLKLKKLPLTEQLEYGDIETHVRALGQKYFGSLPSSQQQTVLSDEYSTTDGHNVLVDNFLNAQYFSEISIGNPPQNFKVVLDTGSSNLWVPSSECGSIACYLHNKYDSSASSTYKKNGTEFAIRYGSGSLSGFVSQDTLRIGDLTIEGQDFAEATNEPGLAFAFGRFDGILGLGYDTISVNKIVPPFYNMINEGLIDEPVFGFYLGDTNKEGDDSYATFGGVDSSLFSGEMIKIPLRRKAYWEVDFDAIAFGNERAELEDTGIILDTGTSLIALPSTLAELLNREIGAKKSWNGQYTVDCNKRPSLPDLTFTLSGHNFTIGPYDYILEVQGSCISSFMGMDFPEPVGPLAILGDAFLRRFYTMYDLGNNLVGLAKAGN
P03129,PAN,MHGDTPTLHEYMLDLQPETTDLYCYEQLNDSSEEEDEIDGPAGQAEPDRAHYNIVTFCCKCDSTLRLCVQSTHVDIRTLEDLLMGTLGIVCPICSQKP
Q79FV1,PAN,MDFGLLPPEVNSSRMYSGPGPESMLAAAAAWDGVAAELTSAAVSYGSVVSTLIVEPWMGPAAAAMAAAATPYVGWLAATAALAKETATQARAAAEAFGTAFAMTVPPSLVAANRSRLMSLVAANILGQNSAAIAATQAEYAEMWAQDAAVMYSYEGASAAASALPPFTPPVQGTGPAGPAAAAAATQAAGAGAVADAQATLAQLPPGILSDILSALAANADPLTSGLLGIASTLNPQVGSAQPIVIPTPIGELDVIALYIASIATGSIALAITNTARPWHIGLYGNAGGLGPTQGHPLSSATDEPEPHWGPFGGAAPVSAGVGHAALVGALSVPHSWTTAAPEIQLAVQATPTFSSSAGADPTALNGMPAGLLSGMALASLAARGTTGGGGTRSGTSTDGQEDGRKPPVVVIREQPPPGNPPR
15675205,PAN,MKMKKKFFLLSLLALSTFFLSACSSWIDKGESITAVGSTALQPLVEAVADEFGSSNLGKTVNVQGGGSGTGLSQVQSGAVQIGNSDVFAEEKDGIDASKLVDHQVAVAGLAVIANPKVKVSNLSSQQLQKIFSGEYTNWKQVGGEDLAISVINRAASSGSRATFDSVIMKGVNAKQSQEQDSNGMVKSIVSQTPGAISYLSFAYVDSSVKSLQLNGFKANAKNVATNDWPIWSYEHMYTKDKPTGLTKEFLDYMFSDEVQQNIVTHMGYISINDMEVVKSHDGKVTKR
O37453,PAN,MRGGGLICALVVGALVAAVASAAPAAPAAPRASGGVAATVAANGGPASRPPPVPSPATTRARKRKTKKPPERPEATPPPDANATVAAGHATLRAHLREIKVENADAQFYVCPPPTGATVVQFEQPRRCPTRPEGQNYTEGIAVVFKENIAPYKFKATMYYKDVTVSQVWFGHRYSQFMGIFEDRAPVPFEEVIDKINAKGVCRSTAKYVRNNMETTAFHRDDHETDMELKPAKVATRTSRGWHTTDLKYNPSRVEAFHRYGTTVNCIVEEVDARSVYPYDEFVLATGDFVYMSPFYGYREGSHTEHTSYAADRFKQVDGFYARDLTTKARATSPTTRNLLTTPKFTVAWDWVPKRPAVCTMTKWQEVDEMLRAEYGGSFRFSSDAISTTFTTNLTQYSLSRVDLGDCIGRDAREAIDRMFARKYNATHIKVGQPQYYLATGGFLIAYQPLLSNTLAELYVREYMREQDRKPRNATPAPLREAPSANASVERIKTTSSIEFARLQFTYNHIQRHVNDMLGRIAVAWCELQNHELTLWNEARKLNPNAIASATVGRRVSARMLGDVMAVSTCVPVAPDNVIVQNSMRVSSRPGTCYSRPLVSFRYEDQGPLIEGQLGENNELRLTRDALEPCTVGHRRYFIFGGGYVYFEEYAYSHQLSRADVTTVSTFIDLNITMLEDHEFVPLEVYTRHEIKDSGLLDYTEVQRRNQLHDLRFADIDTVIRADANAAMFAGLCAFFEGMGDLGRAVGKVVMGVVGGVVSAVSGVSSFMSNPFGALAVGLLVLAGLVAAFFAFRYVLQLQRNPMKALYPLTTKELKTSDPGGVGGEGEEGAEGGGFDEAKLAEAREMIRYMALVSAMERTEHKARKKGTSALLSSKVTNMVLRKRNKARYSPLHNEDEAGDEDEL
P0C2J9,PAN,MANKAVNDFILAMNYDKKKLLTHQGESIENRFIKEGNQLPDEFVVIERKKRSLSTNTSDISVTATNDSRLYPGALLVVDETLLENNPTLLAVDRAPMTYSIDLPGLASSDSFLQVEDPSNSSVRGAVNDLLAKWHQDYGQVNNVPARMQYEKITAHSMEQLKVKFGSDFEKTGNSLDIDFNSVHSGEKQIQIVNFKQIYYTVSVDAVKNPGDVFQDTVTVEDLKQRGISAERPLVYISSVAYGRQVYLKLETTSKSDEVEAAFEALIKGVKVAPQTEWKQILDNTEVKAVILGGDPSSGARVVTGKVDMVEDLIQEGSRFTADHPGLPISYTTSFLRDNVVATFQNSTDYVETKVTAYRNGDLLLDHSGAYVAQYYITWNELSYDHQGKEVLTPKAWDRNGQDLTAHFTTSIPLKGNVRNLSVKIRECTGLAWEWWRTVYEKTDLPLVRKRTISIWGTTLYPQVEDKVEND
15674531,PAN,MKKLTLLLTLCLTTITLIACGNQATNHSNTASKSLSPMPQIAGVTYYGDIPKQPKRVVSLASTYTGYLKKLDMNLVGVTSYDKKNPILAKTVKKAKQVAATDLEAVTTLKPDLIVVGSTEENIKQLAEIAPVISIEYRKRDYLQVLSDFGRIFNKEDKAKKWLKDWKTKTAAYEKEVKAVTGDKATFTIMGLYEKDVYLFGKDWGRGGEIIHQAFHYDAPEKVKTEVFKQGYLSLSQEVLPDYIGDYVVVAAEDDKTGSALYESKLWQSIPAVKKHHVIKVNANVFYFTDPLSLEYQLETLREAILSSEN
Q5ZXP3,PAN,MAKELRFGDDARLQMLAGVNALADAVQVTMGPRGRNVVLEKSYGAPTVTKDGVSVAKEIEFEHRFMNMGAQMVKEVASKTSDTAGDGTTTATVLARSILVEGHKAVAAGMNPMDLKRGIDKAVLAVTKKLQAMSKPCKDSKAIAQVGTISANSDEAIGAIIAEAMEKVGKEGVITVEDGNGLENELSVVEGMQFDRGYISPYFINNQQNMSCELEHPFILLVDKKVSSIREMLSVLEGVAKSGRPLLIIAEDVEGEALATLVVNNMRGIVKVCAVKAPGFGDRRKAMLQDIAILTKGQVISEEIGKSLEGATLEDLGSAKRIVVTKENTTIIDGEGKATEINARITQIRAQMEETTSDYDREKLQERVAKLAGGVAVIKVGAATEVEMKEKKARVEDALHATRAAVEEGIVAGGGVALIRAQKALDSLKGDNDDQNMGINILRRAIESPMRQIVTNAGYEASVVVNKVAEHKDNYGFNAATGEYGDMVEMGILDPTKVTRMALQNAASVASLMLTTECMVADLPKKEEGVGAGDMGGMGGMGGMGGMM
Q07337,PAN,MKKNTLSAILMTLFLFISCNNSGKDGNTSANSADESVKGPNLTEISKKITDSNAVLLAVKEVEALLSSIDEIAAKAIGKKIHQNNGLDTENNHNGSLLAGAYAISTLIKQKLDGLKNEGLKEKIDAAKKCSETFTNKLKEKHTDLGKEGVTDADAKEAILKTNGTKTKGAEELGKLFESVEVLSKAAKEMLANSVKELTSPVVAESPKKP
P00004,PAN,MGDVEKGKKIFVQKCAQCHTVEKGGKHKTGPNLHGLFGRKTGQAPGFTYTDANKNKGITWKEETLMEYLENPKKYIPGTKMIFAGIKKKTEREDLIAYLKKATNE
