ID,Type,Sequence
BH05640,BH,MFITNAYAQVAGGVSNGPSLVTFVPFILIFGIMYFFIIRPQRAQMKKRQEMLNAVRRGDTVITGGGVIGKVTKVYDESGELEVEICDGMRIRVIRSTLSDVRVKGEPISEEKSKLNTKVKAPSKAKAVKKENMSASKEKKAVSKEEHS
BH13530,BH,MAAKEVKFGREARERLLRGVDILANAVKVTLGPKGRNVVIDKSFGAPRITKDGVSVAKEIELEDKFENMGAQMLREVASKTNDIAGDGTTTATVLGQAIVQEGVKAVAAGMNPMDLKRGIDAAVDEVVANLFKKAKKIQTSAEIAQVGTISANGAAEIGKMIADAMEKVGNEGVITVEEAKTAETELEVVEGMQFDRGYLSPYFVTNAEKMVADLDDPYILIHEKKLSNLQSLLPVLEAVVQSGKPLLIIAEDVEGEALATLVVNKLRGGLKIAAVKAPGFGDRRKAMLEDIAILTSGQVISEDVGIKLENVTLDMLGRAKKVNISKENTTIIDGAGQKSEINARVNQIKVQIEETTSDYDREKLQERLAKLAGGVAVIRVGGATEVEVKEKKDRVDDALNATRAAVEEGIVAGGGTALLRAANALTVKGSNPDQEAGINIVRRALQAPARQIATNAGEEAAIIVGKVLENNADTFGYNTATGEFGDLIALGIVDPVKVVRSALQNAASIASLLITTEAMVAEVPKKDTPVPPMPGGGMGGMGGMDF
BH04550,BH,MSKQFQKRHFYSLSEIIFKMLDPILRKRTGLNVALIENWSQIAGRDIAEHTVPLKIIWKRRVDQDEIFQPGTLIVACEGFVALKLIHETAELIHRINVFFGYIALNRIKIEQRSVSVFSNQLPRKLSLSVKEKKCVEKMLEGVENESLRQSLYELGCCIFAEKKNK
BH05630,BH,MCLKVLGNVVRCNQGIALLAMIMVLVGCSSGMQRFANPFSYPTISNQPNISTTMSTYTDSPTLSYGAGMIQSTELPPVEPVNDLSTYDNTAYNSPPQDGTSSPNSRIMGTPPRNLGTLSRSQMRNDPLFRQNSYIVQTGDTLLSIARQRGVSVEALKLVNGIRSNSIYIGQVLMIPSGRTAETSNVRNNDWGASKQSLSQSQSASSIRHKKYSSTEKAPITPKPSAQINRSNGEQNSSAQMSSLNYEKGVLDTVMNKDNGVTPQATGISKMRWPVRGRLLSQFGQKRGTTMSRGIDIAVPEGSSVKAAENGIVIYASDGLKELGNVVMIRHENNIITIYGCNSKLVVTRGQRIRRGDEIAKSGVSGDVKTPRVYFEVRENSLPVDPIKYLEN
BH13880,BH,MVDNKQIQPSKDHCGEQCALPQELPLDPAVERVRKKLMRFMIISISITLMMTLAVLFLVVYKILATRSTPKHPPQFSSHNRNPEVAYHTLSLPKGTQILSQSLSKHNIVLKVLMPDDHIKFMVYNYHTGTLIAVLSVETTRSNIVPQPR
BH00190,BH,MKMFKKKFIAAFVMVFISAGATCAQAPNRLDQFEAWGAYSYKSPQKTICYVLSMPLESLPTTVKHGDNFFLVTKRSHSPLSFEPQFMAGYPLKEGSRVTVTIGSKDFDFFTKDSSAWLASPALEKQLVSAMRAGKNMKVSAFSKRGTHTTYIYSLKGVTAALNAAQKCH
BH05620,BH,MDQKGILRFHEELASLVLKMRSKGIDDVRFFTALEKIPRQQFVSSPWFKSAYDNKVIPIECGEYIERLEEQLLILYALSLKKKHRVLEIGTGSGFCTAFMACLSDRVITVDRYKTLVDLARQKFQTLGIENIVVRQIDGSRIITGFGSFDRILIWPSRSDEPKEFLELLTENGILIQAIGPDEGVQTITRYTKIASRFECLEMFQVRYQPFIEGIAETL
BH09080,BH,MSWNEALLVVFVVLLLFSGVMLFALYYRHQAKNLKDELEERKREVLIETKAIIDQCAADLKRYDAEIKVRDEEIEKLQQDLKRLEEEAKANSHII
BH01250,BH,MSMHNETHNPSTSSYLVGFILAVFFTLGSFIPVMYGMMDSWAISTKVVYLIGMAIIQIIVQIIFFLHLNSGPDAKWNLSALWFAAICVFVIIGGTWWAISHLNYNMMGGSGRVVEPEISGGTNPSVSEQLSDIQEIEKHLSGKDISAQKAPAVQIPVEPVPGSEMPLGQAPTVQTPIEPIPGSEIPLEQAPAVQTPIEPVPGSEIPLGQAPAVQTPVELAPGAEMPME
BH12700,BH,MYLKKIKQIKIIRPILVILALFMLWFGYKWITHWRYILSTEDAYVQGDIAAIAPKLNGYIKKIAIKANQVVKKDDVLFCLDNGDYQIALDQTEARLNTQQKTLLRIDAQIVAAHSALDDAQAQKAAASAIATNAQLTLKRTTELKADRYAPQSDVDDAKSAYEQAIANVNRADAQIAAARANIQVLEAQRSETESQTKSLELTRDKAKRDLDSTIIRAPFDGIIGNLTAKTGDFVVNGQRLAALVPIQALYIEANYKETQLQNIHAGQTAYITFDAFKKEVFTGRVLSIAPATGAVFSLLPPQNATGNFTKIVQRIPVRISIPEEALKDKRIRAGMSVSVQIDTRTKLHNHPL
BH13180,BH,MKKSFLLYTVSGVLLFSYPSLSYALASTDLQPLFVNYSLKKNKNNNLKAEQLGEPASRTFVSKKRKRSGAEESSAGASLSIPVKSAKSRKRPILESSPTNPTSESPSRSPASIKPANSAQVDEDQSTKIEVENGTTVTKQNVKIHDNYVAVHAQEANSKVKIIGGSVSSNFIGLSTLAGGTIDATNITTTVTSVGLLNTNGTIILKDSTVNVTGNDKTHGIVLRGMQNPSGNQQAQNAGREGNVHHEKDMRNKVMLTNTKILVQNGIGIGVYGAHASGEVTLKDSEIRADMLSKNEKNIEAPAHILTLNADHSILEGGVKTLADNKTFLNLNNNSTWLLTAPRKRESNNDPSHGHDIDEKLHSNLSGISLTESSIVFGTSTDGHYQTLFVGSQSQEADQTPNNPIVYKATGAAEIHLNSEWSNNSPMHKQKTDRVIINGDVSGSTIVHINFLESGNKGTKSTAVWKEEMVSTSSTAHGISLIQVSGNADKNSFKLEKGYLTMGGTPYKYVLTAYAPGTSDASQNLFGKNDQNFWDFRLQSAYVDSDKKVRALLPQVANYLVIPNAVFSAGFSEVNNQNMLLNNMRTTMFGAENHNKNGIFLSYYNEKVTLSSNRDPLHYGYGADINYDAVQLGIIMNALEGKNINTQFGLLGTYGKLSFTPKDMQDSEKTKLDKWSLTAYSGIQHSMGLYMNALLSYGVLKGNVTTALIGTAAKLDGTKTLTLSATLGQKLTTGLQGLMFEPQAQFIYQNLMLDVLSDADGLKVDMDNPHQWLVRIGGRLTKNLTTTEEDNDHAVSFYGKLNVLRTFGDGGAIQIGESFYLDPTGSSIEGGVGVNAHIAQKVVLHGDISYRHKLQKAGVSGTNFSGGIRYHF
BH15350,BH,MSNSFSLIPLPLVDQRYAQALFDLAQEEGLVEILEKAVESFLMVLDQDEDLKHFVQSPFFSVKEQVKVMHSVCENIPFADEGAGQILSRFLRVITLNHRLRALSGILHAFQRRVALSRREFSAQIIAARPLNSQQEQQLQSVLESVVGGKVFLNICVDPEILGGLIIRLGSSQIDTSLMAKLSSLKIALKKRSADGY
BH09990,BH,MSDNNRKNPYEMKQDYEHHNPLEKLTRIFTPNKQRKNQKDLSSLQIDQSISQSPKTSLHGDDFDLSFLEAEFENNLKNDLPLDEQKKQFNLHKTKNKTNSDVISTTLFNHPEKDSFLSEEKLSLPQSHNEEQILDALSPLPIQKNLSSQNKTSQTPAHPSFEESNFDPLSENFFFDESERQDNNRIIPELGEQNKRFSQTIAPQQNTSNIQQNYDDNQSLHNSPINHPYKVSADQENWIEEYYTNVPNPSMKANTGFSSATLISEREGTERSKSTSDFPSPLDSTQTNKSSDLKGFLQENHTDSYPQFYEEKLSEQETYAAQTPQYVDSQDQYINNAENISKQNNEKEVVYKQNNLNKISSSSKVFKDTQTDRFFAHNTMQRDTSPPSVDTYKFSDEIVEKTGPIMVPEVPYEVPEYDVPTDGLKEEFSDVLNVGNVSAENFSQQKPQDKVFNEIFNQTIQNSKENTYINPQEESTNYFPADNTKHTESLSYKSVDEIPYTSNPLSLENSIFSKTLTKSIILLILIAVSFVGYSRFFMSSQKNESTPIIHADNTPFKFKHQSTETKNDVEHNLDIYKQTTGQNEKQENTQQFLIDNSEPPEDLAALNQQESTSFSPSSLDDSDVEDAVTEAINHTIPTQKVQTVIVKQDGTVVLSPMHDTEKKTTDKYEEKIDQTTVDQLQESQPISSHFSDTKDKEAEDNLTSNIDKIIAENISTSSVEKKVENSFVPLPSHAKSNSEVQTPASSHKNPPVQVRTQNSENYYVQLASQPTHALAKDSLKNMKSKFGFLIGTRPLNIQSAVIPGKGTYYRVRVQAQNRNEAINLCENIKNSGGSCFITR
BH15320,BH,MVKAVTSSKETAKVEKKKSAPRSGVKKAVSKSQAGVKDSSSPVHKSSKKAPLAEAAVGVIKQVIGAVVDVQFEGPLPNILNALETDNLGNRLVLEVAQHLGENTVRTIAMDTTDGLVRGQKVFDTGTQISVPVGEATLGRIMNVIGEPVDNVGPIATSKTRSIHQEAPEYVEQSTASEILVTGIKVVDLLAPYSKGGKVGLFGGAGVGKTVLIMELINNIAKAHGGYSVFAGVGERTREGNDLYYEMIESRVNVNPKDNNGSTEGSKCALVYGQMNEPPGARARVALSGLTIAESFRDEGQDVLFFVDNIFRFTQAGAEVSALLGRIPSAVGYQPTLATDMGALQERITSTRTGSITSVQAIYVPADDLTDPAPATSFAHLDATTVLSRSIAEKGIYPAVDPLDSFSRMLDPLIVGEEHYTVACQVQTILQRYRSLQDIIAILGMDELSEDDKLLVGRARKIERFLSQPFHVAEAFTGSPGKLVPLEETIKGFKGLCAGEYDNLPEAAFYMVGSIDEAVEKGKRLIAEVSS
BH14590,BH,MPNLISPYPPTPSENRTISNQPQKTKRQPDVLIFVKSHVSSVFEKREKCNLRICHGHTALLYAEFFYGEVYAKNIKRRTCAD
BH05250,BH,MIITVLDGIVVAVILFSAFLAMLRGFSREVLSLISWAIAAVVTLFLFKPVVPFFEQYISNKMVALITTLIVIFIIVLIITSIITMKISDFIIDSRIGIFDRTIGFIFGALRGLLIMVIGMLLINALVKPEQQPDWLKNAKTKPIIDSLGQKVWNILPKNLDTVLEKTEQLFKRNDANTNDQHSHENMSQQNGK
BH07770,BH,MSWNEALLVVFVVLLLFSGVMLFALYYRHQAKNLKDELEERKREVLIETKAIIDQCAADLKRYDAEIKVRDEEIEKLQQDLKRLEEEAKANSHII
BH06680,BH,MKQTLKLFSAVTLLGIAGCQFNKPPAGYLTAWEKNGVTDFTEVGKALLECGMPTPYDRDPENQKLSPNDMVSIDACMVQAGFRYKDEEVERAGGWCYTFRAENLPNCRPGVVFPQRSVKKRLNSPFCKKHPEQYECYP
BH05230,BH,MKKLDFSLFGRVALVTGASRGIGYHLALELAERGAHIIALARTMSGLTELDNQIQKKGARATLIPIDLHHMENIDALATSITQDWKKLDIMIANAGILGTLSPIAHIENKVFEDIFQINLISQWRLMKAVEPLLRKSDAGRVILLSSSVAHVARAFWGPYAASKAALEIISRCWAEELKQTPIKINCVDPGATRTAMRAQAMPGEDPQTLPPPQEVAEKIAHLLSPDLKETGKLFNVRKNRFMNYHAPN
BH04470,BH,MGVDISRLRNGLTIATHTMQQIDSVALGIWVKVGSRNETFTQHGIAHLLEHMAFKGTENRTAFQIASDIEDVGGEINATTSTETTAYFARVLKNDIPLAIDILADILMHSKFDEDELEREKQVVFQEIGAARDVPDDVVFDYFTETAFRHQSLGRSILGTPKTVQSFTSADLHSFMNKHYSADRMIVVAAGAVQHENFLQEVESRLSTFRPHSTEPLTNLANYVGGDFREYRDLMDTQVVLGFEGRPYHARDFYAAQILSIILGGGMSSRLFQEVREKRGLCYSIYAFHWGFSDIGLFGLHAATGQEKLKELLPVILDELSKVSKNIHTNELQRARAQYRATLTMAQENPSSQANFIARQILLYGREIPLSETIERLELITPARLTDLAGRLFINATPTLAAVGPVGSLMNFDNLTSTLSSNIKQV
BH04100,BH,MAKDNEPVVPKEEADGKKQEDCFNSEDLECRSQNLGLALMRKKALKKRGYRKEGGEPQGTMARAIKLSSEFLASIIVGVVLGLGFDQLAGSLPWGLVFFLFLGFAAGVLSILRSVGYIAFSQLGQKGASRQDKGADKRSDK
BH13430,BH,MKKNQPSSSTSPSVKELKKRYEQTAAEASTLHQLSAGSAPKEKKQPSSRLEELRKRYEQTASLTASQEALSARGFPKEKRQPHTQQSPEQLPIHHEQQFAVTPQQSSSQTPLYATPLPQQPVRTPPQRPPRAKDKELHKTAPQDSTPLYATPSPQQSVQTPPQRPPRAKDKELHKAASQDSTPLYATPSPHKQQPMRERAQSNTSSQDSEPLYATPLPQRHQPMRERAQSNTSNQDSEPLYATPLPQRHQPVRKRTQSNTSSQDSEPLYATPLPQRRQPVRKRTQSNTSSQDNEPLYATAAPSQSPRMEEKSVNTMQRNLLLEAYKEEIKYWCGIVYGDRLILQKRIEEIQENPALGEQLSWEVSEHPKSISKLAGKKMLGVKTKARRKAEENYLALRDTINSYVYTLKYSQQKPLHAPHTEHTRDEQQTHRTQSAEKERAPLSNQELADRIRTEPSVLYSQTEVQYWSKIVFGNPYILQYRIEDIQKNPDMGEEFSWQVANNPSLFSPLAGKRILGIKNDARRHAEASLSCLCSAIEGYADAVKQAKEDIVQEYQVQQSRQELSTEPAKQLQKQQTLSKPHKLPEHSPTDAHQETTQTSMQTEWERLGARPRTVTTHKKHTQESTLPTSHAEQKTTREQTTENQQKSLTPEKEKTPLSHKEIASRVQNDLSVQRAQIEIYNWCNIVYNNPLVLQHTTEDIKKIPMLGEELSWQVANFSTIFAPLAGKQVLGIKNNARKHAEEAIPSLCTAIDHYTEIVKQVREDIVKNHQEQSPKKDKNVKRQQSLSKPPKLPERSTEIPRHQALEASRQAQQKPSNVRSSEAEKTQKMVLAL
BH13420,BH,MKRNQPPPPTTHSTEKQREPYGQSAIRAPSPQPEPLYATVNKRPPRAKDRELNKPLSQQEEVVYAALDFENRSHHPRERYPERNLESETIYTTVSSQSTTQAEILYADVTHTPLHSKHTRRDPASETLYAEVAMQSTIPSLTREEIADRMQHNPLVQAYQQEVMHWCKIVYGNSDVLKEKMQEVLQKPSEGEDLSRQVAENPTSVHKLAGRNLCGLKTNARRQAEEGFMHLCQALDGYTSAVTQAQENIKHVPQAEARRYGQESEQRAERLQQSRHPERERQSLSNQELLGMVQENASIQRYQAQVEHWCKIVYGNSSVLKEKMEGILQDLSEGEELSWQVAAYPQSVHKLAGHNVCGLKTSARRHAESGLSHLCDAIDNYTDAVRQIKESITRGHQAQTRQNRQEQSVGVKQGLHKEKALSSPKQHGHQTHHQGAEASKRTHQQSPEVPPRKVGGAKAIAFAI
BH13410,BH,MKKNRPSPPTSRSKEQEQEQARTPSPQAEPLYAQVNKPPREHRAQSSEETIYAPQNPPETIYAPQKPLGNPYDRLGGRPRNGRRAEKLVDPYAVTDVQNLDRGADFQTLENPLYEGVGGGAHGGPHPQEPEHLYAELEFDTQSGRSPQKPVESVYATVGMGAEGGQDTQTLKNPLYEGVGSGKTTPPPTPHSTEKEQEQARAPSPQAEPLYAQVNKPPREHRAQSSEETIYAPQNPPETIYAPQKPLGNPYDRLGGRPRNGRRAKKLVDPYAVTDVQNLDRGADFQTLENPLYEGVGGGAHGGPHPQEPEHLYAELEFDTQGGRSPQKPVESVYATVGMGTEGGQDTQTLKNPLYEGVGPGRATSPPRSPKDEVTSKLLKHTDFQHGVKEVQEWCKIVYGNQYALNKKLCKILENPKAGDTILWDLAADPESAGKLAGQKILGIKSPDRKQAEEGFGSLCAAFERHVAITQKLHKDFTLEQEKQRGHERETSPERQEHRHHRRHHSQEREQGASEQEARRRNNPTNQKGMAFGM
BH14850,BH,MKRGLALSLVVHVIFLSWGSIYFTNPVSLPQQLEAVPIILAPVTEEFASQQGALNAPVRAIPAVKPTTKPQEKEDARHFGEGQIDSLAPFKPKEKPRSVETTPSSSGEEKASEKSLPVIREQELRETKAEKVSEKPLEVAEKIAPASPEEVHPEVAEKVASETVQQTHKNQGGILPQDLASTEKKVPGDQATRYQQLPKIALPEKFPFPQFKPKPVKESAVQNAQAVKKQNQRMKEKTIEDVLAMEENNLLNHARSQGGGAKRSSELESLGARKNINDTTKMAQTLVSIAGGCIQKKLKLVALGGDLKNRPVVRLRFYLNREGMIMGDPIIDPLSGEQSQQAIMIRQVYAAVFSCQPYTDLPRDQYDLWGQGFDFNVDPLQEIIR
BH05510,BH,MRHKYKLSFSIFIISSCFVQVASASENKNRALKKITSVTSGGKIAKSSALVTQSLIPSSNIMIQDGGVEIVENGKTSIGATVEEGGKQIVTRGGKAIDTKISGGKQFVFEESPANFDDLQRQSSAYDAIVSGGNGVVGQQNVYDDAKAWNTKVTQGGEQNLYMGNKKIGGGFAENTVVSGNGRQHILAEGMATNTILKDKAVQVVYPGGIIDRLTVNGSASSWLYVGADLQGEIKVNDKGHLYLFAGDRTDHIIREKLFVEGRVAEWLFGVGERNNNETPQIEIDSLSGDGGTIIFSSVPYDRRHISLHVEFLSGTLHFNLNISTKDENRDYLSIGSNSAGNHTISITDSGAEITSSFSRNSSIIAELNLITDRSQGEGANFALANYFGKKITAVDGGAYMYTLQKRNRCADSSGDYTVWYLGVGTERADRSNNYSQCVKNKSKTRVPLVASSSDVGVDAQSHQNFSSSQRQDSNSQTTRRKNNEQTSKPRPPRHLRDAQHPPIPPTIPFLEKPASDTSSPTGHYHFSDEQQQSVVSTDGQSLADQMILRPGQQGSSSPQSSQKLSVSHFLTTPSTDAVLSMSVIPALVFHNELQAVRAGRGILDRGKKNTAFWAHAIKSKEHIVADHKDFKLDQTGIVLGVSGVSELMGGEFYIGGFGSYDQARVAHARGGVSGINTYSIGAYATYFDKSGWYLDSILKYNQYQNNLKAVSTNGIAIEGNYNQWGLGTSFEAGYRFETTKSSWMQPYAQLSWLQVEGKEIKLSNEMTGDINAFTSLRSEVGLSAGYEFCLGGDVTSMAYITAAWLRENRDSNHTTINKLHQFVTDLSGNFGKLGIGLSSLVSKKFKLYAEAQYVKGDKVKQSFQGILGVRYSF
BH04770,BH,MVKKTFFTTLAAVSFSAALETALFFSGCGSSLWTTKAHANSVFSSLMQQQGFADIVSQVKPAVVSVQVKSNKKKKEWFFSDFFSTPGFDQLPDQHPLKKFFQDFYNRDKPSNKSLQRSHRLRPIAFGSGFFISSDGYIVTNNHVISDGTSYAVVLDDGTELNAKLIGTDPRTDLAVLKVNEKRKFSYVDFGDDSKLRVGDWVVAIGNPFGLGGTVTAGIVSARGRDIGTGVYDDFIQIDAAVNRGNSGGPTFDLNGKVVGVNTAIFSPSGGNVGIAFAIPAATAKQVVQQLIEKGLVQRGWLGVQIQPVTKEISDSIGLKEAKGALITDPLKGPAAKAGIKAGDVIISVNGEKINDVRDLAKRIANMSPGETVTLGVWKSGKEENIKVKLDSMPEDENMKDGSKYSNEHGNSDETLEDYGLIVAPSDDGVGLVVTDVDPDSDAADKGIRPGDVIVTVNNKSVKKVSDITDTIKNAQKLGRKAILLQVRTNDQNRFVALPIFKK
BH02590,BH,MKKREVKIFSTSMLGVYLILTGCSAPTYGTGKPASLQFFEDVANITSLTPTNNNSQLVMKPHPKLVMPSSSALRFLPPPQQDVAQESSFNGKATLNQHTGSGKVFGFPKKVSSMNGDIDSSKSVSRLSTKQRYEYLRLQRAQVGSAQYRQYLTEPPLSYRQPARIAPVGQQDKDEVEALKERERKNTSKMRSDKKSL
BH00390,BH,MVQISTYFQLIRTGWVLAREGVLSALPHDDLQGFPALCHRIASMLARRKTKKKRRSEKLSYAINRLGPSYIKLGQFLATRPDIVGRDIAEDLAQLQDRVQTFSCTAAIDQIESSLGRSINDLFANFYPPIAAASIAQVHPAEYYDEVGHKKKCAVKVIRPNIRTRFAKDLRSFYLIAHLQERYIPAARRLRPVCVVDTLAQTTRIEMDLRLEAAAISEMAENIQHDTGFRVPKIDWERTGRNVLTMEWIDGIRISEISALKEAGFDLQALAITLIQSFLRHTLRDGFFHADMHPGNLFVDPQGCIVAVDLGITGRLGKKEKHFLAEILYGFITRDYHRVARAHFEAGYVPPHHNIESFAQANRAIGEPIHGQSAQSISMAKLLTLLFEVTELFDMQTRPELLLLQKTMVVVEGVARNLDPNFNMWKASEPVVKEWISKNLGPVGIAKDFSEGAQALFSLVRNTPQLIQNFQRMEEDLNQMIKTGFNLSPTTLKKLAVEQSRSNRYGRYSLFIIALCCICLTFYLFHFF
BH10450,BH,MGQKINPIGLRLGVNRTWDSRWYADSGEYGRLLHEDLKIRLYVLEELKQAAVSKIVIERPHKKCRVTIYSARPGLIIGKKGADIEKLRRKLSEMTNAETSLNIVEIHKPEIDATIIAQSIAQQLERRVAFRRAMKRAVQSALRLGAEGIRINCSGRLGGAEIARMEWYREGRVPLHTLRSDVDYGTAEAKTAYGICGVKVWVFKGEILEYDPMASERRAAEVDHSGSSSNRRRENA
BH11510,BH,MKKVIFKPLKSYPVKMAMIALTLLAASPITHAEESKMKNATITVTATGENQATPDMAIINLAVVTQDKTAQKALADNNKSMNDIINAFKNNGIQANDLQTSGLSIYQSNPNKDHEKKNNGIVYHVSNSLTVRIRDLSNAGKIFDQAMALGVNSVHGITFTNANTKPFYQEARKKAIAEAIEKAKTIAEAADLKLGKIIKINENDDNYYSRPHLMSKAVNANYTDTTFSSGELNYSVSVTIVFAID
BH15290,BH,MIKALRSRATIIAFFSGITGCLLILWAWKLPPFVSAIQITDNASVKGNMTLVSSQISGVIARIYVQDYQRVEQGMLLFELDDSLFRQQLARAQAVLDSKNAKLASVVLQAQLLQGEINTAEAELTRSRAFSNVIPENKKLGFGDGASSVSRPLSQLLAALETKRQLQKQLDLERQSLQSEVAGAKVGVELAKLNLKHTKILSPKTGHVGLVGARVGQYVLPGTQLVSLISDDIWIIANYKETQLSQMRVGQPVVFSVDALNNQKLTGRVVRFAPATGSEFSLLKTDTAIGNFIKIAQRISVRISLDPGQEGVEKLIPGMSVVTYVDTSQRGSGE
BH00660,BH,MKVDYYEILGVTRECDDKKLKSAFRKLAMQYHPDRNAGDKEAERKFKEIGEAYEVLKDPQKRAAYDRFGHAAFENNNNGGGSPFSGFSAGGFADIFEDFFGEIMGGGHRKRSDGRERGADLSYNMEVTLEEAFSGKTAQINIPSSVVCDACEGSGAKKGSKPQTCGTCHGAGRVRAAQGFFSIERTCPVCHGRGETIKDPCPKCQGTRRVEKNRSLSVNIPAGIEDSTRIRLSGEGDAGIRGGPSGDLYIFLSVKPHEFFQREGADLHCRVPISMVTAALGGEFEVSDLDGIKARVKIPEGTQNGRQFRLKGKGMPMLRRQQVRGDLYIHITIETPQKLTQEQRELLQKFEKLSNHENSPQSHGFFSRMKEFFENISGKNE
BH00650,BH,MAKVIGIDLGTTNSCVAVMDGKNAKVIENSEGARTTPSVVAFTDGGERLVGQPAKRQAVTNPEGTIFAVKRLIGRRFDDPMVEKDKALVPYKIVKGDNGDAWVEEAGKKYSPSQISAMILQKMKETAESYLGEKVEQAVITVPAYFNDAQRQATKDAGKIAGLEVLRIINEPTAAALAYGLDKKDGKTIAVYDLGGGTFDISVLEIGDGVFEVKSTNGDTFLGGEDFDMRLVGYFADEFKKEQGIDLKNDKLALQRLKEAAEKAKIELSSSQQTEINLPFITADQSGPKHLTMKLTRAKFESLVDDLVKRTVEPCKAALKDAGLKAGEIDEVVLVGGMTRMPKIQEVVQSFFGKDPHKGVNPDEVVAMGAAIQGGVLQGDVKDVLLLDVTPLSLGIETLGGVFTRLIERNTTIPTKKSQVFSTADDNQNAVTIRVFQGEREMANDNKLLGQFDLVGIPPAPRGVPQIEVTFDIDANGIVNVSAKDKGTGKEHQIRIQASGGLSDADIEKMVKDAEEHAAEDKKRREGVEARNQAEALIHSTEKSLTEYGDKVSTEEKEQIETAISDLKSVLDSTDTEEVKAKMQKLAEVSMKLGQAMYEASQAATPNTETDTKSDDVVDADFEEINDKKK
BH06280,BH,MTMNSRFLNAASVLVLGMRVIAPTTAFVSIAMVEEVQASVVRSIEVHGNKFVSAQVVRDNIDIKVGKSFSSGDVDFAVKRLFALGLFYDVKINQVGDRLVVLVKEYEVVNQVLFQGNKSLKDPDLKRFISLKPNEPFNSAKLSADVNVIREAYKTVGRNDIAVTIQTINLGKGRVNVVFNIVEGRRTKISNITFKGNHAFGSSRLRDVISTKPSGILSLLLRGDVYSEERLAADEEALRRFYYNRGYADFRVISSKAVFDEARNAYEIDFVLDEGVRYKIGDVQIESDIDGIDVQSMKGILKTRSGDVYSAENIEQSVAIINNKAADSGYAFAKVEPRGNRDLANHTISILYNIEQGPRAYVQRIEIRGNEKTRDYVIRREIDLNEGDAYNQTLVQRAKRRLESLGFFKAVNISMVPTDQPDQIILVVDVLEAPTGDLSFSGGYTTGGTSPGVSLEVSVTERNLGGRGQYVRLGLGAGQEKSRNYNLSFVDPYFLGYRLSAGVDIFRSTYRADKAYDVRQTGGSLRFAVPINDQLSANLAYSYIQEEYDFGKKYDLSKETDIRELYGKYSGAIVQAAQHSPWKRSSISYGLTYNTIDDMKNPHDGWYVRVLQEYAGLGGNAKFLKTTGKAMMYKTLSDRMDLVGLLSFGGGYIHEIGREGVRIFDMFKINTDMIRGFKYNGIGPRQVSNKGEVYFLGGTTYMNATAEVQFPIPVVPEGLGFRGALFADVATLYGSNYKPVFQGETPVTNIKSAWRSSAGVSLMWDSPFGPLRFDYAWPIKKQEGDRLQQLNFGISTKF
BH14130,BH,MEVIRKTFFKKSRLEETSLEEIQLILASASPRRLALLAQIGLDPHQVYATNIDETPKLREHPANLAKRLAKEKALKAQETFLWRDQSSGEKVSAQKIVILAADTVVAVGRTILPSPESEDEAYECLRFLSGRAHKVYGAVCALNECGKITVKLVESCVRFRRLTSPMMEAYLYSGEWQGKAGGYAIQGKAGAFVVYIAGSYSNVVGLPLAETMDLLTAYHYPLLTHWNGKTH
BH06220,BH,MALPDFTMHQLLEAGVHFGHQTHRWNPKMTPYIYGQRNNIHIIDLAQTVPLLHQALKLVSDTVARGGRILFVGTKRQASDIIADAANRSAQYYVNARWLGGMLTNWKTISNSIQRLRKLDKILAAEAQGFTKKERLNLERDREKLNRALGGIKDMGSVPDLIFIIDTNKENIAIQEAKRLGIPVIAIIDTNCDPDNVDHPIPGNDDASRAISLYCDLFARAALDGIARQQGAMGIDLGAQADAPVDPVLENTAPVSE
BH07300,BH,MRQVDFSPFYRSTVGFDHLFNWFDSRTQPDDVSSYPPYNIERLSEDSYRISMAVAGFSQDEIDIETHCNQLIVRGERKPENDDEEREFLYRGIASRAFERRFHLADHVKVIGAELGDGLLHIQLKREMPAELKPKKIVVQASSSAVKNGNDHAVRKVSLENERTE
BH04370,BH,MSNRVVIDHIGASGHGISNISHDSLSVPFTLPGEVAIVALRGKYGKLIALEKKSSERIDAICQHFENCGGCVLQHWHADAYRSWKRQLVIDALKRYGIDVFVSPLIEGGYQNRRRITLTALATQKGHIVGFNRYLSHDVIALEECPVTRLEIMSKLNSIKLLCALVGNHTKRFQVTVTSVENGLDVAFNGCVVRDEHIRQQMIHTALAYGMTRLSVEGEILVEREKPLVYFGDVCVEFPAGGFLQATFEAENIMGNIILAYLEKAKNAVDLFSGLGTFTLRMAKKMNVHAVENNETALANLDRAARFATGLKTITCERRDLFRRPLSAKELSCFECVVFDPPRAGAQEQVRELAKTTIPRVVTISCNPVTFARDLSLLVAGGYTIEKIIPIDQFLWSPHVEIVALLSKRKIKANWKL
BH14790,BH,MRFLKNIIFQPLTVVLFFSLSLVGCGDKKNVGALSGINGAFLNNAGFNQATLGSSQDFTVNVGDRVFFSLDSSSIEPDAEAILMRQAEWLLRYPFYSIVIEGHADERGTREYNLALGQRRAVAVRNYLISLGVSAQRIQTISYGKERPVAVCDDISCWNQNRRAVTTINNINRN
BH13340,BH,MNDPMDENNLLNDRDMIKDGHGKKQRPNTSKAAALVILFGVCLYLAYSTLFTEKQQPVEVQKEGIIKQTELFRPAPPKPVSLEPTIEKNNVLLPKVELPTPPKKTTNSDDSLLEAAQRAPVLAYANTQKGQGSTEKNKDISANQPEAKPDETAQRFNHLLKPTTLEGIRAAKLGNRNYIIAMGASIPCILETAISSDQQGFASCIVSRDILSDNGRVVLLDKGTQIVGEYRAGLKKGQKRLFVLWNRAKTPNGIIITLASPATDALGRSGMDGDIDNHWLERIGSALLVSIVKDATNYVKGRLPKDQDKNNSETISSGQNIANIAVENYANIPPTLSKNQGEMVNVFVARDLDFSNVYKLKVIENKKQIVNRALSRNFYKNSAVICNEPKLAHIER
BH14780,BH,MWMYCRKKLKIVFYMAIFIACSASFAQSAAHWVSKYFTHDSESSATDKPSDAVDETAPGATDKPSDAVDETAPGATDKPSDAMDEAAPDAADKPSDAMDEAAPDAADKPSDAMDEAAPDAADKPSDAVDEAAPDAADKPSDAMDEAAPDAADKPSDAVDEAAPDAADKSSDAVDEAAPDAADKSSDAVDEAAPDAADKPSDAVDEAAPDAADKSSDAVDEAAPDAADKSSDAMDEAAPDAADKASDVGE
BH13320,BH,MKINEFNEYIKEARSFDIDRMHGMRQRMRIAMALTVLFGLMTIALALAVAALTPLKTVEPFVIRVDNSTGIIETVSALKETPNDYDEAITRYFASKYVRAREGFQLSEAEHNFRLVSLLSSPEEQSRFAKWYAGNNPESPQNIYQNMIATVTIKSISFLSKDLIQVRYYKTVRELNDKENISHWVSILNFSYINAQISTQDRLINPLGFQVSEYRSDPEVIQ
BH06510,BH,MFMNSILRILMAVIFCFSQIVEVNANLWRCRSQESTFMIMVAQEKDILVQATNRVFIGISSQNARENDRSIIKQKAEKVIFTAIAIFLGTLALKMVGVFKRWVGTRFSQAFEDWRDSLYY
BH14750,BH,MNSNYRSLLIWGVIALILIVSFSLFNGDSQRSGGGELSYSEFLQKVENNELQAVTIQGQKLTGKTVENRVISTYAPRDPGLIQKLESKNVNVKAVPESSGNSIFLNLLFSLLPVIIIVGAWIFFMRQMQSGSRGAMGFGKSKAKLLNEAQGRVTFQDVAGVEEAKQDLQEIVEFLREPQKFQRLGGRIPRGVLLVGPPGTGKTLLARSVAGEANVPFFTISGSDFVEMFVGVGASRVRDMFEQAKKNAPCIIFIDEIDAVGRHRGAGLGGGNDEREQTLNQLLVEMDGFEPNESIILIAATNRPDVLDPALLRPGRFDRQVVVPNPDVSGREQILKVHVRNVPLAPNVDLKVLARGTPGFSGADLMNLVNEAALMAASRNKRVVTMQEFEDAKDKVMMGAERRSTAMTQEEKELTAYHEAGHAIVALNVPVADPVHKATIVPRGRALGMVMQLPEGDRYSMSYRWMISRLAIMMGGRVAEELKFGKENITSGASSDIEQATKLARAMITRWGFSDLLGNVAYGDNQDEVFLGHSVARTQNVSEETARMIDAEVRKLIDDAYTNATKILKAKKKEWFALAQGLLEYETLTGAEIQEVIAGKPPSRTQKNENASPRTSSVPKAGASKAEFDQETLDKKDAHKADKEKEKLKAGMEKVKSNHAKSNDSVSKRKKSPGAEKKTQSTKKTPQAANFSGSKENTEKDLNAAERKGKQEPKA
BH04670,BH,MIKFFHAALLAIIGAIIVHICVLFLIPYWAKNNIWTELKKSGASYQFVDLDAHNSFQQTSDPFFRLKVCRFDLENGPVHLKALKTNQFWSLAAYTQNGIIFYSLNNRTAPDATLDLIIGKPIQIIELKQSKPKNNANSVLIAKNLKKGFVILRIFSPSLLAKKESEAFFSSATCRILNE
BH01350,BH,MEFSKKIFLLMFFVVILMVTYWARKQSSEQFIPLVDKTTNASHKLSKVSMGRPPTNVVVDLVKIQDFHKRLNVLGSGQAFASVELTPWSSGVINKFFVSAGTKVQVGDVIAKLDSKKEEIAAAKAKVQRDNSASTLSRILKLRASKTATEVQEINARLELDNANLALRNAELDLDRRTIRTPISGTVGILPIDEGNAVALNTVIGRVENRERILVDIWVPERYASHIHKGDEVTATLMAQPDKTFVGHIYAIDNVINPESRTLHVQIEIKNEKDTLMSGMSFSVALQFYGDLLPVVNPLAVQWNSKGSFVWRVRDGKVEPIPVSIIQHKADQVFVKAALKSGDQIVIKGVQMLYPGSQVTIDDSKARQQQLLSLPEQDVQ
BH03860,BH,MLKEFKEFALKGNMIDLAIGVIIGGAFGGLVNSIVNDIFMPIIGLITGGIDFSNMFIQLAGEKQATLSAAKAAGATISYGNFITLLINFLIIAWVLFLFVKSMNKIRRKQEEEETSKKMSLEQQLLSEIRDLLAKKK
BH11730,BH,MKKITKLAVLSAISTATIWVPLGTTLADTKLTYSEEITKKIEDMKKEMKTNFPSHNFSAHSVLEKHHPYYPSSNHHHHHVDHKRREQSHHHTERKTHRHVERKITTHRHIYEHHVTTRNNSGDALASGIIGLAAGTILGNVLKKPEQPKIIYQTVPQSRVIYQEIPQVVYQQIPQNQVIYEVQPTGTYQPIQQPWTTDWLQYCKKKYRSFNPKTGTFRGYDGLDHFCYAPLK
BH11710,BH,MKKLVISFVFVSLFLTATVSGAADAFVTRNLNFRTGPSIQCTIHGLIPAGKLVFVQNCKANWCQIRYNTQTGWVSSRYLSFKDGSDLYETYTMLPITNHSKYSHSP
BH15180,BH,MLKSILKVAVISTIGLSTVACTVNDQRIARYGVGGAAIGALAGTAIAGSTPEAALTGAAVGAIAGSVTGAAVNQQRQQRQRQQRQIVAPHPAMCTYRNRKGQVYSAPCAQKVQTPQLCTYRDGRGVMYQAPCPQRVR
BH15170,BH,MVVPLLRLDRICLTFGKTPLFNQACLAVEQGARIALVGRNGCGKSTLLKIAAGIIEPNEGEIFRHPRATLRYLSQNPDCSGFEDVHAFVEAGLDHVPDAQWINTLLANLGFSGTEKLANLSGGERRRVSLLQAIAAKPDILLLDEPTNHLDLPTIEWLEGTLFSLRSALVVISHDRRFLENVTRSTVWLDRGITKRLEKRFSEFENWRDKALEEEALEQHKLRRQIAREEQWLRYGVTARRKRNVRRLGALKELRQLHQTYKGPSGSALLTVAKSHDSGQLVLEAKRISKSYGERVIVKDFSLRVQRGDRIGLVGPNGIGKTTLLSVLIGQEAADSGTVKHGYNISMAFLDQQRILNEEETLAHYLTGGRGDTLVINGQERHVVSYMKDFLFLPEQARTPLKEFSGGERARLMLARLLSRPANFLILDEPTNDLDMETLDLLQEFIADFAGTVLLVSHDRDFLDRTVTHMLAPQGDGHWILYAGGYSDMIAQNKHAALLGCKEGAVSQGKALSNPRVLENKNSNASTNRASMEPEKIKPRKLSYKQVYALEKLPEQIAVLQDEIKKIEQELFDPALYCNDKERFERLSIKLQEKQKLCAGKEEEWLELELLREDIEGVKS
BH05080,BH,MIQKEKMHKNKEKSGILEFVFVLVQALLLAALIRTLFFQPFSIPSGSMRPTLLVGDYLFVSKYAYGYSRFSMPFSPPLFSGRILASQPQRGDVVVFRLPSNPDIDYIKRVVGLPGDRIQVRQSILYINDEPVSRHFMGKVENVDITEVNYPVKVYRETMPNGVSYDTLDLAFIPQVDDTKVFEVPSGHYFMMGDNRDNSDDSRLDVGYVPEENLIGRASIIFFSISNGSSAWQIWRWPFDVRWNRLFSFINTVHDLPLIKQGINDEASND
BH07250,BH,MKQTLRLLGAVTLFGIAGCHLGGPPTSSIGMWEKPGADFTEIGKALLECGMPTPYDRDPENDNRSFNQMATVYACMVQSGFHYENEHEGGWCYTFRAENLPICRPGAVIPQRSVKKRLNSPFCKKYKNSRKCQP
BH09420,BH,MRDIVIVIVGILILWSIVSDMWEEAENGRNTEFQGTLLLVIVLGVLWYLEFSRNFLLIVAILLFAWRNYLGIIANSEHDRLVEYSQMAFDYENEKINKAIIQRNEAVKENSRMVDRHYKAIKERDKTIEELSEKLWQQQKQIMIMEKQNESG
BH16560,BH,MNIHEYQAKRLLHEYGAPIANGVAVYSVEQAEKWAKKLPGPLYVVKSQIHAGGRGKGKFKELDPDAKGGVRLAKSVEEVVANVKEMLGKTLVTKQTGPEGKQVNRLYIEDGADIERELYLSLLVDRNVGRVAFVVSTEGGMDIETVAEETPEKILTLPINSTQGVTSSDCARLCDALDLHDSAREDGEKLFPILYKAFCEKDMSLLEINPLIVMTNGHLRVLDAKVSFDNNALFRHPDILELRDTSEEDPKEIEASKHDLAYVALEGTIGCMVNGAGLAMATMDIIKLYGAEPANFLDVGGGASKEKVTAAFKIITADPNVKGILVNIFGGIMRCDVIAEGVVAAVREVGLKVPLVVRLEGTNVEQGKAIISDSGLNVIPADDLDDAAQKIVAAVKGA
BH07220,BH,MKKILKLLSCVVVLTIAGCLNQPPPSTLALWEKPGADKAMTQQALTKCGWKPVYASSDDMNSYASEFASVYECMKKAGFRYKLQDSKGIYFSPSAKSGSFLSNLMVAGYQQFMENDSFGVSNSTKHERELMLRIEKEKKRQKTKKSLQR
BH15470,BH,MKKNFIKNFIKKRKKLSFLLIAIFLIILFLWLRSVFFGTSSPVYMTVVVKRGDIEESILASGLVRPYRLVAVGARTTGRVVSMRVFPGSIVKEGDLLAEIDPTDQENDLKRKKAALSHYYASLLEQEAYLALAQKNLERQKKMIGVRAISRAELDDAATQVKIREAQVAQLRQQIIQAQIDVDSAEVNLGYTRIIAPSAGTVLATVVEEGQNVNAVQSAPTIVILGDLSKMTVKAQISEADILKVQPGQSLYFTVLGNSQRRYEGVLERVEPAPESIRADVSINPGMVGGSSALVSSAIYYNGIVHVDNADNFLRTYMTAQVHIILGRAQDVLLIPSDALRDETNERKAWVSVLVGKDKVVAKQVTVGLNNKVMAEILSGLEEGEVVITGSPDGVMPDIPDEQSKNES
BH13290,BH,MKKYSLVTLLSLFCISHAKAQTATLTDEYYKKALENTQKLDVAKSQTAESIYESATQTANKIKDINNQLANLKADTKTKPEQLQALQIELTLLQAQLQADTLKIQSLAMIQAKDTKTKEELREEQTQKKHEDLQKQLKEKLEKSDVRL
BH05380,BH,MSDVNNQRLLKDVDDSSSNHIINNKFLLAKKRKKSFIVRNPLVILGHFFLMLIVVFILAISIPLYIGKSIFEGKGITEKEQVVLIYPGTGIREIASLLEKRGFIRSSDVFVYGVGYHQKTTDLKAGEYLIPAYASMRDIMDILVKGKSIEYTFTVPEGLTVQQVFDRLAANEILIGDLPKVLPPEGSLMTDTVHFIRGTTRKEIINRLREGQTKLIHAIWATRSPDLPIKSIDEFVILASIVEKETGIAAERPKVAAVFYNRLAKHMRLQSDPTVIYGLFGGKGLPSGRAIYRSDLEKETPYNTYKIKGLPPTAIANPGRDSLKAVAHSPSSDVLYFVADGSGGHVFSRTLEEHNINVRKWRALKATH
BH16530,BH,MTTEIRVPTLGESVTEATVGKWFKKLGEAVAVDEPLIELETDKVTVEVPSPVAGKLSEIIAKEGDTVEVKALLGLVEAGAAGISQSFSPSATPIPEVPSELKQSSSSGAMQKDTMPPSPSAAKLMAENNIAKSNISGSGKRGQILKEDVLGVLEQEVKAPSVSAASSSASLVQEKHEERVRMTKLRQTIARRLKDAQNTAAMLTTFNEVDMSAVMDLRKRYKDLFEKKHGVKLGFMGFFTKAVCHALKELPAVNAEIDGTDIVYKNYVNVGIAVGTDKGLVVPVVRHADQMSLAEIEKEIGRLGRLARDGKLAVSDMQGGTFTITNGGVYGSLMSTPILNAPQSGILGMHAIKERAMVVGGQIVIRPMMYLALSYDHRIVDGQEAVTFLVRVKESLEDPERLVLDL
BH13260,BH,MTDTISRNIIFIIIMLLLTALVVSDPSYAAAATGSASGLGNVDNVLQSIVTMMTGTTAKLIATICVAAVGIGWMYGFIDLRKAAYCLIGIGIVFGASALVSKLTSAS
BH11080,BH,MNTKKDLRFRESQPRINTTARLHGCKLGRYVEINERVVLRDVTVGDFSYFEHNSEAIYSDIGRFCSIASHVCVNALEHPMERLSTHKITYRPNEYFRYMSLDRSFRERRCEKRVTVGHDVWIGHGAVIMPGVAIGHGAIIGTNAVITKDILPYTIVAGVPAKPLRMRFPDNVIQTLLEMAWWNWPLDKIYNALSDMQNLPIEVFIHKWK
BH08980,BH,MILWGKRYFVVVMAVLTAFFVALVRVFRLGKKTERQKQTETIVNRAITRLEIENEVNKKSNADVRSDLSQWVRK
BH14680,BH,MLRSFFSFVQRKALSFRSAQRVIFRALKTKKQHAALYLGYARALKPYSPKQAAVFTAMGIQELENYKQLLCLSCSNRAGTMDSACGRSSFVARKQPHTYSRTKTTTQTTKKPSKAQKQTLLTWIQPGLAGLMDGSVSTLAPIFAAAFATGDTHQTFLIGLSASIGAGLSMGFTEAAHDDGKLSGRGSPFKRGLASGIMTTIGGLGHALPYLISSFYIATIIAFIIVFFELWAIVWIQNKFMATPFWRASLQVLIGGALVFATGIFIGSI
BH07510,BH,MNLKCNKKLLVCTVMQNVLLVFLLAVFCAFFIWLYYFFQPRGYQATLTFSLSDSVGKSLPVDKQKNVITFLFSQTAFLNDSSLQNFSSNPFFKKEFHENIRLSRDGDLIKLTFEAATLEAAQQGLETWFSVFSEAIVKQKQKLLLTEQQFEQQYDAHAVLNIVQRFRSSINSFLHHNAKQTELNDLSVQLTQATLKRIHLTSLNATIKMMRENGRSLLSLSFIANNPVIAALESKRNLLETQRAHMVTQLGWTHPQIKAMTAELEALSHQLENKILQIAHQIHSDEVIARDFEGQLKKKISSFAKDQSRSLNQMFDELENKIRAEVDAQNKEMRKDTSLLQNTKVHVVVPTTLAPISFMTLYGKNVLVSVFASLMTLLGGVFLFYHCFGSKKDKLEEEGLKKDESFLLSKKIRNLEACITIEGLSDFLKGRASTIISIIGPEAARTAAKLSLHLIKERKTILLVDISGEQIEKVIGPHRGLSDILIGSAQLHDVIYHDYDTGVDILPQGLTNAVYAQDFSNNISHLLQELKKEYDFIILEMANEPKYGFEQFAELTDYYICSIVLNKQDWMLQMVNKFPKIVYRVVAS
BH07870,BH,MLNVRNASIIFTYPMLKMLRRFSIPILLAFLIPFLSGCGFNTIPTNEEKAHAAWSEVLNQYQRRADLIPNLVETVKAYATHEQAVFTNVVEARAKATQININADMLNNPEIMQQYLNDQANLSSALSRLMAVVENYPDLKANQNFLALQSQLEGTENRISVARRDYIETVRIYNTALKTMPTMLWAKLWFRDAKPMPTFTIDDNSQQTPKVNFN
BH15750,BH,MFGNKKGDEINKGAEQNYAEQKHEKSYTEYIEGAYGSSELASERRPIIPGARTLLIVGLIVIVAVPIALTWKALKMRNTVNVEEEKPQQTVQQIIPSYTPRVIEEPKVIEEPEKPTQTEELTQSIPPALAQLLQTTMPPHLMQDSEELARKRMLSSGLNNGGSSESSSEHPKGNTSGNERNNGVLFDQLQPVRLGQSHAAQLHNRDLLITQGTQIDCTLETKIVTSQPGMTTCHLTRDVYSTSGRVVLLDRGSKVVGFYQSGIQQGQTRVFVQWSRIETPSGVIINLDSPGTGPLGEAGIGGWIDTHFWQRFSGAIMVSIIGNLGEWVKGKINYGNKEKSSSQNAPQQSPELMVNEILQSSINIPPTLYKNQGERVNIFIARDLDFSDVYSLVTR
BH06770,BH,MKQTLRLLGGLALLSIAGCQFNKPPAGYLTAWEKNGVTDFTEVGKALLECGMPTPYDVFPENRNLSNNAWATIEACMIQAGFRDKVGGGTWCENHKVENLPICRPGAVIPQRSVKKRLNSPFCKKHPEQYECQP
BH11390,BH,MQKNSPYKSKKQLFLAVPETCYQTSPLFSIANTTVCFYRIKPTYQCNRILQRKPILYAPSFFALWALHFAVKNPTLFSSILCHGRQWTSPFALMWLKLRLQNERRFLGSDVPSLIIMKALHQYVAMSEYSALPIGRWLQLVKNYKKNCKNLSTPFFYLDNYNTNIHQIISKLQDEI
BH05670,BH,MLDIIRNATNSWIARIFLAILLLCFILLWGIPQLHTKSERDLISSGESIITIDDYRLALADQSARLALASRLGRMFTPNEMQQYQIPAFVFNQLQQDVLFDEQTRQMKINLSKDAIARKIGADNMFQINGVFKHDLFRNYLQQLHISESNFLDYYTKKEKRNQLISASLSGMKAPDLFYKALAFYQRETRIADYLVLDLKEKEIISEPHQETLQKWFETHRNKFRVPEYRTISFLSMELADFIKPKDISEDEVKNYYTQNSSRFITPEKRTIEELRFPTREAADNAVKKIADGLSFDDLVKAENKTLNDIKKGPFTENELPSYLSSEIFELKQGQISAVINDLQGPVIIRVTDITPAGPIPFEKVEDNIRQTLAQNRAADDIRNSYTEIENARFEGASFKELADQYKLPLRTITLDKTGKTIEGTILTDLPQKDLLLNSIYQSNEGADLDPLSLPNGGYLWYKINTIIPARDKTFEEAKQEVIAQWKKEEIQRLLDEKAKDALKQLTEGKSLVSLAHILGVTKQTTQPLRRQDSSEILGFEGVKALFSGPKGHYGIVKGPIAKNRILYQIKEVTTPKDISPHTLSSDIRSNIDMMIREDLKLEMLHVANKEHPLKINSANYNQIFQALQ
BH13200,BH,MIIGLLNQKGGVGKTTLSVNLAASFARTGARVLLIDVDPQGSALDWAAAREGAPLFPVVGLPRATVHKEITQIGHNYDHIIIDGPPRVTDLARSALMASDFVLIPVQPSPYDIWAADGIVKLIDEARVYKENLKSAFVINRKIVNTAIGRDVGEALGVYPVHVLSANVAQRVIFAEAATQGKTVYEVDKQGLAAAEIEAVAAEIKELAQ
BH15730,BH,MTKKQVKPIKAEQLNSYYEESRGLERELISEFIKSRKTAWRVAGVVGVFGLFGMMCGVVGFSQPAPTPLVLRVDNTTGAVDVISVMREHETSYGEVVDRYWLNQYVLNRETYDYDTIQLNYDTAALLSAPTVQQEFYKIYEGENARDQVLSNKARIIVKVRSIQPNGLGQATVRFTTQQYNSNGTAEAKQHQIATIGYTYVGAPMKSSDRLLNPLGFQVTSYRADPEILLNN
