BRU996,BRU,MVTNFSPLRNDPYMDIPVYSPYLCGNFKKYVNECLDTGWISSRGEFISRFEDAFAQYVDVPSAASVANGTVALHLALDALGIGAGDEVIVPTFTYIASVNTILQTGATPVYVDSLENTLQIDPEGVRLAITERTKAVMVVHLYGHPCDMDSIREICDEKSLLLVEDCAEGFGTKWKNSHVGTFGDVATFSFFGNKTITTGEGGMVLARNPQVMEKCRHLKSQGTSPTREYWHDALAYNYRMTNIQAAIGLSQIEMADEILSLKARTAASYASKLAGLPLRMHTPVGDVKHSYWMCSIVLDNSEHREPLRQHLRENGVDTRPFFPPAHRMPHSASTGSYPVADSLSARGLNLPSFPHITDVEISFVCDLVRSYFSNHSNHI
BRU989,BRU,MSENNDAAHAPENVDKRRFEDLPPAAQRALKEAEARRAAEKAEKLPREIGGRGGKDPARYGDWEIKGRTIDF
BRU975,BRU,MSDQKFISIRGAREHNLKNVDLDLPRDKLIVMTGLSGSGKSSLAFDTIYAEGQRRYVESLSAYARQFLEMMQKPDVDQIDGLSPAISIEQKTTSRNPRSTVGTVTEIYDYMRLLFARVGIPYSPATGLPIESQTVSQMVDRVIALEEGTRLYILAPIVRGRKGEYRKELAELQKKGFQRVKVDGTFYEIADVPPLDKKYKHDIDVVVDRVVVRPDLSTRLADSLETCLKLADGLAIAEFADKPLPVGETAEGGSANKSANETHERILFSEKFACPVSGFTIPEIEPRLFSFNNPFGACPTCDGLGTQQAIDPNLIIPDESAALKDGAVAPWARSSSPYYNQTLEALGKAYGFKVSARWSELSEEARQAILYGTKGREITFHYDDGLRSYQTTKPFEGVIPNLERRWKETDSAWSREEIERFMASTPCPACNGYRLKPEALSVKIGKKHIGEITEMSIRKADAWFRDIDGSFNEKQREIAARILKEIRERLQFLNDVGLDYLTLARNSGTLSGGESQRIRLASQIGSGLTGVLYVLDEPSIGLHQRDNARLLDTLRHLRDLGNTVIVVEHDEDAILTADYVVDIGPAAGVHGGKVIAQGSPQDIMANTNSLTGKYLSGAMEVAVPAERRKISKTKRLRVVGARGNNLKNVSADIPLGTFTAVTGVSGGGKSTFLIETLFKAASRRIMGSREHPAEHDRIEGLEFLDKVIDIDQSPIGRTPRSNPATYTGAFTPIRDWFAGLPEAKARGYQPGRFSFNIKGGRCEACQGDGVIKIEMHFLPDVYVTCDVCHGKRYNRETLDVLFKGKSIADVLDMTVEEGAEFFSAVPAVRDKLETLVKVGLGYIKVGQQATTLSGGEAQRVKLAKELSRRATGRTLYILDEPTTGLHFHDVAKLLEVLHELVEQGNTVVVIEHNLEVIKTADWVIDLGPEGGDGGGEIVAVGRPEDIVQEKRSYTGQFLKELLERRPKRSSQAAE
BRU974,BRU,MLITGRNKQTALMASLPALFALAGTAMAQDTAPAPTLDTGDTAWMLTSTALVLMMTIPGLALFYGGMVRKKNVLSTVMQSFAITCLMSILWMIAGYSLAFTDGGSLHSYIGGFSKVFFSGVTMESLTGTIPEYLFITFQMTFAIITPALITGSFAERMKFSSMLVFLTLWLFIVYVPVAHWVWGGGFMASDGVLDFAGGTVVHINAGVAGLVAALVIGKRDGYGHTNMAPHNLVLSVIGAALLWVGWFGFNAGSAAGANALAGVAMLNTQVATAGAALAWMFVEWAISGKPSVLGIISGAVAGLVAVTPAAGFVNPTGALIIGIVAGAVCYVAAVKIKHVLGYDDSLDAFGVHGVGGFVGAVLTGFFADATINPASEGATIGKQFFGAAITIIYTAIATVIILYVVKAIMGLRPGKQAEIEGLDIALHGEAVQ
BRU970,BRU,MSDTAERVKKIVVEHLGVDADKVTEGASFIDDLGADSLDTVELVMAFEEEFGVEIPDDAAETILTVGDAVKFIDKASA
BRU969,BRU,MHNFRELEMSLISIGTLGGTIAMVEGGSGGGVVPTLTADALIAAVPQIRNYAQIKAQSLFQLPSPSLKFRHGLEVIGWAENEVKSGADGIVLTQGTDTLEEMAFLLDLLWEHPQPLVLTGAMRSPRAPGADGPANLVAAVLTAASRLSRERGVLVAMNDTIHAARWITKSHALSVQTFVSSDSGPLGYVYEETPVYINTLSRLPKIDRTQFNADVKIGFYESLLDGDAQMLRSMFESGRYDGIVVAGFGAGHVSGDEADIIERYASRIPVVVASRTYGGRTATKTYGFHGSEIDLQTKGAMLAGWLSPPQGAVIAMGTTGSG
BRU966,BRU,MTPSDQGVEQSGVTLGIDFGTTNTVLSVAAPDGTTAVLSVPKDGVEITGYRSILCFWQDRETGERTAESGPWAVDAFVNAPHSTRMLQSFKTFAASKSFKDTPVFGRRFKFEDILQTFLETVAAKLGDRLPPKGNRVVIGRPVIFAGNAPDEALAMLRYEKAFRAFGFTDIHYVYEPVAAAYFYAQQLTADSNVLVADFGGGTSDFSIVRFEVGKEGLRFTPLSQTGLGIAGDTFDYRIIDNAVSPLLGKGTEYESFGKRLTVPNYYYANFARWNTLFLMNSPATIRELDELARQAVDPKPLESFIHLIENDYGYEIYRAVSELKVRLSSQHIAELHFKADDFEIRSDITRNDFENWIDGDVRQIERSVQQAVEKAGLASSAIDRVFLTGGTSFVPVIRTVFESRFPDAMVTSSNQFDSIANGLALIGQSGDIDRWSV
BRU961,BRU,VAGDEQDGGSDPATLFGALLEKPHGKVDASGKDEAEAKSDEKEAGDGSGQKPVAVFGLPQNLLSLASALPGQQHGEGGFSVEEKAGNPACAAVSEPGMVDVVDPAGIDKAAAEFAGDDEKRPLRELPRVKAAQTNGDLAIRAGQASGEAALDISGDISGNKLAEGAAADVAGIKAPKPATDHEPAKGMDVRADLLPQQAAAKSTVPAEAKAAAGMPEAARIADIEVVSERSFGTVKTLQIRLDPVELGAVTARIRVAGDSVEVHLVADKSHAAEMLAADRSMIEKALKVAGVGDDTKISVTVADRNAQGAAQHVAAAQNAGQQQASAQQQGHQLAFNMQQQGSQGRGGEAQAQFMSGRSGGEGGRNGGSGQAGREHANSQAKPENGRGAPHIGGRGLVV
BRU958,BRU,VLRHMLKEERMSDPKSIVIASAARTAVGAFNGAFANVPAHELGAVAIKAALERAGVDAADVDEVILGQVLTAGEGQNPARQAAMGAGCPKETTAFAINQLCGSGLRAVALGMQQIVSGDAKIIVAGGQESMSMAPHCAYLRSGVKMGDFKMIDTMLKDGLTDAFHGYHMGITAENIARQWQLSRSEQDEFALASQHKAEAAQKAGRFDEEIVPFTVKARKGDVVVSADEYIRPGTTMEVLAKLKPAFDKEGTVTAGNASGINDGAAAVVLMDAGEAARRGVKPLARIVSWATAGVDPSIMGTGPIPATRKALEKAGWSVGDLDLVEANEAFAAQSCAVVRDLGLNPEIVNVNGGAIAIGHPIGACGARVLTTLLYEMERRDAKRGLATLCISAAAWAWPFVSSGIDPVLERHLKPTANFGRVPEEGCFFPAKVNAEPKHAGESVLFRLRPMACDCGQIPDVVRTNTENPAISDSSLIRSRVVPYINRALPPHPSLGKASARIET
BRU955,BRU,MIRWLHRWSGIIAAVLLMVLALSGAALSVFPAMERLSAPQAETGLSVADLMARIQANYPAVEQVRRTPSGKITAYWFDDGAQAAVIDPATGKSVAPANPNRLEQWLKGLHRSLFLGDSGRIVMAIGALIMLGLSISGAFLIARRTGGWKNWFKPLRGAASGRLHTEVARIAVLGLLLSSTTAVWMSASTFDLLPKSPVVAEPTGVSGETGMKPALIAKLEETPVSSFKELSFPYPGDATDMFVLKTDRGTGYLDQGTGAVLDWHDYTVWQRISQTVKMLHTGKGAALLGIILGLASLTVPFLGITGIVLWFAGLRGRPRIRDNAAAGKAETIVLVGSEGGSTWGFAATLHAALREAGQSVHVGPMSSFNPARYGKAQRILIFAATYGNGDAPASAKGFLDRLAALPKSPAAPLAVLGFGDRSFPDYCAFAKAIADGARAKGWKELIPFETVDRQSTQDFARWGRDLGAAIGIKLELVHQPVIPAVAALTLVSRRDYGADVQAPTAILRFALPKPTFWQQLSGAGFSRFEAGDLLGIVPEGSAVPRFYSLASGSRDGFVEIVVKKHPAGLCSGQLFELQPGDTMRAFLRRNANFHAGKGRTPLILVGAGTGIGPLAGIVRANRQHRPVHLFFGMRHPESDFFYHEDLQEWQGEGRLQNLTTACSRVHNPSYVQDALRKDAAEIARLVNKGARVMVCGGRDMAAGVSEALADILAPAGLTPAVLKAEGRYVEDVY
BRU952,BRU,MMRVVKRSAFYLLVALIILVAVFPFYYAIITSFKSGTALFQVDYWPKSLSLDNYTGVLTQGSFVRSLGNSLLVAISLLLAVTAAYALARVRFRGRGLLLLTILSVSMFPQIAVLAGLFELIRFLGIFNTPLALIFSYMIFTLPFTVWVLTTFMRDLPVEIEEAAIVDGASPWVIITRVFMPLMWPALVTTGLLAFISAWNEFLFALTFTSSGSQRTVPVAIALLSGSSQFEIPWGNIMAASVIVTVPLVILVLIFQRRIVSGLTAGGVKG
BRU1296,BRU,VSTLVLRDIGKSYGGNRVLDGISIEAAEGEFIALVGPSGCGKSTLLRILAGLDHADEGSVELAGCNITGAHPADRNIAMVFQSYALYPHLTAAQNIAVPLAMRDLTVMERLPVIGAFLPGQRDKRAAIQKQVRATAASLKIDHLLDRKPGQMSGGQRQRVALARALVRQPGAFLMDEPLSNLDANLRVHTRAEIVELHRRAGVPTIYVTHDQAEALSMADRVAVMMGGKLLQIDTPGAIYNEPRHIEVAQFIGTPRINILEALVSDNGVVHFAGRAILQGVAAHSGSNIRIGIRPEHFQLRPHDKTGIASTVSRIEFLGSEVLAYLKVPGAGQDLTVKLSPEDARDIVVGLPAGLHFDASKAYLFGEDGLRQPAGNIVKLASPAKATAHV
BRU1285,BRU,MPASPVTLNIVDVAGNLALTQPAFEAYAKANPDKVSKITFTKAPAPELPGKLKAQQAANRLDIDVVLTGTDALSAGHELGLWVKLLPEYSTSLPDLKTLYQEPAWRMQEAQGKQHGLAIVYYPSGPLLEYMPDKVKTVPRNLDELLVWAKENPNKFLYARPANSGPGRTFLMGLPYMLGDADPKDPMKGWDKTWAYLKELHKYIEYYPTGTGALMKELGEGTRYMTVTTTGWDINPRVLGVVPKEAAVSKLDAFHWVADAQFMAVPKGIGDDKLAVILDLMNYMLTPEAQAVTYDQGYFYPGPVVKDVPITMAPQSSQDAIAEFGRAEYADWIANNPIELPLEPAAMVAAFRRWDEDVASQPK
BRU1283,BRU,MQGSLATTSSQVNWVLTSYIVAAAILTPATGWLEERFGRRPLFIICVAGFVIASMLCGTATSIEQMVIYRMLQGAFGAPVVPLAQAVLLDSYSARMRGQAMAVFGLGVMLGPILGPTLGGWLTQYYDWRWVFYVNVPLGVMTLLLAFGFLEGKKGSSLARLDWLGFATLGLAIAALQLFLDRGEQLNWFDSTEIKTEFILTILGLYLFIVHTVTARKPFLDKRLFADRNFVMGQVLIFVIGAVLLATLSLLAPYLERLMGYSVLMAGLVLAPRGVGTMVAMVLVGRLTSVVDIKYLLLTGLALTAVALHQMSMFTPDVSQSTIIWSGIIQGFGLGFVFVPLSTITFVTLPADLHTQGTGFFSLMRNVGSSVGISVTTFLLSQNAAIVHAGLTNDISPYSRATQHFSSAVHLDTLAGKAMLNELITVQAETIAYADNFRLMMYITILTMPLVFFLRHTKPQKTSSAGKAVTAQ
BRU1278,BRU,MRFLPDKFTTMLIATILFASVLPVRGEFAVWFALATKIAVGLLFFLHGARLSREAVIAGITHWKLHVTVLASTFVLFPILGLAAGWAIPGLSQSPFYTGILYLCVLPSTVQSSIAFTSMARGNVSAAVVSASASNIFGMFLTPLLVGLLFAIKGGGGISMDALESILLQLLAPFVLGQVLQPFIGNFVRRKARVLAVVDRGSILMVVYLAFSEAIVEGLWRTVSWDDLGMMVGVNILLLAVVLLATWYGSKWLGFSRPDRITIMFCGSKKSLASGALMANAIFAGANVGNIVLPLMLFHQIQLMACAIIARKLAERHEIRP
BRU1275,BRU,MNAAPPRPPLQGLSKQLDKSRTRKNRMPRDGFVRETFTLPRQAARKKAREWFDTFPKAAYWTEIESWCERPDDVIEFTMRRLATAD
BRU1274,BRU,MLAALYNAGTINMNVGAAGSTLMVNGDYVGHDGTIVFNTVLGDDNSKTDKLMVGGDTAGNTNVQVVNRDGLGAQTVKGIEIITVGGQSNGVFSLVSDYRTKDGQKAVVGGAYAYTLHQGPARGANDGNWYLISQLEDIKPDNPATRRVSDTPDAPDTPAPRYSANVPVYEGYVQTMQALNKPSTLQERVGKRYMTGENGDGRTSGGMVDAHGIWARIQGAHDRLEPTTLTGMKQEINTFILQAGVDGQFYEDENGKLIAGITGQYGTARSNIVARDGDGRISTNAWSLGATATWIGNDGFYVDTQGQVTWFESDLNSDTADVGLASGRKATGYALSVETGKRIALNGNWVLTPQAQLIWSSINADDFEDVWQANISIARGNSFAARFGLAASYDSSWQGSDGRVVNTSVYGITNLYQEFLGGTRVNISGVDFSTDNDRTWAGIGAGGTYAWAGGKYLIFGQGTINTSLDHFADSYAIKGDVGFKVKW
BRU1267,BRU,MRVLTGALVACAAFGFATGWAQAVEISIAANSTGDNIKFLQEQVAKFEKDTGNKVNIISMPSSSSEQFSQYRLWLAAGNSDVDVYQTDIVWAPQLSDQFIDLTEATKDVTDAHFPSIIASQTVNGKLVALPFYTDAPALFCRKDLLEKYNKPVPKTWDEMAATAKDIMEKERADGKADLWGFVFQGNAYEGLTCNALEWIKSSGGGQIVEPDGEISVNNEKAAAAIDRARGWIGTISPQGVLGYQEEESRGVWQTGNAVFMRNWPYVYALSNSADSAVKGKFDVAPLPAMAEGEPPASALGGWNLAVSKYSTKQDAAIALVKFLASPEVQKAEAVELSRLPTIEALYDDKDVIAAQPFMANWKPIFQNAVPRPSAATKVKYNEVSSKFWTAVHKTLAGSGTAAENLELLEVELTELKGSGW
BRU1266,BRU,VPNMSSLFSAAVAGLSAGGAYAILGVCAIFTYRLVAVVNFTGAAIGAIGTFIMVALFGAGVPLVLAVLLGIAAGALAGILVGLVMTTWFANANASTKAAVTAALLVGIIAVGLRLTGGQHPHYFPEVISGSAFRLAGVEVTWAAVLTLVLSVAFTILTEQFLARTRTGLQLRALSQRPMAAELIGIRVRLLALGVWAVTGAVTAFALMVIAPLRSPDFASLSLLVVPALAAALIGAFSSFRAALAGGVLIGILEGAVSIIDIVSQYRSTVPFFVILAVLLWSQRGARWDEAR
BRU1265,BRU,VLCAASITLPSLPHEAGAAPLVTRSQRCERLKHQLQTALSGHVKIGRVHQVEVLQRRGARFCASKRQAQGLRAYAEALKLLGVKPDMAEPGTQGRSIPPSGTSK
BRU1262,BRU,MRWQSVGVEAPYRGRKIMRSAFMVAALAAGVSSFAFSAQAAGNLNLICSADVVICEQMKNMFEKDTGIKVNMVRLSSGETYAKVRAEARNPKTDIWWAGTGDPHLQAASEGLTLEYKSPMLDQLNDWAKKQAESSGFRTVGVYAGALGWGYNTDIFAKKNLKEPKCWADLLDPSYKGEIQMANPNSSGTAYTALATLVQIMGEDKGFDYLKKLNANVSQYTKSGSAPVKSAARGETGIGIVFMHDAVAMTADGFPIKSVAPCEGTGYEIGSMSIIKGAKNLENAKKWYDWALTAEVQSHMKDAKSFQLPSNKSAEVPKESPRFEDIKLIDYDFKTYGEPAKRKELLERWDNEVGAVAN
BRU1254,BRU,MMRIELVKRPQPSRLFSALSPVLALALTLIFGGLAFLVMGKDPLHALYVFFVEPLFDIWSWHELLVKAAPLILIAVGLCVCFLSNNWNIGAEGQFIMGAIAGSILPVMFPDLESWIVLPLMMAMGMAGGAAYASIPALLKVRFNTNEILTSLMLVYVAQLFLDWLVRGPWRNPEGHNFPETRQFNDSAILPEIWSASGRAHWGFIFALVAAVMVWFLLKHTLKGFEVKVIGQSPRAERFAGFSAGRMVFFVFALSGALAGLAGIAETSGAIGQLRPVISPGMVSRRSSLPFWDGLIRWVRLWRALCWRFPTLAARRHRWPLAYRKSPPVCFRA
BRU1249,BRU,MKRHHWLIATFACIVFAIIAPALAAIYTSSVVAAHREQIQLTLFATYAIERTDTTFSGVSQALMQTQMLTDKPCSKEHMDDLKRIAIETRPITEIGYFDDGLLKCTSWGMAGMRVAAGTPAFTTRNGVKVVLNMTASIPTTANMLGLQRGAYCILIDPKWFVDEIVPKGVQIAVASPDGTVVAALNHPDPAVIRQFLKPSDTKPPSRYLGAVVRGSDWTAIAITPRASIWTSMQEELLVFLPIAGVISTGMVILTIWLSRRRLSLRGELAIAIRRREFTVVYQPLIELKTGICVGAEALVRWRRPDGAMVMPDLFIPIAENSKMISQITEQVVANTVRDLGDVLAADEALHVAINMAADDLAQGRILTVVQRAIRGTGIRTEQIWLEATERGFMDPKSTRTIIEKARELGHSIAIDDFGTGYSSLHYLQELPVDTLKIDKSFISTLGTDSATSPIAAHIIAMAKSLDLIIVAEGIERQEQADYLIAHGVQFGQGWLYSPPLPAQEFIEFYKAQKATKGAGPAIIRKKKHA
BRU1234,BRU,VLASTSLLATVATSQAQEVKRDTKKQGEVVLKPITIISHGKDNIEATGGTVLTYKDIEKLQPANVSELFSRQSSIAVSGGGGPSKRIHVLGMEQSNLAVSVDGVPQTATSWHHTGSNVIDPAFLKRVEVEAGAAAADSGFGAAAGAIRYETVNALDLLEPGKTFGARIIGSYGTNGRGFSGSTAAYGLKDGFDWLLMLHGTSGHNYKNGDGTEILGTEPAARNILGKAGYEFDGNRIDIGYERSRDKADRLIKMNMGLPGDTEYPLEVARDSVNIKYTRTDATDMWDPEVQFYYNRNDYWRNDYQNRTNGNMILKEDLYGGKLQNTFTIDYGKITAGIDFGKHDYNTDNYGHNDRRYRKFNTQQVGAFTQGRFEFDNGFSLSTGARYDYSRFADWNDEVFSDSGASVNGTLSYKFNEHIEVFAGASRTWLGYVLGDYGYVHARNNAFYTDPTFSPGRARNYKAGVNFGGADWSAGITLFDTRIAGLPNYDSQKLGNDPEEYRSRGFTLNARYIWNYTTIGATFTKAKVTAGDDPVLPNSGSFMPIGDMATLFIDQEIPDYNMKVGATLAWAGRISDEAATAANFYDQPAYTVVNAYAEWNPPAVKNMTLRVGVENLFNENYYERTSFAPSQNRGGIDAVWAPGRTFTFQTAFKF
BRU1230,BRU,VRIWKMKKSLISALGLAVVLGLSAPVLAASSDTVPAAVMTPAKNIKQGQTMTAPMVKLQKAHKKAEMKKLEKAHKKH
BRU1226,BRU,MSDHQLTLPDDKASLRSYTLIGTQTPRPKSSPQFNRIAYAAAHVVSDPLKDTRPWNDPAIDWEATMAFRHHLWGLGFRVAEAMDTSQRGMGLNWAGAQELIRRSLAEARTVTGADLASGAGTDHLDPAEAKNLEDVVKAYETQAGFIEKHGGRFILMASRALARIAKSPDDYAKVYGRILAQAREKVVLHWLGDMFDPQLKAYWGSERFEDALNTVIGIIEANRDEVEGIKISLLEERYELALRNRLPEGVLCFTGDDFNYAPLIEGDGNRHSHALLGIFDAVAPQASAAMTALANGDTRRFRAIIEPTVPLSRKIFEAPTQYYKAGIVFLAWLNGHQTHFTMPAGMQSTRGILHYADIFRLADQANVLDRPDLATRRMKKLLAIYGIE
BRU1225,BRU,VFASFFPRPKLFFISALLWTLLAVLGWYMGGENLGSVFGLAPAASDAAPLIGAHVFWSRPFLWFYIYFAVITFAFYGFWVRFSPHPWQRWSILGSALILFATYFNVQVSVAINTWYGPFYDMVQKGLTTPGAVSAAEFYWGLADFAGIAFLAITIGVLNLFFVSHYIFRWRTAMNDYYMSHWPKLRHIEGAAQRVQEDTMRFSTTLEQLGVSLVKSVMTLIAFLPVLFTFSQKVSTLPIIGYVPHALVWAAVIWALFGTGFLALVGIKLPGLEFNNQRVEAAYRKELVYGEDHADRAEPITMRELFKNVRHNYFRLYFHYVYFNVARIFYLQVDNIFPLIILIPSIVADKLTLGLMSQITNVFDQVRGSFQYLVNSWTTIIELLSIYKRLRAFEAAIHGEPLQAVDRINLEPGAG
BRU1222,BRU,MRPLPVLEPYKLVRSLRMLQDQVVAGKPEAVVMLNKLLGFVSTDMSRAQPEVWDKPENIYAAIIYLFNGGNPEAVRKVLANLKTDTVPQELVKGALAYASGQTIEVVKLFSVPLAPEVPAELKASIVLVTANQMMAFDPATALLRLDQVRLEAPGTLFEEAAIRRSLPIAAKRGAADKVRLLSRNYLQRFRHSPYMRDFMAQFVDTTLKLSDRIGDEELVKLIGSADPLLQYTLYLQIARGALVDGQTERARFMSAEARKLAGHLNADPTRANLYAAASDVASDSAGSALRELSQISPDHLQEPDRKLLKAAETVGAIVTRAPDTTSRAKRSADEREVPRMAVADAPQLPAQQTLSAPVEVDFNPARTRSEADLQKTMENARRKLAEIDALLGKTVE
BRU1221,BRU,LHKRPAIVIALLGALTLLACVAFMTLGAKGSWSFVLSFRGTKLAAMVLVAYSVAVSTVLFQTVTNNRILTPSIMGFDALYILIQTLVVFFFGAVQIDWLGPNARFLAETAIMVVFAGTLYYWLFSGAARSLHLIMLVGIVCGVFFRSISNLMQRMLDPNLFAILQDRFFASFNAINADILVISAIVVAAVSLYGLRYLYVLDVLSLGRDPAINLGVDHARVVRKILFIVTVLVSVSTALVGPITFFGLLVANLAYMISGSARHRIVLPVAVLLAVLCIVGGQTLLERVLAFNTALSVIIEFLGGLFFIILLVRGNAR
BRU1220,BRU,MRDRPASHPIMCLSITASAMNSWPCCARKWKRAIAAHQQKKTARPSSTRRRKCGLQVCSPMPGKRAKPSLIELLPLTERTRLMPPALVMEPTPDSAIMREEIFGPLLPVISYRLLDDAITHVLEHDRPLALYCFSDNTAEIDMMLGRIIAGGVCVNDTLYHFSCSDLPFGGVGASGMGQYHGYDGFLTFSKAMPVLTKYAPAASDLIKPPYTGLTERLIRFIVR
BRU1217,BRU,MPRPIFNFDWRSEMNIKSLLLGSAAALVAASGAQAADAIVAPEPEAVEYVRVCDAYGAGYFYIPGTEICLRVHGYVRYDVKGGDDVYSGTDRNGWDKGARFALRVSTGSETELGTLKTFTELRFNYAANNSGVDGKYGNETSSGTVMEFAYIQLGGLRVGIDESEFHTFTGYLGDVINDDVISAGSYRTGKISYTFTGGNGFSAVIALEQGGDNDGGYTGTTNYHIDGYMPDVVGGLKYAGGWGSIAGVVAYDSVIEEWAAKVRGDVNITDQFSVWLQGAYSSAATPDQNYGQWGGDWAVWGGLKYQATQKAAFNLQAAHDDWGKTAVTANVAYELVPGFTVTPEVSYTKFGGEWKNTVAEDNAWGGIVRFQRSF
BRU1206,BRU,MQHVAGENPRAQTTALAMSATAFTVCFAVWTIFAIIGIEIRSELGLTETQFGLLVSTPILTGSLIRVILGIWVDRYGGRAIFTLTMLVSAVATYLLTYATTYPQMLLAALGVGVAGGSFSVGVAYVSRWYPPEKQGVALGIFGAGNVGAAVTKFFAPMVMVAFGWHTVAEVWAAAMVVMALVFYFTTNDDPVLVERRRKGEKPTSTLMELEPLKNIQVWRFSLYYFFVFGAFVALSLWLPQYLIHVYGVDIRFAGIIAAFFSIPASLFRAYGGHLSDVYGARRVMYWTFAVSLVATFILSYPPTDYVIQSDNGPLAFHAEMGVIGFTVTVFILGFFMALGKAAVFKHIPVYYPGNVGAVGGLVGMIGGLGGFILPILFGVLLDQTGLWTSCFMLLFVIVVVSFVWMHVSIRQMEHAAEGKATEELPAFAELQGLKKAEVKPATGESVLTDWRPDDPAFWEQKGRRIAKRNLWLSIPALLLSFAIWQVWSVVVAKLPLVGYQFTTDQLFWLAALPGISGATLRIFYSFMVPIFGGRLWTTLTTWSLVIPAIGIGYAVQNPDTPYFIFLLLALFCGFGGGNFASSMSNISFFFPKTEKGNAAALNAGLGNLGVSVVQFVVPLVITAGIFGKLGGNPAMVATAAGEAPLWLQNAGFIFVPFIIVTAFANWFGMNDIASAKASFADQAVIFRRRHNWIMCWLYTGTFGSFIGYSAGFPLLTNILFPEVNALQFAFLGPLVGALSRSGSGWLADKYGGGRVTIWAFILMMVGVAGVLYFVGIKDEPNAFWGFFAAFILLFFATGIGNASTFQMIPAIMAKDMERLMPMASAEERRRQADKESAAITGFTSAIAAFGAFFIPKGYGTSISLTGGPEMALWAFLIFYVTCLIITWGVYTRKGGLLDCSTTSSAASSRPQPPLEEKLRGYNHESTPRPPELPGTQECRHLLGRARRHHQ
BRU1203,BRU,MWYFSWLLGLPLAAAFAVLNAMWYELMDDRARKRLAADPTAELALEGNKHH
BRU1198,BRU,VRAQRENLRARPGQGRSFTPEADPYAPIGIRAGSFILKPSLEQGIKATSNGDNSSNGSRAILNETTLRLNALSDWLQHQASLDASGTFSKSISGQDVSEPQANILGRLRLDLANQTTVNAETSYRLRRESASSPNGVVDALKRPLVHTFAGRLGVERDTGLLFGRVTGGLEHDMYGNAELASGGTVTQKDRNNTYASVAIRGGFSLSPALKPFAEVELGKRMFDERIDSNGYERSGRQYALRGGLIFDRGEKFNGEIAAGYMQADSDDPRLANISGPSINAMVNWSPLRGTDMRFFARTMVDTSTTPGVAGSLQHFASLDVTRRVRANLSFNGKLDANIRQNKDGTGTDYTLGAEIGATYWLNRMVAIDARLRHEFQTSQVADREYQSNSIYVGMKFQK
BRU1196,BRU,MISLCQMSFAGVGAWVTGYLNLIEAPGGLAVWVLLGGLAAVPVGIAIGLPALRLRGINLAIVTLSFAAAFDTVLATITFPGQTSFTQVARPDLFASDRGYFLFVLLAYGIIAVVLEFISHSRLGASWLAVRHSERAAAANGISIPRAKLSAFAISAFISGISGGLLAGYLGTLVAENFSMMQSLALFAVATMAGAHFTLGALIGGVLIVLFPELLRRLNLPQDIGNVFFALGAVQALSSGETIAETWTRLAGKLFPRRNRQARSAAQALANSAPAIGEGTVLEVRDLTVRYGAVTALNKFNLTVPAGTVVGLVGPNGAGKSTLVDTIAGFLPRYDGTVLLHGKPLEALSATARAKAGIRRTWQTTRIAPELRVGDYIRLAAGPIGQTELESLLGWFGCPPPETPIASVDAGTRRLLDVAGAVASRAPVILLDEPAAGISYDEALKLGERIAAIPAIFGSAVLLIEHDMDLVRRACTAITVFDFGQVIASGEPAEVLDMPEVQKAYMGVDFEEAAE
BRU1190,BRU,MLTGSDAAPDNCAKTIFDASFRKVDGFSRQDYSSGLTGRLSERSRKGLGALSGGLPVATYWASCGLKR
BRU1189,BRU,LKVNPPDVRLNLVWWGCQRVRRECCGPVRESRGVRMLNTVSFFGALSIVFRAAILGANQSYARNQEITS
BRU1188,BRU,LCDCCSALVSGMQDCNQVIRCLPSCERCRPDSHPVDIPYGTGARHSYKMSQFSLGALSCFLSKAKRLFLINAPY
BRU1184,BRU,VAQAALPEISRLDGVSNFTLPNGMQVVVIPDHRAPVVTQMVWYHVGAADEAPGVSGIAHFLEHLMFKGTKNHPAGEFSARIASIGGQENAFTSYDYTAYFQRVSPEALEMVMDFESDRMENLVLDEEAVKTEREVILEERRMRIDSNPGAMLMENTDAVLFYNHPYRKPVIGWQQEMEKLSLKNAIDFYNQYYTPNNATLVIAGDVTPERVRELAMKTWANVHKRAEVLLRERPQEPAKHAARVVTLHDERVSTPSFRISWLVPSYANEKRFANVKPGDAPALDLLSEILGGSQLSRLYQQLIVKQGIAAETGASYDGDALDDGTFSVYGVPRNGASLGDVEKAVAAQVDRIIRDGVTQAELDQARNRFLKAVIFARDSQTGMARIYGSALSVGQTVDDIQKWPDLIKSVTVDQIKDVARRYLVKDQAVTSYLLPPDTEAESARKKPNAPANDASASGAGGAIQ
BRU1180,BRU,VEAKDHIERRPDRVSIRRLKLVNFRNYAELSLPLGPGHVVLTGENGSGKTNLIEAISFLSPGRGLRRAAYDDVARANAEGGFAIHAALDCMIYGDAEIGTGTAGGGEGGRKVRINRIAASADDLLDYARILWVVPSMDGLFTGGASDRRRFLDRMVLAIDTAHGKRVLDYEKAMRSRNRLLNDGSNDDQWLDAIENQMAELGTAIAAARAQAMRLIAAMIERLPAEGPFPKADCFLEGALESRIGVEAALDLEEDFRRTLRDGRARDRAAGRTLDGPHRTDLIVQHRPKSMPAALCSTGEQKALLIGLILAHARLTAELSGMAPILLLDEIAAHLDMGRRAALFGILDELGGQAFMTGTDRALFDALAGDAQFFNVSAGQLTGI
BRU1176,BRU,MDWKIREVVMIGTRLPAWTRVLACGVAGLSLMTISAKAEDVITLGASVQLSGPVANTGRYYQDAYNITIDKINAAGGVKVDGKPYKLALKIYDNQSNVNLSVRQYTQLVTTDKVNFLLGPFASNFALADSVISEKYRIPMVQGGGASDEIYSRNFKYIFGTLAPASNYFGSTVEMLKGLDPKVTNVALVYADDSFDVSVADGTRKLLKDAGFTIAADEKFATNSTDFTSLISQIKSKNVDAVLVAGHETEVLNFVRQSKSLAFDPKLYSFTVGVPTEDFRKALGKDANYAFGMTAWLPSADLKDRWFGDAAKFETEYKARFNYEPDYHAASGASDVEAFAEAIEKANSLDPQKVRDALASIKFDSLYGPIAFDKQGQINLPQIVVQVQDGKLVEIRGPAGQVNPPQYPMPAWNAR
BRU1174,BRU,LAGAGKKVILLEQEGENSIGGQAFWSLGGLFMIDSPEQRRLGVKDNLELARQDWFGSAQFDRPEDHWPKQWAEAYLQFAAGEMRPWLLSLGMRWFPVVGWAERGGSHAHGHGNSVPRFHVTWGTGPGVVAPFERLLREAMHQNLVTLKCRHRVNGIVTTNGRISGVHGDVLAPSSVERGQPSSREVIGDFEFSAGNIIVTSGGIGGDPERVRRAWPRERLGNPPEDMVLGVPAHVDGRGIDIAVAAGGHVINGDRMWHYTEGLRNWNPIWPNHGIRILPGPSSMWFDAQGNRLPAPCLPGFDTLATLKHILSTGYGYSWFILTEKIIRKEFSLSGSEQNPDLTGKDWKLLVKSRLGKTPPQPVKAFIDKGEDFITAQTLEELVAGMNRLTGENLLDAAHIRTQIEARDREIANRYSKDAQIMAIRNARAYLGDRLTRAVPLHALLDPANGPLIAVKLHILTRKTLGGLHTNLQSAVLDASGKPVPGLYAAGEAAGFGGGGYHGYNALEGTFLGSCIFSGRAAGRAAASTI
BRU1171,BRU,MALGREDYPGTPLAVVDCSVIAWPMEMMTAFMASNPALAVNTMQMIGRRLDAAHSRIREISTQEVEQRVAHAVLRLVREAGIQEDTGLRIDFPVSRQDIAELTGTTLHTVSRIVSQWQSKGWVEGGRQSLLVRDLRRLRQIAEGEI
BRU1169,BRU,MLCVPLPSGASSRKAADGFRWRLCSGKRHRRNPVKPSQGKTAETMTNTDKQNQMANAIRFLSMDAVEKANSGHPGLPMGAADIATTLYTRFLSHDPKNPHWPDRDRFVLSAGHGSMLLYSLLYLSGYEDITIDEIKKFRQLGSRTAGHPEYGHAAGIETTTGPLGQGIANAVGMAISERILNAQFGDSLVNHYTYALVGDGCLMEGISQEAIALAGHLKLNKLIVLWDDNNISIDGPITLSDNTDQPARFAASGWNTMAVDGHDQDAIAKAIELARVSDRPTLIACKTTIGFGAPNKAGTNKVHGSPLGAEEIAATRKALGWSSEPFVVPAEVLDAWRVAGLNAAKKRLEWEKRLSAVEAETRAEFERRMRGELPSGFDAAIVEYKKKLSADKPKVATRKSSEMALEVINGVVPETVGGSADLTGSNNTKTSQTKAVTPENYDGRYIHYGIRELGMAAAMNGITLHGGLIPYSGTFLCFSDYARPAMRLSSLMGIRVVYVMTHDSIGLGEDGPTHQPVEHLAALRAIPNHNVFRPADAVETAECWQLALHSRKTPSTLALTRQNLPTVRTEHREENLCAFGAYELAAASSDAKVTIFATGSEVEIALKARDLLEGKGIATRVVSVPCFELFEQQSDTYKEATIGDAPVKLAIEAAISLGWERFIGENGIFIGMKGFGASGEINDLYKHFGITAEHAVEAAEKKLNAA
BRU1167,BRU,MCFGSREFRQMMRQYELVERVQRYKPDVNEALLNKAYVYAMQKHRSQKRASGDPYFSHPLEVAAILTDMHLDEATIAIALLHDTIEDTTATRQEIDQLFGPEIGKLVEGLTKLKKLDLVSKKAVQAENLRKLLLAISEDVRVLLVKLADRLHNMRTLGVMREDKRLRIAEETMDIYAPLAGRMGMQDMREELEELAFRYINPDAWRAVTDRLAELLEKNRGLLQKIETDLSEIFEKNGIKASVKSRQKKPWSVFRKMESKGLSFEQLSDIFGFRVMVDTVQDCYRALGLIHTTWSMVPGRFKDYISTPKQNDYRSIHTTIIGPSRQRIELQIRTREMDEIAEFGVAAHSIYKDRGSANNPHKISTETNAYAWLRQTIEQLSEGDNPEEFLEHTKLELFQDQVFCFTPKGRLIALPRGATPIDFAYAVHTDIGDSCVGAKVNGRIMPLMTELKNGDEVDIIRSKAQVPPAAWESLVATGKARAAIRRATRSAVRKQYSGLGMRILERAFERAGKPFSKDILKPGLPRLARKDVEDVLAAVGRGELPSTDVVKAVYPDYQDTRVTTQNNPAKAGEKGWFNIQNAAGMIFKVPEGGEGAAAKVDPAATTPKPGKRALPIRGTNPDLPVRFAPEGAVPGDRIVGILQPGAGITIYPIQSPALTAYDDQPERWIDVRWDIDDQMSERFPARISVSAINSPGSLAEIAQIAAANDANIHNLSMVRTAPDFTEMIIDVEVWDLKHLNRIISQLKESASVSSAKRVNG
BRU1164,BRU,LLYRFGDTTQKAVARKHYRYKCGKKHFSVGLLQHLVLPQNYWLRRGFAMAFRLGRWSSGPG
BRU1162,BRU,MNSIPEGRPTPNLQRTANKRGVARLAAVQALFQMDVAGTGVMEVVAEYEAFRLGKEVDGTQYLDADPQWFRAIVAGVVEDQLKLDPMIHQALTEDWPLSRLDSTLRAILRAGAWELKARKDVPTAVIVSEYVDIAKAFYTEDEPKLVNAVLDRLALVIRGESRGAKPRHKS
BRU1161,BRU,LETGRKGGDLMRVTIIGAGVAGLATAAEFTDQGHAVTVIAKSAEIGSDSCSWFAGGMLAPWCEGESAEEPVVRLGQDAIGWWERHVSTVRRKGTLVLSHTRDMSELRRFARRTEEHETIDQNHLDTLEPDLAGRFRQGLFFADEGHLDPRRTLIELAERLRQQGVVFHLGVDAKDISVDADITVDARGLAARDSLQDLRGVKGEMLIVRSRDINLSRPVRLLHPRIPLYIVPRGDGIHMIGATMIESDDRRGISVRSTLELLSAAYALHPAFGEAEILEVGVDARPAFADNLPRVRRRGDTVYVNGLYRHGFLLSPAVARMAVAVATNAQAEAETMTDFVEDYA
BRU1157,BRU,LKTIIRRNVTGSTPKILLLACLTAAIFIVDTVTDYAIAAAVFYTVVILLSARLLTGKAVTGLASTCIALSVISFAFTSKGAFYEGLINTGISIIAIIATTYLGLKLVSAEIDVRESRERLLRLARMTTLGQLTSSIAHEVSQPLVAIEISASAGRRWLAQSPPNNERAAAAIERISVDSHRAIEILDRVRRLSRGEKPHVAPFDINEVVRDIVELAHNEITRHDIALDLDLTPGLPMALADRVQIQQVIGNLVLNAIEAIQEKDPPVRSLKINTALTEGARLQVAVRDSGGGIAPADQERLFDAFWTTKKGGFGLGLTISRTIVESSGGTIALGSTTPHGTTILFEVPTTQETEI
BRU1156,BRU,LHGILYEDKSMKSPAKTKISLNGVFKVFGDNPMRAMRELGAGKSKAQIHSDLGATIGVDNATFDIREGEVFVIMGLSGSGKSTLLRLLNRLIEPTAGSIEVEGRDIVKMSKRELIDLRRRDMSMVFQSFALLPNRSVLNNAAFGLEVAGMGEVERHQKALKALAAVGLEPYAHSMPDQLSGGMKQRVGLARALASEPTVLLMDEAFSALDPLIRTEMQDELKRLQAQHSRTIVFVSHDLDEAMRIGDRICIMQHGKVVQVGTPNEIISAPANDYVRSFFRNVDVSRVFKAADVARDDELIVFEAEQLATALERFDASGKAYGVLVDADRTYRGLVSRDALAAGQRLNDFAAIEADAPLSGLLVHVAKSPWPVPVTDRQNRYVGAISRSVLLETLGRAG
BRU1152,BRU,MANLDPFNALIAKPEKPLAHAASGPLAGERLAVKDIYDIAGMVTGCGNPQILAESPVARKSAPVVEKLLAAGAEFIGKAQTDEVAFSMMGQNSHYPYPINPAAPDRVTGGSSSGSAAAVAGKLADIALGSDTGGSIRTPASFCGLIGLRSTHGRIPLEGIMPLAPSLDTIGWFARDIALYEKVGAVLLGDDAQEFKLTQLLYMPVLEQLLLGQAETDAYRAMFAKVRPHFATLKAASQPTLSIDELYLAFSQIQGAEAWENHGAWISSGNRQLGPGIADRFAYGAEMTADMVKNQRARRARFAEEFEAIIGESAVLALPTVPGAAPLTGEPFEALQAYREQALRLLCLSGLSGLPQITLPLGSLRPGGTMYDAPFGISFIGPRGSDRTLIALAQTIISERS
BRU1149,BRU,MSLVEKNTASEDAFALSEATARDYLVLLKPRVMSLVVFTGLVGLVLAPGHMNPVLAVISILCIAVGAGASGALNMWYDADIDAVMKRTRKRPIPAGIIAPNQVLAFGLTLSAFSVMTLGLMVNWLAAALLAFTIFFYAVIYTMWLKRSTPQNIVIGGAAGAFPPMIGWAAATGEITWDSLVLFMIIFLWTPPHFWALSLFTTNDYEAARIPMMPNVKGELSTRRQALFYAVLMAPVGVLPWVMGFAGMFYGVVSTLLGLAFVYYAWRLWAADSQPQMLAAARKLFRFSLLYLAGIFAVLLFEALTFKLLAAFGVF
BRU1139,BRU,LNHRHDMSTTQAAAGDASQMETPHPNGSFTQSNADENHEQYWKQNLVICLLGSFTTLIAMSLLLPFLPLYVEQLGVISHAAIVQWSGIAYGATFLAAAFVAPLWGRLGDRYGRKLMLIRASLGMVTCVWQLVALRLFVGIAGGYSSGSMILVATQTPKDKTGWALGALSAGIMAGIMAGNLAGPLLGGALPPLIGIRATFWLAGGVIFLTFLATTFLIREERKPPKPTREEKTQSIWAAIPDKGPVVAMLVTGILLLFANMSIEPILTIYVMQLMDDQTKVTLVSGVVMAAAALGSILSSSRLGQLADRIGHTRVIIGALAVSALLLVPQAFVTDAWQLIGLRFLMGLALGGLLPCITSVIRHNVPDRVAGGILGYSVSAQYVGQVAGPVAGGFVGGHFGMRAVFLGTCLMMAAGAIYNWAVLRNSKTR
BRU1134,BRU,MGNGQGCHAIGPSGMAPCYVSSLRFQPCPLKMTDKISWTRLLAACQVVEKLATLYLKEKGFSGPGSGSPAVAGNVKDE
BRU1133,BRU,LFTMRCGASSPSSGAWMPTTRALAFGGLLADDGMDIEMVDAALHGDRFAPEGLDAARRAAWQSRDLATAPAHIQADVPEWCIPSLEELFGERWVSEGKALATRPAVDLRVNSLKATPEKTLAALEKAGAAPAPFLAQALRIPPIEALGRHPNVQGEQAFLDGWFEVQDLGSQLAALFAGVKPGEQVLDYCAGAGGKTLALAAAMGNSGQIHAYDAERARLSPMHERLQRAGVRNTQVYGGLDELGPLAGKMDLVLTDAPCTGSGTWRRRPDAKWRLNEQQLERRVQDQQDVLDSARRFVKPGGRLAYVTCSLFAEENTRQVARFLGENPDFKEIAPQTLWGTVVQDDSAGKPVFPSHGSVFSPLSTGTDGFYVSILQRQN
BRU1132,BRU,VLAVISLFIGVSDVSLHTLFGKASTDRATEVLLISRIPRTLAIILAGMSMAVAGMIMQMLTRNRFVEPSTAGTVESASLGILLVILFAPETPVFGKMLVASVSALAGTALFLRILRSIPLRSVLVVPLVGIMLGGVINAITTFIAYRFDLLQSLNSWTTGDFSGVLRGRYELLWIAFALTVVAYVAADRFTVAGLGEDFTTNLGLNYRRVVTLGLVIVSMVSASVVVTVGMIPFLGLIVPNVVSMFIGDNMRRAVPWVALLGAGLVLACDIVGRLIRFPYEIPIGTMMGVVGSAIFLYLLLRRGSRLA
BRU1127,BRU,MVKHTQPKEGQVRKSYKRVPVIRRSHAMWMSPRVWKPRLVFWCGALAIGIISVGFAEAADIAQDWFHSLTSGSPLRAWLPLLITPLGFMFCSWVALVWFPNSGGSGIPQAIAARHLNDHEDRSLLLSIRVATGKIVLTIIGLFCGASIGREGPTVQIGASIMLQAARFGGMEKARGLILAGSAAGIAAAFNTPLAGIVFAIEEMGRAYAARTNGLVLSAVILAGLASLGLVGNYNYFGFTTVTASTGKDWILTIACGIFGGAFGAAFSALALNMGRRVRRRVQKAPLRNMVIFAGICGLLVALIGIASGGMTFGAGYDQARSAVEGATLPPFYFVEKFTVGLLSMISGIPGGIFAPSLSVGAGLGSTIGLLLGTSASLAAVLGMAGYFAGAVQAPMTAFVIILEMTGNHSNVIPLMCASMLGYGTARLISHEPLYHALSRIFVADILRQRRAREKTIQPELT
BRU1119,BRU,MWSKRKVGALARPDRAHAAPGEMALGVVLNLDGKMKQEGSVQPLVDLTRADMARVNELILSRAGSDVEMIPEVANHLISSGGKRLRPMMTLASARMFGYEGDGHVRLATSVEFMHTATLLHDDVVDESDLRRGKSTARTIWGNQASVLVGDFLLGQAFKMMVDVGSLDALDVLATSASIIAEGEVMQLAAAKNMETTEDEYLAVIKAKTAALFSAAAEVGPIIAGAQRSDRAALRDYGLNLGLAFQLVDDALDYGGSAADLGKNTGDDFREGKITLPVILSYRRGTDEERAFWKGAIEGGASDDASLQKAIGLMMKHGAIADTVQRARHFGEIARDALAPLKASPQKDALIEVVDFCISRVN
BRU1115,BRU,MGYDGSVNADNVMRTFITSAPVVGPLLGKAGAAIDAALDKTPIGSNIIPGDTWSERYENALASQKGKDEAFGREHPYVQTGVGVAGGIAGTVPMIMAAPAAFGAGGGGLIARGLASGASGMALGGTDAAIRSDFDPEAIKLGAGAGLVMGGIGPAAGQAIGAGARKIGDVFASQSAAKAADMVPSALRYLNKAAIRDGLDAPAIQQRLADLGPEAMLMDISPNFKGAAGALANSPGEAQTIIRDALTKRMAGANQRVVSGLDDALGPVANPRAIEEQIRSGQRAIDYGEPFRNSRAVNTEPIAQGLESASVNLRGPAQRAANDVRKMLNITGTDQLDPNPGTLFQTRQAIDGMLATETNPKAVALLADTRKQIDSVLADKVPGIKMADAQFQELARQNEGLRMGVKALDSGREALRPDELRQAIVEGVTPEGLMVGPSAQTFRMKQAARADIDRQVGTKANDVVALKNVLKGEGDWNRDRIGMLFGQERADKALSLLDREARFANTNNDVTGNSFTAARSAAQKELFPSDASSFGVREAFAAGGVRGAARNLGTRGLDRLVGVLADSGVDARNAGLGEALAGNKQAIINALDQLQSSKDISPQMQRLIQAMMLERGIKAGESAQGLLTRF
BRU1114,BRU,MIARLAGRIILLNGWRRALAAFLSGAFATLTQPPFDIFVAGFVSFPVLVWLIDGAIARTDAGPLRRLLLAAKVGWWFGFGYFVSGLWWIGTALLVDADQFAWALPLAVLGLPAFLALFYAFAAMIARLLWSDGLGRILAFAFGFALAEWLRTFIFTGFPWNLIGYAAMPVPLLMQSVAVIGLVGMSALAVFVFAAPALLTGGHFARTGIGLAIFLALAHVGFGAWTLSRAPAIVDENGPLAVRIVQPSIAQAMKWDNAERRAIFDKLVGLTEEAPAEGKPRPDVIVWPETAIPYILESTPQALAHIGDALQEGQVLLAGAVREEKGADGGEPRYYNSIYTIDDRGRIVSTADKVHLVPFGEYLPFESFLRGLGLQEVVEMPGGFTAGTTRHALAVKDGRSFLPLICYEAIFPDELGYEGAGASAIINVTNDAWYGDTPGPYQHFRQAQVRAVEQGLPLIRAANNGLSAIVDTYGRITGSLALDAVGVVDSYLPSPRDPFWGRPPGWIQTVLILLTLLAASVGLILYSRRRFH
BRU1108,BRU,MHYLIGLILIIAALFSTVAMAEDAEGKITDINKDSETITLDDGETYKLPGEFDIGAINPGMKVLIIYDIVDHTRFITDIQEAP
BRU1400,BRU,LCCPARGADMTTFLQILLNGLMLGGLFAIVAVGLTLIFGIVKVVNFAHGEFLMAGMFVTWLITTKLGLHPYAAVIIVLPAMFILGALTQRLLIQPLMASDDGHAQIFATVGLSTAMINLALLIFGADIANTPNFGLRTPIEIGPLRVLTGQVFIFLGAIVLVVALQLFLKNSQTGHAIRAVAQHRSAAELMGVNVSRIYILCFGLGAACVGLAAVLIAPLYPTSSNIGTYFVLTAFVVVVLGGLGSIPGAFVGALIIGVIDTMSGYYIGSDLREAVVFGIFLLILILKPSGLFGKQLNLSHLSSGIFMSISDTIDRAGMNKSRLGKGQIAFCVLLASLLLLPLAINNAFVSHIFITICLFAALSTAWNIVGGFAGQMSLGHAVFYGIGGYTGVILFNMGISPWFSMFIGAFIAALVGMVISYPCFRLKGPFYSLASIAFLEVFRVLALHFGWLTGGATGLMIQLKLGWVWMVFRERWPSLLIVFGMLLVTLAITWAVRRSRLGFYLVATRERESAARAAGVRTVRVRLIAVAISSALCAMLGTFHAMYLTFIEPAAMFSLAFSIQIAMFALIGGLGTVAGPLLGAVLLVPITEWARASLGASALGLHGFVYGLVLILVVLFMPNGIMGAINRFVRKPQDSEETATARTEPIAAVPARAIKAPSPDRAGIGQDILRVQNLNKHFGGLHVTRNVSFTLREGEVLGLIGPNGAGKTTLFNMISGFLAPDEGTVNLCGADGQFHAPKNPADFAALGLGRTFQIVQPFAAMTVEENIMVGAFYRHHHEKDAREAARETAWRMGLGPLLGAEARGLTIGGLKRLEVARVMAMEPRILLLDEVMAGINQTDVRRAIDLMLSIRDSGVSIIAIEHVMQAVMSLSDRVIVLASGEVIAQGRPQDVVRDPQVVEAYLGKEFAHAHA
BRU1095,BRU,LRTAAWLVLLAILAVTISPIQFRPVTGEPVNLERLAAFLVVGGLFALAYPRHWLAVLMLTVGCAALFELLQRITPGRHGEFHDFLFKAAGAAIGVAVGHSLSRLRPFRQIE
BRU1094,BRU,MTKNWTPQSWRSKPIRQVPFYPDAQALNDVEARLRTYPPLVFAGEARKLKEQLAAVAGGKAFLLQGGDCAESFAEHGADNIRDFFRVFLQMAIVLTFGASKPVVKVGRIAGQFAKPRSSDMETKDGVELPSYRGDIINGIEFDESSRIPDPQRQDMAYRQAAATLNLLRAFAQGGYANLENVHQWMLGFVGKSPQAERYAALAQRISETMNFMRAIGITAESNHALRETDFYTSHEALLLGYEEALTRIDSTSGDWYGTSGHMIWIGDRTRQPDHAHIEYCRGIKNPLGLKCGPSLQPDDLIRLIDLLNPENEAGRLTLIARFGYDKVGDHLPQLIRAVEREGRTVVWSCDPMHGNTITAGGYKTRPFDLILKEVESFFAIHRAEGTHPGGIHIEMTGKNVTECTGGARAISAEDLHDRYHTHCDPRLNADQALELAFLLAELLKKERDAGVEKRAAIA
BRU1088,BRU,MKSFVVAPFIVVIDGPAASGKGTLARRIATHYGMPHLDTGLTYRAVAKALLDKGLPLDDEALATDAALSLDLLAMDKAVLSAHAIGEAASKVAVMPAVRRALVEAQRHFANALPSSVLDGRDIGTVVCPDAAIKLFVTASPEVRARRRFDEVLARGDTADFAEILADLKKRDERDMNRTDSPLRPAEDAHLLDTSEMSIEAAFLAAKKLIDHALAQHRG
BRU1084,BRU,MPKMKTKSAAKKRFKITGTGKVKAAAAGKRHGMIKRSNKFIRDARGTMVLADADAKIVKQFLPNGL
BRU1083,BRU,MALGLWAFATAAQATPTCKNGPIQLGAVSTVTGVVDFSDAPKAAAAVFKQLNDAGGINGCKIDYSIADDKGDPQVAAQAARDLIDNKAVVALAGGASLLDCAVNAATYNRNDVLDVQGVGVDPLCFNAPSIAPVNVGPYTLTTVMLDYAMKNLGAKKLCAFFLVIGGTQEAYANAVSSWEEASGNKIALIDMTLPAQGDLTPYVIKARNAGCDAVLTNQVEPGVVQWIKTVDAQKVQGINWLFLAPGYTEGVAKALADSKQPIYVGTEWEPYTEASEANADWIKTMDKAGLAKTAFSQGGYLAAKVMIDTISGIDGEVTREAVTQALKQGKELHYPMAGSPYVFGEAKAHSPMQATKVMQLDAGKWTVKTNDWFSVSKAD
BRU1078,BRU,LQSFRLLFETSLVPHAIAATGYEVANAAVIDGLRRAGADVTVLGFTWPGHRAAEDPDTIVLGEVEVRTENAGLKRKVCWVLKSFLTGLTVSSAKLRVIPEQKLRETIRQLGEFDAYVLNGVTLAGAFVDVFKDKPCLFVAHNVEHRSAEENAQNAGDIQKFLFQREAGILKGLETRLCQQASFVFTFAQDDGPALGLDQDHFVTLPLVTPGGMQIAQDRPVEYDLALIGTWTWHPNRIGLEWFLHEVKPLLPQDISIAIAGSTPADLIEAWPGVNFVGKVPDATAFVEAGALIPLISRAGTGVQLKTIETFELGMPSVATSHSVRGISQVPANCTIANNPSDFAAAVIKQLEKIRTGDRQKLDGKIFTRSQIKGMDQAIARGLAALRRRLGNTDCI
BRU1076,BRU,MARHSFFCVDGHTCGNPVRLVAGGGPNLNGSTMMEKCAHFLAEYDWIRTGLMFEPRGHDMMSGSILYPPTRPDCDVAVLFIETSGCLPMCGHGTIGTVTMAIEQGLVTPKTPGKLNLDTPAGLVAIEYEQDGQYVERVRLTNVPAFLYAEGLEVECPDLGPIKVDVAYGGNFYAIVEPQENYTDMDDYSALQLIAWSPVLRQRLNEKYKFQHPELPDINRLSHILWTGKPKHPQAHARNAVFYGDKAIDRSPCGTGTSARMAQLAAKGKLKPGDEFIHESIIGSLFHGRVERAAEVAGRPAIVPSIAGWARMTGYNTIFIDDRDPFAHGFSAA
BRU1072,BRU,MDLNFSVGGWADVAVNYILDHFTPALDMIAAAIGFVTDGIQNALIAVPPFAGVAILSLLALWRVGWKFAVFTLLALALIIHMDLWSGTMESLSLVLASTVIAVVIGIPLGIAMARSDAVASIVRPILDLIQTMPAFVYLIPAAMFFGLGAVPGTIATVIFAMPPVVRLTNLGIRQVHAEFVEAGLAFGCTARQLLFKVQLPNAMPSIMAGVNQTIMLSLSMVVIASMIGAGGLGNTVLTGIQRLNVGLGFEGGLAVVILAVILDRITQSFGKGGTGLLKRLAFLKRAAGEQPASSFRKQEA
BRU1071,BRU,LIAIWFKCGGNASGKNRFCCQYQERRLHPKPPWPRMSAMNDVVVNKPLTDIVISGGGPAGMMAALALGVRGYHTVLLGPETDKTDRRTTALMMPAIRFLEQIGVWAAIEPEAAPLQSMRIVDATRRLIRSPAVMFRASEIDEIAFGYNIPNAVLNAKLAEAVAASRNIRRITVPAIEYRPNGDHVTVTLKGGDTLHTRLLVAADGRNSGARDAAGIRTRRWSYPQTAVVLSFSHMIDHENISTEFHTEEGPFTQVPLKGRRSSLVWVVNPARAEKLLSMSDEALAVHIEEMMQSMLGKITLEVRPQAWPLSGLVPHVFAAKRTILIGEAAHVFPPIGAQGLNLGTRDVETLVKAIESDSVDPGSERVMRAYDRARRPDIFARTGSVDALNRSLLSSMLPAQILRGVGLEMLRSFAPLRAFFMREGLRPGSGFSHLLPRLPRLPGKADDAARQ
BRU1069,BRU,VLNPLMGSCTAFGCAGEAEAFPKCEVVSHSCWQCLWAGSYDWSNKFRRFRLLFSWAICLLEGGFPAVLERFLS
BRU1062,BRU,MDIRAGSPHIGAAPHITLLRLQKVGQIRTGKLPASKFRRVEMAQSQIERNVNSCLATLNPHNPIR
BRU1061,BRU,MTMQWFSLARLRAMLMKEFIQMWRDHITFAMMLIVPLMQLLLFGFAINNDPKSLPSALVALSNDHYTRAMISALETTNYYRFDHVVHSAAEADALLANGSVSFVVTIPSDFARRVDAGDRPQLLIEADATDPSVASGAISTLSTVASQALLREQGRQAEAENASRSQLEVVVHRRYNPEGISQYNIVPGLLGVILQMTMVMMTAMALTRETERGTMENLLAMPATPAEIMLGKILPYLAVGGVQMVVVLVAAKLIFGVPFVGSLTLLLSSVLIFVLSLVLLGYTISTVSRTQMQAMQLTFFFFLPSLMLSGFMFPFRGMPDWAQALGNIFPLTYFLRIVRAVMLKGAGLADIAGEVMALILFVFLFAGLALLRFRRTLD
BRU1056,BRU,VLPLPGEAEGASIGSISVRLRQSSGNAERDAAAQEAARRITKSLDGSEFSAIEAGEIIAELIRQEAISDARFYLLPSASQTGVKLVFEIDATSGTKTKQEPTGLFLGDTSSFPVLYESNRAVLRTIIGAGLGGYSDVNAWFGRPDLFNGRNPLAGKLPGRSNTWNEGYLELGVGGGAQLGESNLYGFGAVTGMFSWTLGQDISRDDDRGFLDFEKAYAGVLYVSPENRKNHFKFSAGRQAYTLNDGFLVNAVRGSTSAGERGGLYLGPRLTNDFSVLAQGAYDRWNYSAFFIDPNEVESLESDTTFLGANLRYNFTDKFSADTTLITIPNSKTQFSTPSGRLISREGLNTVSGHLKWTSAFEMPGLWLEGELAHQFHPGEDVSAWAYYGTVGYLMKEIGWTPSLSYRYAYFSGDDPNSSRYERFDPLLSTGLGIWLQGVSFGKITTNSNLETHRVQFNVAPDERLNLTFDYYLLRTPQLNNLGSNPALSTLSSHDLGQELSLSARWSATKSLYLQALVSHAIPGTALRDIGADRNWTTFQVSLYGGF
BRU1054,BRU,MKQAWVEFAPLLASAARGWRKAFDAAMAEHGLSDAKAIPLITLLRHGDCIPQGVLAERVGIEGATIVRIVDELEKDGLIQRIVDDADRRVKLIQLTEDGRAVATQVEKSAARLRAQFLGGFDLQEVDVAMEVLRKLNEKFQNQPS
BRU1051,BRU,MQPIDAEGGKMSDTVFVFVDTTQGANPPGGRRPGSPRRRGEPPLPGGSPQGLWQWMKGRMDRWICWAYTVLGTNLASITYWLSRQGLIGRRATFRLLRWTSALQARSVRRFRKASW
BRU1044,BRU,MSSNSLKFGTSGLRGLAVELNGLPAYAYTMAFVQMLAAKGQLQKGDKVFVGRDLRPSSPDIAALAMGAIEDAGFTPVNCGVLPTPALSYYAMGAKAPSIMVTGSHIPDDRNGLKFYRRDGEIDKDDEAAISAAYRKLPAILAARKHVGSTETDAALQAYADRYAGFLGKGSLNGLRVGVYQHSSVARDLLMYLLTTLGVEPVALGRSDIFVPVDTEALRPEDIALLAQWGKSDRLDAIVSTDGDADRPLIADEHGQFVRGDLAGAITATWVGADTLVTPVTSNTALESRFPKVLRTRVGSPYVIASMAQVSTGNSGPVIGFEANGGVLLGSTVERNGRSLTALPTRDALLPILACLATVHEKKTPLSTIARSYGFRVALSDRLQNIPQEASTAFLALLEDADKRASLFPAGDAIVRVETIDGVKLFFQSGNAVHYRASGNAPELRCYVESSDDTQAAKLQALGLEIARKALKDATRP
BRU1042,BRU,MRTKVVIIGSGPAGLLLGQLLTRAGIDNVILDRVSENYILGRVRAGVLEEGTVRLMDEAGASDRLHREGLPHNGFSLAFDGRDHRIDLHKLTGKRVTVYGQTELTHDLMSERHRSGAHGIYEADNITPHDFDTASPYVTYEKDGITHRIDCDYIAGCDGYHGVSRKSVPQKAIRIFEKVYPFGWLGVLADIPPVDHELIYANHERGFALCSMRSLTRSRYYIQCALDEKVEDWSDERFYDELRRRLPAHHAEAMVTGPSFEKTIAPLRSFVAEPMRFGRLFLAGDAAHIVPPTGAKGLNLAASDVHYLFEGFCANFISKIQPPASMPIRRALARIWKAERFSWSMTKMLHRFPDMGPFDQKVQEAELDYFCNSQAASTALAENYVGLPF
BRU1035,BRU,MTAHSRQDLETRLALAEKIVQEAGAKALDYFNRRETLVIETKRDPQDVVSIADRDVEQLIRARVSESFPQDGFLGEEYGLNAGSSGYTWVVDPIDGTSPFVNGMPNWCVSIAVLKDGEPVVGVILAPCFNELYVSAKGQGATLNGRKLALDPSRNIRNAVTGIGANNYVTPQLVAKVVENLLEAGGTFIRNGSGALMIAYVAAGRLVGYYEPYMHAWDCMAGFCLVREAGGYIHPFPTDGENLTKGNRVFAAAPGAVDDLKKVAGL
BRU1029,BRU,MTIKQSVVALLVVALLVALPYLVSESMTNAAIQMLIAALFATAFSLLCGHAGMLSFGHAAYFGLGSFAAVHVMNAFGGEGLLPTPLLPLAGAGVGLLSGLVAGWFSTKRTGVYFAMITLALAELLHALAPHLKGTFGGEAGVSSFRMPAWGFDFGSTTEVYYLALAWVVGSILLLFLLTLTPFGRVTVGLRENTHRLRFLGYNVHVLGTLVFAISAMFAGIAGALQAINIEAANYVVFEAGISTAVVLNSFIGGVGTFFGPAIGAAAMTFFGHVTSDVTRSWLLYQGLILVLVMMFLPRGLVGEAVERFRNPKGTGISLGHALGRLVALLVTAAGTIMIVELVQRFFSSDYKALASAGNWPPVTFLGREWLPFAVSTWLIPLALFAAGIALLTIVNRHRAKAKGEA
BRU1388,BRU,LGPIKSSIKRDWFFQVLISATTPRRLPVRTSALKYPTSDADHLIENNTDFSFASGNLKLAASGMRKVIATPAIGGSNPDSTFQRAIAQAFERAARAGQRNPIVVGAIPFDPGEPSCLYVPEEMDWQEREPASGASAAAMPQLAGQRSVPDEAGFKHAVEHAIINFRLSDVRKAVLSVMRELTFADDIDVDAMLANLRAQNHDGYQFRVPLPGGGALVGVSPELLIHKDKGKIVSNPLAGSAKRMADPEADRKNADRLAKSEKDHYEHRLVIEDIRARLQPICTELDIPERPSLIHTAALWHLSTRIEGRLHDPDMTALQLACLIHPTPAVCGFPTERARRLIRFVEPFERGLFTGMVGWSDAEGNGEWVVTIRCGTVKGNLVRLFAGAGIVEASSPDSEWAEVQTKLGTMLRACGLSA
BRU1026,BRU,MLLGAAQYLAETRNFRGSVALLFQPAEEGGAGGLAMVEDGVMDRFGISEVYGVHNMPGLPVGQFAMRKGPIMAATDEFDLFITGRGGHAAQPHRTIDPILAGSQLMIALQGIVSRNTDPLDSLVISATKFMAGEAYNVIPEKAKLSGTVRTLKKETRAFAERRIRETAAGIAAATGAEITVRYKNNYPVTFNHDAQTEFAARVAATVAGEGKVDTNIEPMMAAEDFSYMLEARPGAYIFLGNGDTPGLHHPAYDFNDDAIPYGVSYFVAVAETALAA
BRU1024,BRU,VHEDDPLMELSRIMDFDTPADDNVARNERRHDSQFEDQGRAEPRFDSAQDDPSFDPVLDLERELMGHFDDYTQPTAHSETVSTATFGVHGERAYGEQSPLEEDAFAAALEEEFDLDLGSAEAAPSPEIFEFEDVDRSEPVPQFDYNDYSQARDSSEHAHMASPAAYGDRQQPIEADAGEYDPTVYQPAIEPGEQAWREDTGVQDNWQAQDEWPAQNDRLEQNDWPAQNNWNAQQPVDAPATHFAAEPAQQPLSLEDELENLLFGDEPQPVASRNSYSDHVEPVSYAPEQPHQGEPEAPVSEPHLDAPSHAGQGYASRTGEAPAYPYYPRSNFAPGVAAPGVLSSGPQLKTPQAPIVQDFVAQDPFRPIEDEFSLEDDFTFEAEPETAAAAESTDDDLSGLDEISLTEDDFGFEPSGDTFDADVADTADEDFFNDEDFFTDVELDLHEEEQEASPAPAYAHAIHSGEDYRPAVSFAAYTDMQAPARMPAPEPAPEVETLTVTENKVEQTHSLDLPEVNYGEEEAGTNLSELEAEFAEVFSTIGVDENVQITEGQSEADRAFEDIFRESASTYMPNSGMAAAGLGAAAAAAAASYRRAGSEAAPAAATTASQDDFYNHWAAQGAQTMEGGDYGERAAMPTEDDLGGAAEAYRNRPVRGRRGLILASVAGVAVLLGGIGYHFLGGGGSGEPVVIRADNQPIKMQPENPGGTTVPNQDKAVYDRVAGTLPNNPEQKALITSGEEPVDISGTDDSEYNATEEPGGNVPQNDAQQAHSGTHEPLIQPREVETMIVRPDGTIIQPSFGHAAQPSVADNMAPPAAPAARDEIGALAAGNEPPAPQAQQSATPETPRLPTRAPIVPSRPAEQPVNIVGNVPQRAQASAAPQVASAAGAGGYFIQIASQPSAELAQKSYANIAQKYASVIGGHSVDIKRADIQGKGTYYRVRVQAGSKEDALALCSRLKSAGGSCFVTQ
BRU1022,BRU,MQVTDPLLIAREGAKYLQVSLPTFYRRIADGTLPKPIKMGSLSRWSQSEILAAVEYAKAKRNAGSPSPVKEG
BRU1020,BRU,MRVVLLFGSAALALGLIIVPILNDQASKMAAQSIVPDGIDRTMTGSIKRSAMAQKIEKHAVCIIEVNGRRHGDC
BRU1380,BRU,MKIAVIGTGYVGLVSGTCFAAWGHEVVCGDKNARKIAVLERGILPIYEPGLDELVERNCAEGRLRFTCNLAEAVRGAEMVFIAVGTPPRAGHGDADLSFVYMAARELAPLIDENAVVVVKSTVPVGTGDIVQKLIGSVRRAGTFSVASNPEFLREGVAIRDFLYPDRVVIGVEDERARKALLDLYGTPLKEQKTPIVVTQRRTSELIKYAANAFLATKITFINELADLCEHVGSDVSQLALGIGLDKRIGESFLNAGPGYGGSCFPKDTLALLRTAQDHGVALRIVEETVTANEARKRRMALKVLDALGGDVEGLTIAVMGLTFKPDTDDMRDAPSVPLIETLQRFGARIRAYDPIGAENARNILSDVELCDDPYECVRAADAMVVITEWDSIRRLDLSRVRQAMRQPVLIDLRNAYEPNVAENLGFRVSAVGRAATARHETSIKDALSLLASRSRRADSAEELVPEGGGSNDL
BRU1018,BRU,VNAETRPLPAGKSVAVKLLVAIMSILLEFSVAKGSLSSGSFAYAAPFPLR
BRU1017,BRU,MKIERRFTKENQSAYADIAFRTATSEIKNPDGSIVFRLENINVPAQFSQVAADILAQKYFRKAGVPACLKKVEENDVPSWLWRSVADEDALSKLPEGERYGSEMDACQVFDRLAGTWTYWGWKGGYFDSEEDAVAFRDELAYMLATQRVAPNSPQWFNTGLSWAYGIDGPGQGHFYVDWQTGKLTKSKSAYEHPQPHACFIQSVGDDLVNEGGIMDLWVREARLFKYGSGTGSNFSHLRGEGEKLSGGGKSSGLMSFLKIGDRAAGAIKSGGTTRRAAKMVVVDIDHPDIEEYIDWKVKEEQKVASLVTGSKIVKQHLTAIMKACVNCEADKDDCFDPAKNPALKREIKAAKKNQVPENYVKRVIQFARQGYTDIQFKTYDTDWDSEAYLTVSGQNSNNSVSLKDEFLRAVENDGDWNLTARRDGRVMKTLKARDLWEKIGYAAWASADPGLHYNTTMNDWHTCPSAGPIRASNPCSEYMFLDDTACNLASINLLTYRNKDGSFDIAAYEHTARLWTIVLEISVMMAQFPSREIARLSYEYRTLGLGYANIGGLLMTSGIPYDSKEGRAICGALTAIMTGVAYATSAEMAKELGTFPSYEPNAQHMLRVIRNHRRAAHGERQGYEGLAVNPVALIAEDCPDQDLIAHARAAWDKALELGEKHGYRNAQATVIAPTGTIGLVMDCDTTGIEPDFALVKFKKLAGGGYFKIINRAVPEALRTLGYSESQIAEIEAYAVGHGNLNQAPGVNPSSLKSKGFTDEKIEALNAALKSAFDIKFAFNKWTLGEDFCKDVLKLTDEQLNDFSFELLPVLGFSKKDIEAANIHVCGAMTLEGAPFLKEEHYAVFDCANPCGKIGKRYLSVESHIHMMAAAQPFISGAISKTINMPNEATVEDCKNAYMLSWKLALKANALYRDGSKLSQPLNSSLIADDEDEDDALEALIEAPAAARAVQVTERIVEKVVEKIIHEREKLPNRRQGYTQKAVVGGHKVYLRTGEFGDGRLGEIFIDMHKEGAAFRAMMNNFAIAVSLGLQYGVPLEEYVEAFTFTKFEPAGMVIGNDAIKTATSIIDYVFRELAVSYLGRNDLAHVDTSDFGNTALGKGIKEGKTNLVSTGWTRGYKPTLVTNTLPGNEAKGSVNSAPQASNVTTLKSSGPAANRPATIGLVTDGATAFKRDFEEQQPAPAPLQESSAATELFSDKAAADAASARAESANAAKKLEADRRIKSMMQGYTGDSCSECQNFTMVRNGTCLKCDTCGATSGCS
BRU1016,BRU,LLAAGFALSAQGGAAADTLSTVKERGKVNCGVSQGVAGFSSPDDQGKWTGFDIDFCRAVSAAVFGDPDKVSFIPLSTKERFTALQSGTVDLLSRQTTWTLSRDAGMGIHFVGTAYYDGQGFMIRKDLGVDSALKLDGASICTEQGTTTEQNVADYFGAHNIKYEPVVIDSADGILKAFETGRCDVYTTDASALYAQRLKLAEPDAYMVLPEVISKEPLGPAVRQGDDKWFNIVRWTLFALLEAEELGITQKTVAADLDSRKPDIRRFLGSEGDNGQQLGLEPKWAYNIVASVGNYGEMFERTIGEGSLLKINRGINALWNKGGLMYAPPVK
BRU1370,BRU,MWTKQKRKSIRGRFILPVLTAAFLSYFGFHAYHGEYGLYARIQLEEQKSLLNAQLAKISADRIALEKGVALLRDGSIEKDMLDEQARRALNLSHPDEVTIITSREDRSN
BRU1369,BRU,VKKVALITGITGQDGAYLAELLLQKGYAVHGIKRRTSQFNTARIDHLYHDPHEQGVDLTLHHGDLTDTSSLVRIMQLVRPDEVYNLGAQSHVAVSFEEPEYTANSDALGALRLLEAIRILGMEKQTRYYQASTSELYGLVQEIPQKETTPFYPRSPYAAAKLYAYWITVNYREAYGIYACNGILFNHESPLRGETFVTRKITRALARIKIGNQNRLYLGNLDSLRDWGHARDYVEMQWLMLQQDQPEDFVIATGKQYSVREFVTLAAKDIGIEMRWEGSGEAEKGYDAKTGACIVEVDPRYFRPAEVETLLGDATKAHQKLGWKPKISFETLVSEMIAEDLAAAARENLLREHGHQFFAPKE
BRU1368,BRU,MKYQSQKVAMLYFYGALALFVAQVLFGVVAGTIYVLPNTLSVLLPFNIVRMIHTNALIVWLLMGFMGSTYYLLPEETETELYSTKLAVIQFWLFFVAAGVAVAGYLFHIHEGREFLEQPFFIKVGIVVVCLIFLFNITLTALKGRKTTVTNILLFGLWGLALFFLFAFYNPINLALDKLYWWYVIHLWVEGVWELIMASILAFLMIKLNGIDREVVEKWLYVIVGLALFSGILGTGHHYYWIGAPGYWQWIGSLFSTLEVAPFFTMVMFTFVMTWRAGRKHPNRAALLWSIGCSVMAFFGAGVWGFLHTLSSVNYYTHGTQLTAAHGHLAFFGAYVMLNLAVMAYAIPEIRGRAPYNQWLSMVSFWMMCTAMSVMTFALTFAGVVQVHLQRVLGENFMEVQDQLALFYWIRLGSGVVVVISALMFVWAVLVPGRQRSQKLSGFAQQPAE
BRU1005,BRU,LRHCDSFCELIPMKGCEAILEWMIDQGAGREPADIVLKGGRFLDLITGELVESDIAICEDRIVGTFGTYRGKHEIDVSGRIVVPGFIDTHLHIASSQVTPHEFDRCVLPQGVTTAICDPHEIANVLGAEGIRFFLDSALETVMDIRVQLSSCVPATHMETSGAELLIDDLLPFADHPKVIGLAEFMNFPGVLAKDPECMAKLRAFQGRHIDGHAPLLRGLDLNGYIAAGIRTEHEATNAEEALEKLRKGMYVLVREGSVSKDLKALMPIITERHAQFLALCTDDRNPLDIADQGHLDYLIRTAIAGGVEPLAIYRAASVSAARVFGLFDRGLVAPGQRADLVVVDSLEGCHAEIVLSAGRVVSEALFAARKPVAEVGRNSVKAPRVTASNFRSQSNSGKTRAIGIVPGKIITQNLEFDLKVGPNGVEPDLERDVVKVAVIERHGKNGNIATGFVHGFGLKAGAIASTVSHDSHNICVVGASDEDIATAANRLGEIEGGFVVVRDGKVLAEIPLPIAGLMSTEPYETVREALRKLRHAAEDLGSVLEEPFLQLAFIALPVIPHLKITDRGLVDVDKFEFVGN
BRU1366,BRU,MKKFVLAAAALALSAGAALAENPHVGEPANLYANDRTPVATQKLDYTAPASIKAPVYQDGSAHRFGDASPSN
BRU1362,BRU,MLSSVFINRPRLAIVIAIVITLAGLIAVTRIPVAQFPDIVPPQVSVTATYPGASAETVEAAIAQPIEAQVNGVNDMIYMSSTSGNNGTYTLTVTFKVGSDPNLNTVNVQNRVRLAEANLPQEVTRLGVTVKKQSSSFLQIITLFSPDSRYDELFLNNYGVINVVDRLARVPGVGQAQSFGTFNYSMRIWFNTDALTSLNLTPNDIVNAISSQNVQAAVGRLGAPPMTDQQQIQLTLTTQGRLTGAKQFENIIIRANPDGSSVRLKDVARVELAAQSYDTIGRLNGKPASVIAVYQAPGSNAVAAAEGVRNVMEQLKQSFPAGLDYKITYGTTVFVSSTIHEVIKTLLESLCAGRGGGVYLPRQFPGNPHSNACGAGFADRYFRRASGPRLFGQHHIAFRDDPGHRHRGR
BRU1360,BRU,MLILGAVAGQLVGKGLRILEEERHMDIYMTALRDYSSRLLASARNTLEAANNSPFEICSPQDLAYQRKLVFAAYHIKDIGRLRDDQLICSTLLSDIKTQPRRSVANDNLKDGTYIYADDALITPGSHGPIIGRGNANVVLSSVAFDLLHTPRYAFSIFATDEEKKHFALLYNYSGNAEPGPEPSSGDWAQKFVEAPDGKVLRENSCDPDTGVCISLSATIDRTSTAARLKNLLAICLGALAGGSVGLGWLYYRNRDHSLLYRLNKALAAGEPHLLYQPVVDMADGKVLGFEALIRWEIRKGDFVPPDVFVARAEEAGTATKITIYVLERLIEDMGDTLRQRRDLRININITASDLQSPAFMSRMERRLAAADIEPQQVGLELTERTAVDFSKATDGIRRLREQGHRIYIDDFGTGYSSLAYLGELHVDAIKIDKAFTRTVGNDYATVSIIPQIISMAKEHGLDIVVEGVETEAQVLYFRKLGTPLAAQGWFFGKPLCVSDAQALVATVKKKQSRVKLARKTTQKAK
BRU1358,BRU,VFFGRASSSKATVMNKMSRIITIANQKGGVGKTTTAINLATALAAIGETVLIVDLDPQGNASTGLGIDRHNRPLSSYDVLTQASSVPEAAMQTDVPNLFIVPSTLDLLGIEMEIAQSADRTRRLRDALRFDSGVSERFTYVLVDCPPSLNLLTLNAMAAADSVLVPLQCEFFALEGLGQLLQTVDQVRSTINPELSIQGIVLTMFDSRNNLATQVVDDVRAFMGEKVYRTVIPRNVRVSEAPSHGKPAILYDLKCAGSQAYLQLASEVIQRERQLQAA
BRU1357,BRU,MKSLIDSFDTGRDHIERLVAESLKGSDDGELFLEYREAEALVFDNGRLKTGSFNQDQGFGLRSVAGEAIGYAHAGDLSLAALKRASDAVSATLKGYGGTYSPAPAGTNRHLYTDENPIGAPGFDAKVQLLQQIDAYLRAKDTKVRQVSVSLACSWQQVEILRADGHFVRDIRPMARLSVSVVAGSGDRQESGSYTLGGRKGFGEFITTESWQHAADEALRQALVNLEAIPAPAGTFDIVLANGWPGVMLHEAVGHGLEGDFNRKKTSAFAGLLGQQVAARGVTVVDDGTIAERRGSLTIDDEGTPTNRTVLIEDGKLFNYMQDRQNARLMGMEATGNGRRESYAHAPMPRMTNTYMLSGDKTPEEIIASIRKGIYAVSFGGGQVDITSGKFVFGCTEAYMIEDGKVGAPIKGAMLIGNGPDAMKRISMIGNDMKLDTGSGNCGKGGQWVPVGVGQPHLRMDQITVGGTAV
BRU1342,BRU,LKSMSGFRNRITLKQGLGVDDGLTSSCSKKIGENNMTANKSWYLSRTVWAGLVALFLSVAGLFGVATDMIDQGNMTDVLLQLATAIAGVVTVIGRIGATSRIL
BRU1332,BRU,MRFSVFASSAVAAIVGFGGTLALIIAAAQVLGSTQAETASWVTAICLAVAAASAWLSIRYRMPIIAAWSTPGLALIGASAGFTMAEAVGAFIVTALALIATGLIRQLSVLVSRIPASVASGMLAGVLLSFVIAAAKTVSIDPAFVLPLVALFFLIRLFGPSLAVIAVLVLGMAFALVTGRSPALPAPEISTLTLVWPQFHTGAMIGIAVPLYLVTMASQNLPGFAVLRASGYEPPTSACLRITGLFSLLSAPLGASTTNLAAISAALCTNPDAHPDHSKRWLTGPVYAAIYVVFALFGASLVAIFAVLPTVLIALVAGLALTGPFINAMTLALKDEHERLAATITFAVTASGIAFFGVGSAFWALIAGLAVTFLEHFRKKISN
BRU1320,BRU,LMSEYLLEMRNIGKEFNGVKALDGIYLKVRAGECVGLCGENGAGKYTLMKVLSGVYPHGTWTGEIFWEGKELKASGIRDTEAAGIVIIHQELMMVPHLSVAENIFLGCEPTTGGFIDYDQMNARAAELLARLKINDINVALPVYHYSGGKQQLIEIAKAINKNAKLLILDEPTSALTASETRVLIDLIKDFKKQGMACVYISHKLDEVAEISDTVTVIRDGAHIATRPMSELTTPDIITMMVGREMKNLFPREPHDIGEVMFEARNISCWDVTNPDRKVVDDVSFALRRGEILGIAGLVGAGRTELVSSLFGVWPGACQGQVFLEGKEIKIRTPRDAVRQGICMVPEDRKRDGILPIMPVGHNMTISVLDRFSLRGLIDKDAELVAIQREILRLKVKTADPMLAIASLSGGNQQKAVLSKMMLPDPKVLILDEPTRGVDVGAKYEIYKLIFALARQGVSILMVSSEMPEVLGISDRVLVIGEGKLRGDFPNENLTQEKVLAAAIGKPATNAA
BRU1319,BRU,LQPRAGPSLPGAKRLPKERIAYIRRIAEIYESRLDEMAKTISMEMGAPIKLARESQAAAGLSHTKAFIAACENFEVEEVLSPKYPNQTVVHEPIGVCGLITPWNWPMNQITLKVIPAIAVGCTVVLKPSEIAPMSAMLFAEFVDQAGLPKGVFNLVNGEGPVVGEALSQHPEVDMMSFTGSTRAGTAVSRAAAATVKRVSLELGGKSPNIVFADSDLEKAISRSLAHCFENTGQSCNAPTRMLVERSVYDKAVELAKKAAESTKVGDPAQEGDHIGPLSSSIQFEKVQALIQKGIDEGARLVAGGTGRPEGFTEGDYVKPTVFADVNNNMTIAREEIFGPVLAMIPFDTEEEAIAIANDTPYGLAAYIQTGSPERAKRVARKLRAGMIQINGTSRAPGSPFGGYKQSGNGREGGKWGLEDFMEVKLISG
BRU1317,BRU,LFLRSMLAFPPRRDNDMSGNQELIARRERLLGRNMSLFYQDPVHLVKGEGVWLWDADGRKYLDCYNNVPHVGHCHPRVVEAICRQASTLNTHTRYLHEGILDYVERLTATFDKSLDAAILTCTGSEANDVALRMAQAVTGKTGIIATDFTYHGNTTAVSQLSTRMPPVGGYGGHVRHVPAPDSYRPLGGKGGEAFAQAWAAEVEKAIASLQESPFGFSGLIIDPFFANEGFPDLPENFLAPAVAAVRKAGGVVIADEVQPGFGRTGGHMWGHQKAGIVPDIVTLGKPMGNGHPVGAVVAGADTLNAFRKAFRYFNTFGGNPVSCAAAMAVLDVLEEEKLQANALEVGAYARQGLEKLAQKHGMIGNVRGSGLFFGAELVLDRAEKTPAAEMATRVVNEMRERGVLMNKLGIHQNATKIRPPMPFSRENADLMLSTLDDVLGGL
BRU1303,BRU,VLFALLINGVKSRTVKPLRLFGAAFLSKIRGAACRLAEGQAMPALAVFPDNYDSLLKLCARSREHKTGCFVRVEVVSGGTGG
BRU1300,BRU,MWSAVFQVSRGTNIMSNPGDLPEQTNQLRKNSLGVAAVTFLVVSAAAPLTSVAAAVPLSMLLGNGPGIPLTFLIVTGVLLMFSVGYVAMARHIRNAGAFYAFTAQGLGGLMGGAAALLAILAYNAMQIGVFGLFGAATSGFMASLGLDLPWWAWTYIGIAAVAVLGYRRVDLSARVLTVLVVLEYLVVLVIDAAILFSGGDSGLTMEPFTPSAFLSGTPAIGVLFCFAAFIGFEATTVYSEEARDPGRTVPRATYISVLIIGIFYMLTAWLMVNGAGAGKLVGELQALQDPTTFLFGLAERYVGHWIIPVMNLLFVTSLFAGVVAFHNGVARYMYVAGREGLLPRGLGVTHPQYQSPHVGSIVQTAIAITVVGIFAVTGQDPVLALFSWATNVGTLAIMLLMTFTAFAIIAFFARRPGLESNPFTTRVLPLVTGTILGLLVIYIAVNFGSLAGANGFMAVFLPGLVLVAAIAGLLLALRLKGTNAAGFARLGAGQAV
BRU998,BRU,VVASRNDEYMSFAKAEALSHVWGSGFVDLGHAGHINVASGFGHWPDGAILASSLHREPAVNPNLPGGLPAPRPFLPGWAAF
