BUR75,MSLLFAFLSGLLFGAGLLLSGMANPAKVQGFLDLAGNWDPSLAFVMAGAIAVGSIAFAFAKRRERSLLGLPMQIPPRGAVTPRLVAGSAAFGVGWGLVGFCPGPAVVSLGLGGAKAFGFVAAMLIGMAAFECGERFRAKR
BUR10,MSAQVIQIGRQRFVGGLFWQSLSRRNELRAEAVELAKKLKFDLMVLRIDRGVAAAGYANTRDGFAPGHLSLGAMVSRAIALEGAFYNGRRQPAPNWLGAFALPDGRWAYFAVRDHAFMPNGDWVGSREEALERLHTDYAWGGWNVVIGEPELERQGFQNFQPKRLDDLLPRRGGRPRTERWWALRPVERRLSPRAALIAATAACVVLGGAFAYWHHRAKVEAEEREAALERVRAELAARQARSGPVAPPWAALPDALAFARACAMRFGRLAPGGWRLERYECTPGTAHYAWARNGSNVRYLLVVEPGATLDTDGERATLDVPLTAPTANDTPLADDSVVRTQLLARLQWLDAAAKLERLLPEQGPRAPLANLAQQAAALPASPTWRAYRLNANLGGIAPPEFVRAIDVPGLRVERIAYQNNQWTLEGVLYAK
BUR74,MIEMNGLKFRRGAARRWPSIAAAAMFAASAACGAPPSPTVTIKFKGSYNPVTCTVVEGNENKTVHLPTISTSSLANAGETAGATGFDISVLCDGYAGNVLAYFENGPTTNENGNLDVEDPSDGQSASGVQVQLLNGDGSPIKVGDISTMKTVSVEASTPTPIPFFARYYATGKSGAGKVRTYVTFVIQML
BUR73,MSFSNVPAGKDLPQDFNVIIEIPAQSEPVKYEADKALGLLVVDRFIGTGMRYPVNYGFIPQTLSGDGDPVDVLVITPFPLLAGSVVRARALGMLKMTDESGVDAKLVAVPHDKVCPMTANLKSIDDVPAYLKDQIKHFFEQYKALEKGKWVKVEGWDGIDAAHKEITDGVANFKK
BUR72,MAKEKFERTKPHVNVGTIGHVDHGKTTLTAAIATVLSAKFGGEAKKYDEIDAAPEEKARGITINTAHIEYETANRHYAHVDCPGHADYVKNMITGAAQMDGAILVCSAADGPMPQTREHILLARQVGVPYIIVFLNKCDMVDDAELLELVEMEVRELLSKYDFPGDDTPIIKGSAKLALEGDKGELGEVAIMNLADALDTYIPTPERAVDGAFLMPVEDVFSISGRGTVVTGRVERGVIKVGEEIEIVGIKATAKTTCTGVEMFRKLLDQGQAGDNVGILLRGTKREDVERGQVLAKPGSITPHTHFTAEVYVLSKDEGGRHTPFFNNYRPQFYFRTTDVTGSIELPKDKEMVMPGDNVSITVKLIAPIAMEEGLRFAIREGGRTVGAGVVAKIIE
BUR71,MNKMRTTASALAVCLLASGCATGPNRHPGDPLEPMNRAVFQFNDAVDSAIAVPIAKGYQKVTPTPLRTAISNFFSNLGDLGNIANNLLQLRITDATQDVMRVAMNSVFGVAGLIDVASLAGLPKHHQDFGLTLARWGVPAGPYLVLPVFGPSSIRDGVGRAVDVRFNLLNYIEPAARNPMYIAQFISARSDLLGATDLLQQAALDKYSFVRDAYVQQRRSLTYHGRSDDESLPHYDEPGGEPAGGPGGGAPGGLPQYEDPGEGAGGMPPGGAREPAGLPQYQDPGDEAAASAAASAASSASSASSASPASSVAPASASSAQSPSSPN
BUR70,MSLRLGDIAPDFEQDSSLGRIKFHEWLGNSWGVLFSHPADYTPVCTTELGLTAKLKGEFEKRNVKVIALSVDSVESHKGWIDDINETQATSVGFPIIADGDRKVSELYDMIHPNANETLTVRSLFVIDPNKKVRLIITYPASTGRNFDEVLRVIDSLQLTDHYKVATPGNWKDGDDVVIVPSLQDPDELKQRFPKGFKAVRPYLRLTPQPNK
BUR69,MTTHDLTQTAAPRAGRGRALCAAALALALACAVGAARAQSPQRDAPSASEIGHATQTWFALQASNREAAPAQPMIGEAASLAYARYIESFRTKIPAFYGSAAGMSGMSGGGGGGGGGGGAGYSLAPASGSQ
BUR68,MPNSLEAQIRQAMKTGSTLTIEFDQALNQKSPGTLNVFLHPANGGVRIDLDSGNQGEPAKILWLPWKQGELQTLQPGSISTVDMLFFTYYLSGCKVFAGDGGPVWHIDAPVEANQFWRRMSSDEWMEDWEVGTDRQVAYLHRAGQSDSLWNLSAYLEGAAPSTYGRDNLGQAVVGGIVTGRQQMSLYQYATTSSGSSAWSPLTYTLQQRKQ
BUR67,MKKAAAAWLVAGSMCAGAHAQGTVTLYGIVDAGLGYTSDQRVAQTKGALGSPVGYRNESSYGFASGTWSGSRWGLKGKEELGGGLAAVFQLENGFNIGTGQAGQGGRMFGRQAWMGLSSERYGTLTMGRQYDPIVDFVGTIGAGAFLTGMGAHPGDLDNIDNQARENNSIKYVSPKFGGLALGALYGFGNQAGSVKNQNTWSVGGQYVNGPFSLGAAYLYATNAYGANGGAWTGSYDGTFASSINEGFASAKSMQIVAAASTYQIGAVTLGLSYSNTRYKSGAFSTFNGTATYNSIGGTVSWQATPELRVAAGYDFTRGSSIDGQSAPKYHQVNFASYYYLSKRTALYGLVGYQKASGKTLDAYGNVVAATASVGDVGNGISSAGDTQTLVRIGVRHTF
BUR66,MKPLLFAAALTALALVGPARAADAAQAAADAKAQAAANEAAGLPDLTKINRPGAEVTSKVDFNDVRRTPSFHEKSKNGTEVTEFRDRGKPVEINVKSNFGTRYQMSASPDTSPRPHDAGVPVTRLPSVNLHY
BUR65,MNRFSLPPRPSRMRGAVAVEFAIVMIPLVLLATGVAEFGRAIYQYEALTKATRDAARYLSTYLPTDPAYPLAQAQCLAVYGSTTCGSTGSELAPGLATSMVVVCDAAHAPDCSDSSDPAQFANVPTYDTNNGSPDPASLAGSMNLVEVKIKGYQYRPIPAFPGLPNLSFGNIVTVMRQVS
BUR64,LRCCLPRRLPLTMPLNPKIAQVLDMIERAKRPDYHEQTPAQARAAYEKSAPILDVAPAPMFSVEDLRVPSRDGGAFGARLYLPVEPSLAEPLPVLVYYHGGGFTVGSVNTHDALCRMFARDAQCAVLSVDYRLAPEHKFPTAVDDAEDALVWLHAHASRFGIDSARLAVGGDSAGGTLATVCAVLARDRGIALALQLLIYPGTVGHQQTESHARLAKGYLLSADTIQWFFGHYVRDASDRDDWRFAPLDGTRGAPSFERVAPAWIATAQYDPLSDEGEAYADKLRAAGNRVTLVAYAGMIHEFFKMGGYVPEVRLAHADAVGALRAAFDGD
BUR63,MTRRAHAPSPFAFPLRLSHWMKGFALALPLFGNPAFAQDASAGPAGGVYNLLVGTYTGSGSDGLYVYRFDTDSGRVSPVSSAKAENPSYLVASRDGRHVYAVNELPGDAGPASVRGGVSAFDFDAKTGALKFVNRVSAQGNDPCYLSLSPDGRYLVVANYSVASDPGGSFSVFPVEATGALGAAVLNVHHEGTGPVKGRQDGAHVHSTVFSPDGKYLFVQDLGADKLYSYRYTPDGSRGLIGPTESRYTLAKAGSGPRHLVFGANGRFAYVTNELNASVDVYRYDDGRLAHVETVPMTAPGFAGKVGGGALHLSPDGRFLYATNRGDANDIVIYAVNAADGKLTLVGRQSSLGKTPREFAIDPSGKWLIVGNQDSDSVFVFRRDIASGRLEPNPARIRIDKPVDFKFVPVQ
BUR62,MPARKSSEEACVNRSFRSSNHLSSPAQLQQSADAQQRTADRQAARNSALTAALYRGTTNFTYSKDPAPRGRLPSVSKTNALARKRKITSRLRRNAAGNGDGDGDDVDGALVPHFEAEPGGDRDRDGRGGREQPRDDPMDIETCRRLPRMQAAESRAAAAPRGRFDAVADLHAAPGQEGERADAIARAWESEMFGLQVFPPNAPRTAEILELSLDFLLIQRRIGPIPVSTLARLRESPAPTPVACGRDRLPGETAPDDRRRFNLLFPLLWLQAGMPRTAVRLDCAIAKLLAIRNALPDNPLATDDAQAEPTPAPHASSSE
BUR61,MSLLTPEQIAAAQKANIESLFGLTTKAFEGVEKLIELNLQVVKSTLAESQENVQRALSVKDAQELLALQASLTQPIAEKVLAYGRHVYEIASATQAEFAKVAEAQYEEQNRKVQALVDNVAKNAPAGSETAVAALKSAINAANTTYETVQKAAKQAVEIAETNFNAAAAVATKAANTAAAASRRSGKTA
BUR60,MTTPVFDAAQTARVTPFAELVDALRTAALDADAGCIESPARLVVPLNEGGVMLSMPASAADLAIHKLVTVCPRNRGGDLPTIQGQVSVVDPATGAPLFALDGPTVTGRRTAAVTLLALRTFVAAAPRDVLLIGTGTQAAHHVEALAALFPGVRVRVKARAPAQAAAFCARLRAVLPTLEPLGGDTLPETLDAVITATTSATPVYDDAARAGRLVVGVGAFTPGAAEVGARTIAGSALYVDDPAGARHEAGDLIVAGVDWARVRSLADALRATVSTPASNASPAPGAPVFFKSVGCAAWDLAACRVARAVTSRTRACT
BUR59,MQENLDADYFNRFGADYLPGLLGVVVKQVEKNHVLAELTIRQAVLAHGILHAGTIVSLADTACGYGCLASLPEGASSFSTLELKSNFMGTARDGVIVCDARAIHSGRTTQVWDATVRHRETDKLLATFRCTQMILWPTK
BUR58,MATYKELKARAEALSAQAEAARQAELQAAIEDVRAKVREYGLTAYDVFGHRKKPGERHRGAVRPKYRDPATGATWTGRGIEPKWIRGRNRDEFLIE
BUR57,MNTRPFALAGRRAQRGMAAVEFALVAAILCTILIGICEFGRVLFYWNTASEAVRLGARTAAVCDADASVVKTRIGQLMPLIGSANVRLAYTPAGCDSDAATARSTCTFVTVSVTNVTVKTLIPFVPLTLAMPPFVTTLPRESLATSTGGTVCQ
BUR56,VRHRAGFKHHVKRGEHPTATASDREHYAEFGDKMSADDAKHVETESIEAAVFRKAVCAGFDHKRVALALMKRGGRSAANRRTPTCQSGMAADSRNIGEARCARRLCSQSLLFPCPRGALETETLQGQSIVTNCAGGAYQFR
BUR55,VSILVALMLAVLIGFVGLALDLGKLYVTRSELQNSADACALAAARDLTGAINLSVPEAAGITAGHLNYALFEQFPVQMQTNSNVTFSDSLSNPFQPKNAIASPSSIKYVKCTTSRTGIVNWFIQTLNLVPGVTVTNASVSATAVATVGAAQTTCAIPVFICKAGTQTSPPVAGATYNIGDWLSAKTGSPPSFGAGNFGWSALDGSNSASSIANELTGNYCALPATGSQVGTPGDKAATTNAYNTRFGIYANPYKDPSYGTPDFTGFAYDATTWPSQSNAYSDFVSKRLTFASYQGDLITGINTGGSYNPSYYAAGADRRLALAPEVDCSVLLSGHSAPVLSWDCVLMLDPMGSGGSATPVHLEYRGSSTAPGSPCATQGTPGNGSSVGPQVPVLLQ
BUR54,MKAFKPMFTSALVAALLGVAAASAHAADLLDSVKQAGVLKIALEGTYPPFDYRNGDGQLEGFDVDVAKEVAARLGVKPQFVTTEWSGILAGLQAGKFDVIVNQVGITPARRQALDFSQPYVYSAAQLIQRADDKHDYGAPGALQGKRIGVTLGTNFADLAKTLQGVDVKTYPGAPEKLRDVAAGRIDVSMDDRLMLPYLIKNAHMPLRPGATINGGETQMGIPFRKGNPKFAKALDDALASMRADGTLKKISVHWFGVDTSVPSAQ
BUR53,VSFGAMSHAVSIDKNKSALVIGIGQFKIASREGAWRFHDVPLFEAAKLLAFLESCGAPDGAGREYRAGAPDGAVIDAPGDLSIWKFDRWLIARVMGAPHGADPLFAFLRAQESYGLVRFLLRERANPQPIAALAARYGVSEPHFRRLCRQALGRGLKRELRQWRAAQAVLEVVESRDSMTEVAMSNGFASSSHFSREIKDLFGISPCRFRRRT
BUR52,MRIVIALGGNALLQRNQPMTEVQQRENVKIAVAQIAQIAPGNELVIAHGNGPQVGLLALQGAAYPAVAPYPLDVLGAQTEGMIGYLIEQEMGNLLPPDAPFATLLTQVEVDPADPAFEHPTKPIGPVYSRDEAERLAQEKGWHIAPDGDKFRRVVPSPRPRRIFEIRPVKWLLEKGTIVICAGGGGIPTRYDANGKLSGVEAVIDKDLCASLLARELSADLLVIATDVDGAYLDWGKPTQALIEAAHPDELERLGFAAGSMGPKVQAAIEFARQTGHDAVIGSLADIVAIAEGRAGTRISVKVDGIRYRRPR
BUR51,MKAKGMQYGLTAVLLSMLSGGAAYSQTATTGTINFTGSITDVPCEIDTAATSSNVTMAKVFANDFSGVGSTTGTTAFKIVLKNCGASTSGATVRFMGTTDSANPAALQTTAGGAGGVALQLVDDTGTPISIGSSSKAYTIAEGDNTFNFAARYIATSATVTGGAANATAVFALTYK
BUR50,MQTSRKALPLALGLAIGLGAALPAWADSKAPSPQEESRRASLTRGVVAPAEQAGKTGQFRPGAVAVTLASPAFHAKKADAAAMAREYVTARAAQLGLDKAALANLVVASERADAAFTVVRFQQRAAGLPVYDSDIAVTVAPDGRVLYVASKAVSGVAAVSSKTQAVDEQQALDRARAYLGVGGFVNVQSQLVAFVDGAGTHTAWKVSGRPQDSLHGDWELIIDAGSGEVLRAQDKASYATDGSGLVFRPDPLSPTKSSYGSPGFKDNNDADSPQLSAARVRVTLKDLTQTSGGYKLSGPYASCIDFDAPLDKACPVQASTTFDFTRSNLYFEAVNAYYHIDTFLRYVNLTLGIKALPYQYAGGVQYDPHGQSGDDNSSYSPSSGRLSFGQGGVDDAEDADVVIHELGHGIHDWITNGGLSQVEGLSEGTGDYLAAAYSRDFNQWSPSDAQYHWVFNWDGHNEFWAGRVTNYNVGRTYAQIRNAAIHTAGQYWASCNMVARDAIGGAAMDKAFLKGLSMTNGSTNQKAAAQAVLTAAAALGYSSAQLNAIGDAYNKSCTYGVTVPQKL
BUR132,MKPAVRSERRAPGEKRPRRARRAFRRGARHGARGFTLIEMMIAITILAVIAILSWRGLDQIIRGREKVAAAMEDERVFAQMFDQMRIDARRAATDDEAGQPAVRVAGDTLQIVREFDAPGAAPRLQVVRYRISNGRVVRYASPPIGDVNALRDALRGGDTEGWSEVALMRGVGMINARLYVPKVGWTTSMPDADNALEQNNNALKVPMLGNAPPPRAVTGLEVSIGATSLRVPITRIFLIGE
BUR131,MRFVRSLLLFVYFIVYTVPYATACFIAFPFMRPNARYWMAVGWCKSTLFVARWLTGIRYRVEGYENLPDGPAVLLPKHQSAWETIALPALMPKPLCYVFKRELLYVPFFGWALGMLHMVHINRKDGKNAFDSVIRQGRKRMAEGAWVIMFPEGTRTPVGSQGKYKTGGARFAIGAGAPVVPIAHNAGRVWPRNSFTKYPGTVTVSIGQPIDTQGLTPDQLNERVENWIEAEMRRIDPHAYRHERDGARGAARASDAAHP
BUR130,MARPLYRIRQFAQSRVRGGKLFCVGACQVQQRVAGLFWLEIAYCSDRTGAEAAIRAAVIARRRARLKPRVLGLFDRDGQALGQ
BUR9,LRRALPFRYHYQSHTMKHTHAFAAVLAALALTIAPSAPAVTVASNVTLADQQDLTRQVPAEVESLDPAHIESWTGNTIGLDLFEGLARIDASGAVVPGVAQAWEHKAPDTWIFKLRRDAKWSNGQPVTAADFVYAWQRLADPKTGSKYTILVEFVKNASAIIAGKQPPGDLGIRAIDPYTIEVKTEVPVSYFPELTAMAPLTPVNKDAVAKFGDAWTRPKNIVSNGPYTLVDWQPNNRIVMAKSDKYWNARNVVIRKVTYLPIENDETALRMYQAGQIDYTYSIPAGGFGQISKQFGKELRPGLQLATYYYYLKNSDPALKDKRVREALAMVLDREILTSKITQAGEVPMYGLMPKGVKGVQRPFTPDWASWPMARRVDYAKNLLKQAGHGDANPLTFTLTYNTNDLHKKVALFAASEWRTKLGVTAKLENVEFKVLMKQRHDGKVQIARDGWFADYNDAMTFFDLIRCGSSQNTVGYCNPKVDSLVAEANQKLDDGARAALLTQAHDLAMNDYPMVPLFQYSADRLVKSYVGGYTLTNYIDMRASQDMYLIKH
BUR8,MKAHWKVWAALACVSACAGVQAQTSPLTGTVNSQLVLTTGCAVDTGGGSVNSANFGTLDFGTQPSGFTGRLTSAAKGGGSTSTQVTCSPDVTSIQVTIDGGQNASKGATVGTGTRALANGASFVPYEVYADAGHSQQYVSGTAQSVAVPTPGAAFELPLYGVVNKTNASALAAGTYTDVLNVTLGW
BUR7,MSSLPVGPVAWSDGMLIETQHFQQLERHLAHQASLRLGQTSNHGWGFTLLDLDQDGLGLGRLGLRHARGVFQDGTAFSLPSDDPLPPPLETELAQAGDIACLALQAARTGGPEMAFGDVELASRYRAVSTEVPDLAVGLDAPGTPRRLTIETGQLVTRLCWKSQLRSDEVALPIARVAGRNASRTVSLDPRFIPPLLDTRAHLVLRSLIDELQSTLRVRLASTSAQRVLSTGGGVADLIELLLRQAIAEYRMRLANLDAFDPLPPAMLYHELVGLLGRLSVLPGVDEELADRELGYDHDDLQTSFEPLAMMLRQALARVIETPVLPLRFEDRGDQVHICIVDKQWNLKKLIFAFSAAMPAEKLRQLLPQQTKLGAVEQIQKLVDLQLPGARLNALPNPPRQIPYYAQSTYFEVESTDPFWKQTLAGSAMALRIVGDFPDLRFEAWGLRDGKVA
BUR6,MSLRPLHDRVIVKRLDQETKTASGIVIPDSAAEKPDQGEIVAVGPGRRDADGKRVEPDVKVGERVLFGKYAGQSVKVDGNELLVLREEDIVAVVHS
BUR5,MKTVGDKLEAFTVVAAKPGFNNHEENGQSAFETVTEASFPGKWKIIYFYPKDFTFVCPTEIVEFAKLAKQFEERDAVLLGGSSDNEFVKLAWRREHKDLDKLNHYSFGDVKGELIDQLGVRDKEAGVALRATFIVDPDNTIQHVSVNNLNVGRSPEEILRILDGLQTDELCPCNRAIGGATL
BUR49,MKKLALSTLSLALLGAAGAAQAQSSVTLYGVIDTSITYVHGNDGKANNAWLMGSGNLQGSRWGLKGTEDLGAGLKAIFQLENGFNSNDGTLGQGKRMFGRQAFVGLQHDQYGTLTLGRQYDPLVDLVQPVTADNYFGSLFATPGDVDNNDNSLRVNNTVKYTSPVFAGFQFEALYGFSGIAGSPGQGQTWSAAAAYNNGPIGVAAGYFYTSNPSPTAGSRSTWSGSSDAIFDGAINSGYTSAKSIGIAQVAGQYVFGPVTVGLGYSNAQYKPDGFSGFSSTEKYNTGRGFVTYQATPALLLGLGYAYTKASGDTDAKYHQVSIGADYALSKRTDVYLAGAYQHASGTQRVDATTTQTAQASIGSYGVNGTKSQEMVALGLRHKF
BUR4,MAAKEIIFHDGARAKLVEGVNLLANAVKVTLGPKGRNVVLERSFGSPVVTKDGVSVAKEIELADKVQNIGAQLVKEVASKTSDAAGDGTTTATVLAQAIVREGQKYVAAGLNPLDLKRGIDKAVAAAVDELKKISKPTTTSKEIAQVATISANGEESIGQRIAEAIDRVGKEGVITVEDGKSLADELDVVEGLQFDRGYLSPYFINHPERQLAVLDEPFILLHDKKISNIRDLLPVLEQVAKAGRPLLIVAEDVEGEALATLVVNNIRGILKTVAVKAPGFGDRRKALLEDIAILTGGQVITEETGLTLEKATLQELGRAKRIEVGKENTTLIDGAGDKPNIDARVKQIRAQIAEATSDYDREKLQERVAKLAGGVAVIKVGGATEVEVKEKKDRVDDALHATRAAVEEGIVPGGGVALIRVKQAIAALAGANADQKAGISIVLRALEEPLRQIVANAGEEASVVVATVAAGQGNYGYNAATGEYGDLVESGVLDPTKVTRTALQNAASIAGLLLTTDATVHEAPKDAPPAAPAGVPGAGGPGFDF
BUR48,MKSLFRPLIVVFVVLVAVTGLAYPAVMTVFGQAVFPAQANGSLIEKGGRVVGSALIGQQFDAPQYFWGRLSATSPMPYNAAGSGGSNLGPLNPALKDQVKSRLDALKAAGTDLSQPVPVDLVTASASGLDPEISPAAADYQVARVARARKMADADVRRLVADHTSGRQFGVLGEPRVNVLKLNLALDAAQAAH
BUR3,MQKRFKQLVLLAAMVPAFAMAQSLSNQTSAPAAAAPIDADKKAAIKDLLDAIDAPKLVSAIANSAEMQSKQLVPAILSDALSENKTLNDKQKQAAVPTLQKNAVPKLVDGAGKVFGTQQFTNDAMQAQYDAYAKYYSTSEIKDLTTFYKSPTGRKFIQVQDQVGRDVVNGLMQKYMPQAIKATRDQADKEVAAVKPGK
BUR47,MPNRFRKLTAWLGMLAIALAIVAPLVSQASARSAAPSSGAVICGDEHRAQPAEAGIAHDGPVHDGVAHHALHLDACGYCAFFAHSPAIGAAAPSLFAIHVAAVAPPIPSGAAAPSLERHTHAYPRAPPTDA
BUR2,MNKLSKLAFIAATAVMAASASAQSVPASRQAVNDNWVNGTGEWVWMNGTNELCWRDAFWTPATANAKCDGALVAQAPAPAPVAPVAPAITSQKITYQADTLFDFDKAVLKPAGKQKLDELAAKIQGMNVEVVVATGYTDRIGSDKYNDRLSLRRAQAVKSYLVSKGVPANKVYTEGKGKRNPVTGNTCKQKNRKQLIACLAPDRRVEVEVVGTQEVQKTTVPAQ
BUR46,MSSTDTLSGQVAAADAEILLAQPRGFCAGVDRAIEIVERAIAMHGAPIYVRHEIVHNKYVVEDLKKKGAIFVEELEEVPSGNTVIFSAHGVSKAVRDEAAVRGLRIYDATCPLVTKVHVEVAKMRQEGVDIVMIGHKGHPEVEGTMGQVERGMHLVESVEDVRRLELPDPERVALVTQTTLSVDDAAEIIGALKAKFPAIREPKKQDICYATQNRQDAVKFMAPQCDVVIVVGSPNSSNSSRLREVAEKRGVAAYMVDAPEQIDPAWVAGKRRIGVTAGASAPEVLAQAVIARLRELGVTNVRALEGIEENVSFPLPRGLNLSSAA
BUR1,MAAKDVVFGDSARAKMVEGVNILANAVKVTLGPKGRNVVLERSFGGPTVTKDGVSVAKEIELKDKLQNMGAQMVKEVASKTSDNAGDGTTTATVLAQSIVREGMKYVASGMNPMDLKRGIDKAVAAAVEELKKISKPCTTNKEIAQVGAISANSDSSIGDRIAEAMDKVGKEGVITVEDGKSLADELDVVEGMQFDRGYLSPYFINNPDKQVAVLENPFVLLHDKKVSNIRDLLPVLEQVAKAGRPLLIIAEDVEGEALATLVVNNIRGILKTVAVKAPGFGDRRKAMLEDIAILTGGQVIAEETGLTLEKATLAELGQAKRIEVGKENTTIIDGAGEAVNIEARVKQIRTQIEEATSDYDREKLQERVAKLAGGVAVIKVGAATEVEMKEKKARVEDALHATRAAVEEGIVPGGGVALIRARTAIAGLTGVNADQNAGIKIVLRAMEEPLRQIVTNGGEEASVVVAAVAAGKGNYGYNAATGEYVDMVEAGVVDPTKVTRTALQNAASVAGLLLTTDAAVAELPKEDAPMPGGMPGGMGGMGMDM
BUR45,MNAKSIAAAALAVAQAGLAHAQSSVTLYGALDAGVLWQNTSAASFSPTAPNTGAVVRFKDGGVYSSLWGIKGTEDLGGGYRVNFRLQGAFDGGTGKFGLSDAPGAVAAFNQIATLGVSGPFGTFNAGRQIVPMIYAMADTDVRAARFFGSVLTAWLGLNTAAGWPGNSTNAPIGALYDSDALVYQSPAFGGASLALEYAPGGVPGGVQRGARASIVLKYASNALNLAAVYYNGHDTNPAPGASATGLDNNRFVYVGAQYKLKDVAVSASYGNGRNPARGDRVNLDMFAFGLGYRVSPFFRVSSGVYYLKDRNRSANRSTSIVLGADYELSKHTTLYAQGGRVDNRGTMAQMLAYGQPVAPGLATTAAMLGMRHSF
BUR44,MALSRGTRTLIGATLCASVTLMTAACGGSDGSGAPGASIFKSPHGSGSSSTTGTSGTTTSGTGGTSTGSTQTTMALQMADFILAQQDSNGAIPDEAGSGTANTDSDMEYALIGLAAAYGATHDAKYLNGLEKGIAWLAAREEMTDPAWRGSWRYVYSMTPPYDPIPTSPGAGIADVRGVDATSALFVYLLYLDRQLTGSSALVTQYGANARAALDFVLAKNINPSGYSGSSWQLPVGSTTWQFWPYEYAADQGDVYLGMNGGALLFPDNPNYAAKAAFLRNNVPSQFYMTGAQRYSVGRDTGAPLDSDLGIDTIFPQGYLPWVFGANSQSIGSIQWMINQTAADGSIRSPSTDPAYALSNVILLLGAPTQGMQAPSTTLPWIVNNVLDPQTYGIHDYPGSPDQETNVSGFAVAALLGTKAFP
BUR43,MWNEKRFGYKMRSCAICTTWYIREYEEDAADMNVNLYQIVKNSRK
BUR42,MSLGLVGRKVGMTRIFTAEGDSIPVTVLDVSDNRVTQIKTVETDGYTAVQVAFGSRRASRVTKPLAGHLAKAGVEAGEILKEFRIEADKAAELSNGAVIGPDLFEVGQKVDVQGVSIGKGYAGTIKRYNFGSGRASHGNSRSHNVPGSIGMAQDPGRVFPGKRMTGHMGDETVTVQNLEIARIDADRKLLLVKGAVPGAKGGKVFVTPAVKTRAVKGAK
BUR41,MSIGVQSSGINISHAELSRLVDAGKSEQGDKAVRDDGRALARADAALAAVVGERVAARRDAVAGSGAQRVELARPKPDAQTRATDRRTVSGLEREHKRLAASQTPRVTGMHDALVQRHVSLDGAKAAHGEGVKRAAGDAPRAAADAPQRFAFADDKAFDAMLALGAAMQKNVQSDLAMQGKLTMLAHDAMMSAAAQDRSIGAAQMTAAIAGGALQATTSLGGAMQQMKSLSTKSMSIEKELKPQAELKQFHAEQALELRGINKPVLSNDEVSHVKIKRDTGETVRHEIDHGGERMSDEHASVLAQEAPARQHRIDMHGMRHEENLVKAGRQQMKGDLLQSGGQIGKNQIDGASAQQQGADRAEQKEDENAQQTAMAAASTRDEAAHRSREAAQKAIDAAKSQVANDNAVAAQVAGNLRT
BUR40,MLRLSLSVLVISLLAACSSVPPKSARSSSGMAITTPRAYAPPRGFPNFVDHSVGREEISIQAMSLVGVPYRWGGNTPDSGFDCSGLVRYVVDRAASVNLPRTTADMSSIGESIEPDGIAPGDLIFFNTSGRPHSHVGIYVGKLRFVNAPSTGGTVRLDYLTNPYWAKRFDGIRRVAAPKAKPAPFDAPTYQASRPPEPAPRVSPAAAAPAYAAVNAPAASAARAAAPSAPGYAANSATPAAARAAAPPPSSEYAAHSAAAMASAPASAAPLPNAVPAAATAATAADPYEPPPSAMSAARRQAQAAGARSPVLAAGNPGGAVPPAAPPAGGPTSMAGASAADPIDAAADAFEPPPPTARAAARQAQLAAPGNVQVLRASTAGSAASAAATGSNDDPIARFANGGY
BUR129,MNLLKRYAAPVACAAAVLVFAACSSTKDARRVPTPLTEFKPVLDVQQVWTASVGKGGRYSFSPVAVGDAVYVAGANGSVEKIDAKTGQQVWRTKIGSDLSAGVGSDGNLTAVGALKGGVFVLGPDGKQLWKATVQGEIFSPPLVGNGLVIVRTIDGQVIAFAAQTGEQKWTYRNRAVPLNLRVSAGMTFAGDAAVLAGFPGGGLVALNLQTGEPFWQTPVSFPKGVTEVERINDVTGAPTLVGAETCAVTFQGQLGCFDANSGRPLWEKPFSSRSGVAQDDTVVVGGDDWSVVSAYDVATGKALWRNDKLKSRDVGVPYLLGRAVVLGDYKGFVHFLSRDDGTFVARMKTDGSAIAAAPVLAGNTLVVLTQDGGVYGFRPR
BUR128,MGKIIGIDLGTTNSCVAIMEGNQVKVIENSEGARTTPSIIAYMDDNEVLVGAPAKRQSVTNPKNTLFAVKRLIGRRFEEKEVQKDIGLMPYAIIKADNGDAWVEAHGEKLAPPQVSAEVLRKMKKTAEDYLGEPVTEAVITVPAYFNDSQRQATKDAGRIAGLEVKRIINEPTAAALAFGLDKAEKGDRKIAVYDLGGGTFDVSIIEIADVDGEMQFEVLSTNGDTFLGGEDFDQRIIDYIIGEFKKEQGVDLSKDVLALQRLKEAAEKAKIELSSSQQTEINLPYITADASGPKHLNLKVTRAKLEALVEDLVERTIEPCRTAIKDAGVKVSDIDDVILVGGQTRMPKVQEKVKEFFGKEPRRDVNPDEAVAVGAAIQGQVLSGDRKDVLLLDVTPLSLGIETLGGVMTKMINKNTTIPTKHAQVYSTADDNQGAVTIKVFQGEREMAAGNKLLGEFNLEGIPPAPRGVPQIEVTFDIDANGILHVGAKDKATGKENKITIKANSGLSEAEIEKMVKDAEANAAEDHKLRELAESRNQGDALVHSTKKALTEYGDKLEAGEKEKIEAALKELEDVLKNASSDKAAIDAKVEAVATASQKLGEKMYADMQAQQAGAAGAAGAAAEGASAQGGAQPADDVVDADFKEVKKD
BUR127,VVVSLALAPPSRADQFSPRQHAQREQFARSQANAAAPADARPNVPRGNLRGDIASNARARNNDAQRPPGDSNHH
BUR126,MVSSHSHCEVIDMLYDDIVSALGKAVKDPGYRDKLLKDPNGTLKAEGADLGNSVTTLEWVESTNCLNVHVANGGANWSGAVLLKIEK
BUR125,MKWTDSREIAIALADQHPDVDPKTIRFTELRQWVLDLDGFDDDPDHSGEKILEAIQAHWIDESDFDDED
BUR124,MNEARAARAQGAPGSRRCGPDGRSVARPVLAIVVAASVVSPAIAIAPVAVAAAIVAPIVWRRMRALPFVALPVAVAVPIAIAVSADADVHADGGLRRIHRAPREHRAREERRNDQSFHCRPPL
BUR123,MSTLQRVLFLLGVAAWPAAGRADTLLPRTQAFTVSAQIVAGCGVAGGGPASGLNFGTLDFGAHPAVATGQVSAAVGGGALQIECSPGSTLKMTIDGGANASAGNTQRNLASGGARVAYRLYSDPARTQAIAVGQAVSLPVSGTITLPIYGALTLPGGGAPAGTYTDTAQVTLSY
BUR122,MSYKSILVHLDTSDRARARLETALTLARQFGAYLSAVFAVYTPEPTSFYVMAGTADYFADQQRRRDEKRAALERLFHAELKRADVEGQWIVADARANEAVPHYARYADLVIAGQTDPDDPETYVDDSFPDTLVLSAGRPVLLLPYAGMPSAIGTRVLVAWDGSREATRAVHDAAPFLALATKTTIVTVNGAAHEPPGARIPGADIALTLARHHANIDVRDLERARDASIGDVLLSHAYESGTDLLVMGAYGHARWKELILGGVTRTIFASMTVPVLMSH
BUR121,MPCTGRNSPSRGFTLIEVVVAIAIVAVLAAFAVPSYRSYVERVNRLTAVAALYRAAQYVDAFGDAPPTALPEGVNRAPESGKLVYVLRIMFDDARGGYALEARPAADGAMRDDRCGVYVLHADGTRENRVAGGVALDGGAAEGDACWRTG
BUR120,LRTTKSPGISVIRQRLAVALPLALTLTLASCGGDDLTPAAQRWAMPGTELPLGPQGLAQSVSTQTLAAGVAYYQIKRGAASAADFWTVNLGFYATQAAAQADAANLAAAGFATRVDASAGTDLQGKVLGYWLSAGRYATQAEATAAAARIAQATQNRYKPGTRHTSLAGAPTTGPWIVNVLAIDPSRAGAALSLALPGGNDLGAGGETVSAARARVNALAGVNGGFFTNINPFGAPLPPRSPVGATVVDGRLVAAAIGRRPGLLLARDANGRQRATVVRNLATAITLTDAQGRAIAVQTLNRPILGTVVNCGAQARTPTSEPAQDTVCTNYDDLVMYDSLYLRGGASNTLVDAGYQGARYELVVDANGAVVAGHATLGAPPPPNGYVLQGLGASAAWLQAHATPGTRLAVSRRLSADGADLALASGTSLVEAGPTLSVPNLAQSAAQEGFAPTVGGVDAGEGAAANGNWYNGWYVARNGRTAAGVAADGTILLVEIDGRQPTLSVGTSIPETAAVMAWLGATSAVNLDGGGSSNMVVGGKMVGHPSDAVGERGVGDTLMLLPG
BUR39,MLEIKHKLVQTAAACALAFAACAAHAADKPLKSIGITVGSLGNPYFVTVVKGAQAQAKEINPSAKVTAVSADYDLNKQFTQIDNFISAHVDMILLNAADPKAIEPAVRKAQAAGIAVIAVDVAASGADATVQTNNVKAGELACDYLAKKLNGKGNVIIENGPQVSAVVDRVNGCKAVLAKNPGLRLLSSDQDGKGSREGGMNAMQGYLTRFPKVDGLFAINDPQAIGSDLAAKQLRRTGIVITSVDGAPDIETALTSDTQVQASSSQDPFAMAKKAVSVGYGIMNGHKPANAMILLEPTLITRENVKRYKGWSAH
BUR38,MRFMQIMRRARMLAPLAFAALQACGGDGVDPALPRLAAAAPAAMSGTCGALAAKLRYPRTAFTSVATAAAGALSVAGKPVGEHCVIAGKMNERVSAIDGETYAIGFEMRLPKAWNGRFFYQANGGLDGDVVAATGDIGGGGPLDNALRMGFAVISSDAGHSAAQNPLFGIDPDARLDYGYRAVDALTPMAKQVIRLAYGKAPDRSYFGGCSNGGRHAMVAAVRNAGDYDGIVAGDPGLHLPKAAIAEMAGAQQFARIATATAAAGRPDIRSGFTDTERRFVASRILAKCDALDSVADGLVEDIAACQARFDLNADVPGCTNGVRTSQCLTGAQKTALANVFAGARNSAGEALYASFPFDAGVSGDNWAAWKQGNAMTLDPAAAAFTFTTPPRRPSALADLGAYALGFDMDRDAPAIFATSGVYAASAWSFMTPPDEADLSALKRRGGKLIVYHGTSDPVFSSTDTTDWYVRVMQANGGDASDFARFFRVAGMNHCSGGPAADQFDMLTPLVAWVEAGKAPDAIVATARDASNAAPNPEVPASWGAARTRPLCPYPRVARYDGGDVNAAASFSCR
BUR37,MQLNPSEISELIKSRIQGLEASADVRNQGTVISVTDGIVRIHGLSDVMQGEMLEFPGNTFGLALNLERDSVGAVILGEYEHISEGDIVKTTGRILEVPVGPELVGRVVDALGNPIDGKGPVNAKLTDAIEKIAPGVIWRKSVSQPVQTGLKSIDSMVPIGRGQRELIIGDRQCGKTAVAIDTIINQKGKDLICIYVAIGQKASSIMNVVRKLEETGALEYTIVVAASASESAAMQYLAPYAGCTMGEYFRDRGQDALIIYDDLTKQAWAYRQISLLLRRPPGREAYPGDVFYLHSRLLERAARVSEEYVEKFTNGEVKGKSGSLTALPVIETQAGDVTAFVPTNVISITDGQIFLETDLFNAGIRPAINAGVSVSRVGGAAQTKVVKKLSGGIRTDLAQYRELAAFAQFASDLDEATRKQLERGRRVTELLKQPQYQPLQVWELAVSLFSANNGYLDDLDVKDVLPFEKGLREYLKTSHADLIKRIEDTKDLSKDDESALHAALKDFKKSGAY
BUR36,MHVRPLYDRVIVKRIEQQRTTASGIVIPDSAAEKPEQGEIVALGNGRLLQDGTLRALQLEVGDQVIFGEYAGQSIKVDGEDFLVIREEDVLGVLEAGERAARKAA
BUR35,MKTFPLSACRTAVAVAVAALALAGCANYFGLKSDKAIAPAAQFESARSLPAQGGQWPSLDWANQFGDPQLPKLIDEALEGNPTIAQAQARIAKASSYIESSRSTLLPKADAKYSWTRELYSGNALFPPPYGGQWYSENNALASASWELDLWGKNRARLNAAVSQEKAAEADLQQARVTLATSVARTYNQLAQLYALRDIAGREISNRQTVGKITDGRVGAGLDTNVERQTARGNIATSQSTLSDLDGQITNVRYQLAALLGKGPDRGLQIAAPVLSAGGAVALPENLPADLVSRRPDLVAARWQVEAAMHDVKEAKAEFFPDINLAAGFGFDAFGWGRFLNFASRQAQFGPAIHLPIFDGGALRAQLKGRYADFDLSVANYNQTLINALNDVATQVASIRSVDTQMGDAQRALDASTRAYELAVIRYKAGLSPQLQVLNADSNRLAAEQTVTNLKMRRRDLQIGLVKALGGGFDAAGTRLAAPAPASAPAAPAQHASN
BUR99,MSVSHLRHAVARAALVALAGASALALPAAHAAGAELNVYNWSDYIAKDTIPNFEKQSGIHVKYDNYDSDDTLQAKLLAGSSGYDIVVPTSNYMAKQIQAGVYQKLDKSKLPNLSNLDPTLMKMIADADPGNQYGVPWAFGTDGLGYNVQAVKKALGENAPVDSWALVLDPANVSKLKGCGVSFLDQAVDVFAATLQYMGRNPNSTNPADYQAAFEVLKKVRPYITQFNSSGYINDLANNDVCVALGWSGDVGIAHRRSAEAKRPYDIKFSNPKEGGLLWFDVMVIPKDAPHAEAALKWINYIEDPKVNAAITNEVFYPSANRAARQFVVPAVAQDPTVYPPEDVLKKMTLMRPMPADILRLENRLWAQLKTGH
BUR34,MDDHRRIAPPFARRLHPLSLLLAASLAHGETGAPPAERRSDAPPATALAPIFVTANPLGASALSSPTASLSGDALTLRRTDSLGDTLNGLPGVSTTTYGPLVGRPIIRGMDGDRIRLLQNGVAAYDASSLSYDHAVPQDPLSVERIEIVRGPAALLYGGNAVGGVVNTIDNRIPREAITGVSGALDASYGGANNARAGAALVEGGNGRFAFHLDAFGRETDALRIPGHAHSARQRALDGEDASEPYGKLPNSDGRRYGGAAGGSYTWADGYVGASYSGYESNYGSVAETDARLQMRQERVALASEVRNLRGPFSQLKFDFGYTNYQHKEIEDGVTGTTFRNHGYEARVEARHRKLGPFEGALGVQVGQNTFSALGGEALAPTTRTTSVALFGLEQWQATDALKLSAGARIEHVRLDPSANGDDKFGFARSRDFNAGSVSAGALYQLAPAWSLAGNVSYTERAPTFYELYANGPHGATGQYLIGRPDAQKEKAVSTDLALRYASGPNRGSIGVFYSRLRNYLAEYDTGRLVDDDGVPVAPGADDALREAVYRGVRAEFYGVELEGRWRAFERRGHRVDLELSADYTHARNADTGEPLPRIAPLRATLAADYGYGPFGARAQLTHAWAQHRVPEHDLATDGYTSLGVVLTYKLRVGATNWLAYLRGDNLTNQDIRYASSVVRNIAPQGGRSVSIGMRTTF
BUR98,MSEDLRVGLFPVRYLVGTGLPGAPQLVLDLMVDTVDHSVVGRAAVSQAVSPPLNFHADVWGSYVFRLGPPPRRDGSGAIVQISLQGNQGGPQSNSMITFYGELLLKGDGKTGVASYRYYSNGSWHEVENVPVKADPELVPIEPGPVIGQSSMSAIGSAAMYGVAIQSAAASGDLAHMRTLSAYARQQLESRDEIAAALSELKAEIAKLESRQ
BUR33,MVQFNDITGLLIAVLVMSMVPFIAMVVTSYAKIVVVLGLLRNALGVQQVPPNMVLNGIAILVSLYIMAPIGFAAQQQLQGQALSPQPTQAMLQAFGAAKEPFRRFLAAHSREREKRFFLRSASVIWPQAAAAQLREDDLIVLAPAFTLAQMTDAFRIGFILYIAFIIVDLVIANVLMSMGMNQVQPTNVAIPFKLMLFVVMDGWSTLVHGLVLTYS
BUR97,MHKREVQVVSGAAFMLFFAAASAGQLTGTMQVNLQVSRGCEVAGVAASGDLGRLDFGAQGPLWSDYLTADGRATSSGAVRVVCSPDVNGFLVSIDGGRNGDQSTRYLVKRGANGRVAGRIPYNVYRDAARSVPYVPLMPQSFLVDGGRDDVTLPVYGVVNGMTRAVPSGTYEDLLGITLDW
BUR32,LRSCAGTAVTLAVLSAGCAESTPKSGNGGAASTAIERTKADRLAREQQTARTVPTLASIKVDQPRPLTLRDSGQSGTLAFLREVDFRIVGDLGFLVHELSATLVPTHPGAPTVFDDPTSFDIAVHRGTVTLDNTKLNALFGGYIFGYRNAPLRNVRVSAGDGFLDIRGEMQRDGWVPFALKGKLEIRDGSTLVFHPTDVHVSGIEAGPVMRAAKVQVSDLLKIDTPIVRLNGNDLVLNVDKLLPPPHLKINIVSLKLTSAGLDLVLDDGTKAGFTMPENAPKHAMYLRGGDVKFMRTMPMNADIVIYPPRESSPDDAFVFDMYHYRDQLVAGYFNFEPSGALSILMPSYRRLARPSAPSLGSAAARMNDSLIDAQQLSLGEARRQWEAFAVTPNGGAAQPNFRKVAAKHGGDVSMFGPRHISNGTTTIHLHNADFYIAGNIGFRVEDLVVQLVSKRAGEPVDLDDPNQYDIRILSGSVLAPWDAMSDLFNRHLLDYSPRSLNDLKLSADGGALRVRGGIKLWNQVPPGVWLPADMKGSLTLLDERHLAFTPTQVSVLGIPQAKLLRALGIELSSLAPLKRRGAELRGDSLVLDQYTVFPPPVLIGHMSQATVEPDGLRLTFRPAPNAPVLRPPANLPGSYLWLEGGDTKMFNVLVLNMRILVEDTAKPRVRFDLYDYRDVVSRGSVRMVHDGTLYVDVGKKDPLAR
BUR96,MSPDTARRFDTEFAPRIARAIADLLNHRAHTDVVGYGGHGHPTQVRIVAPHAEHVRGYAHPLNLALTWNTDEIERLMEADGAARFERYLAALPRKLAAWENARGVDFGSRTQADALVLLGGLDFEA
BUR31,MDKRLSALCGLGLASAGACAQTSVTLYGVADAYVEYATNQADAKGEPAALARMGSGGKSGSRWGIKGTEVLGGGWRAAFRLESGVNLNNGAGTGAGGFDRSAWVGLEHPRWGALRFGRQYTTMFDIMEHYSPTGAYSTLYEPDGAIVGISFRENNVVKYLATAGPLTFEAHYAFSNEPGAFQASAAHGAGFEYTGGALSFAFAYDDVHTPQAGGFAHLRRYAAAAMLTVEATQLIAGAAHGQGNVATPSVVTRYTFWWIGVRQAITPVVQLIGALYAERVRAQNPASPPAARHASGTPQQATLQLNYFVSKTTTLYAATGYARHAALDFDNYNYGFLHYSLAGARAGSAGVAVGVRKLF
BUR95,MRTQSFSRKSPRAHGIGARPARAFMRWLRDESAVSAIEYALIASLIAIVIIGAVQVVGTNLQSVFSTVASDV
BUR30,VARGRIIPGAYAISETTSARLRQEYPGLDHWSISEFQLAWGNYARELRGDAGMTFDRDEVFLVYLHIVRKDRTFSFAGDRGMPGTWEAYAQEKPWETDAPLPVI
BUR94,MAEKTEKPTAKKLRDAAKKGQTFKARDIVALIVIATGALAAPALVDLTRIAAEFVRIASTGAQPNPGAYAFAWAKLFLRIAAPFVLLCAAAGALPSLVQSRFTLAVESIRFDLTALDPVKGMKRLFSWRSAKDAVKALLYVGVFALTVRVFADLYHADVFGLFRARPALLGHMWIVLTVRLVLLFLLCALPVLILDAAVEYFLYHRELKMDKHEVKQEYKESEGNHEIKSKRREIHQELLSEEIKANVEQSDFIVANPTHIAIGVYVNPDIVPIPFVSVRETNARALAVIRHAEACGVPVVRNVALARSIYRNSPRRYSFVSHDDIDGVMRVLIWLGEVEAANRGGPPPETRAPTSAEPQARDGVAPPGDACADNAFPDDAPPGAAAPNAGSPDGPAPDGGAPARTGDQNA
BUR93,LKLPYEWQIGWRYTRAGKRTTGNGFISFIALVSMLGIALGVAALIVVLSVMNGFQKEVRDRMLSVLAHVEIFSPTGSMPDWQLTAKEARLNRSVIGAAPYVDAQALLTRQDAVSGVMLRGVEPSLEPQVSDIGKDMKAGALTALAPGQFGIVLGNALAGNLGVGVGDKVTLVAPEGTITPAGMMPRLKQFTVVGIFESGHYEYDSTLAMIDIQDAQALFRLPAPTGVRLRLTDMQKAPQVARELAHTLSGDLYIRDWTQQNKTWFSAVQIEKRMMFIILTLIIAVAAFNLVSSLVMTVTNKQADIAILRTLGAQPGSIMKIFVVQGVTIGFVGTATGVALGCLIAWSIPWLIPMIEHAFGVQFLPPSVYFISELPSELVAGDVIKIGVIAFALSALATLYPSWRGAKVRPAEALRYE
BUR92,LFYSIVAIFVGAGFGALLRWFLSIGLNALLPEVPLGTLASNLIGGYLIGIAVVAFATRAGLPPEWRLFVITGFMGGLTTFSTYSVEVMTHAVQGEFGWALAVAALHLIGSFTLTGLGMWTARAWLAPA
BUR119,MDASLRSRWRAVHRGAGALFGIVLFVILFTGTWSLAQESMQGWWRPPSLAVAGPPLPLERLAARAASLGFALRDARIVLPQPNDPAIRFCTARHACLLALNPATGEPLAHAARAALLVTLHRTMFTGFPGRIFVSLWGVVLLVLIAAGLVLHRRRWPDAARVRRDRGARIACFDLHGWIGLWGAPWLVLFAFTGALSGLGALGTVSLAPAAFPGQPQRVFAQLMGAPPPAAAGRPWSRAPDLDALLRRDAARAPAFRAEVLALHHWGDANASVEIAGTAAGLPSTALFERHLYRAADGQWLADATSRGRGVWLRAFIAVQPLHVARYGWAGTAGGGLRALHFLMGVAACVLCATGLLLWIERRHAHGDARARALAALGAGVCGGLVLAGGVLLFAGRVLPPGARADTALAALFWSTWLGSALLAARVRDRAALARGLMGAAGAAYLLAGAAHLSIALLEAGTPVYGHVDAALAGLGALLLRAARRGRRVATLSAGVPPPHSELL
BUR91,MYALAAALAFASLAAVYAALQGPAAVPALQPARAAQALADNLAVYRQAALDYARAHPGTRGAVPNARLAFPAWYPGADPLWRNYVENGTVVAYAASAPPVNIAGEVATLAEGSLLAGVAYRGAVVRPGRADPNAPASGVPLPAGLAIADGLPVWMGQAY
BUR118,MRKPAHARFNHDSSARSASRPNPPARVFGDDPVRARARRPARIAVHRRRPRTVHRQRAVNRRRAARFAHAPGAHGPRPNMIADPVLHTLLLRTGHWLRRHTRGFSRSDFWPGRAFLEAFTVLAAWVLPAIAGVVATGWLGGHRSVTYLQAAIQEGIGPHIWNVFGTLGAVLFGLLVAAPTQRWLALAAHQVMLNAYSLGALMLGLLLGQWICIGAPPASGLLHASLRTAGIGALFSIAFGLNLAVWYVAFLASPKRLHTGFMLKIAQCAPQFRVPLAATIVTAALASLYLYLGR
BUR90,MHQERRKRNADRHGTHPYDADSRAAPREAPRFEHEPKKQRDAAQHEVDRDRAAREIRERIEHKARPDVRRAERPISQDVAQTPIGAAGAISPSTAHSIFLEIGLALAGRPIQVRRNRAPFTHGTPRRRPARGPTARTASPAPV
BUR117,MNAFFSRFSIRTRIFSTLGLVAALLTITGVIGFFSMQNSNAALDDAYTRQLAAKTALASASLNLAITRTTLDRVILHPEVPDAANTIAKAEQYLAASERGWRDYEALPRGDDEKTLAAQANAARRALADEALKPMIDALKAGRHDEADRLMMTVAPPLSVAWTKATNALDDARAAYGKAAYDDAEQMYGWLRLVLGGLIVFGLAACLGCAIGLHFAITQPLVRILGHLRRLSDGDLTGELRWTSHDEMAELVSGLTTMQRSLSETVRKVTDGSESIATATRQIAAGNTDLSQRTEEQAAALQQTAASMEQLTATVKQNADNAREAQNCADNATDIATKGATVVGEVVGTMAEIDQSSQKVADIIGTIEGIAFQTNILALNAAVEAARAGEQGRGFAVVAGEVRTLAQRSASAAKEIKALIGESVERVATGSRLVGSAGDTMQEIQRAIARVTGIMTEISAASNEQRDGIEQVNRAVSQMDQVSQQNAALVEQAAAAAASLEEQADGLRRTVGAFRVVA
BUR116,LKRERRARRSRLPAAAGGLWLVVAALPPGARAATCEGDKTLVTLPAIAVAADAPVGTVLWRQKGIAFSTYCTLGWFDTSNIYVWRADLRSALQPYGLTFWLTYGGQGGNTALQIKEPMVVDLGGKAGYASGSVDLELRKTGVTPAQGVVGAADIPAFYLDSNTNYNKGSHYIRGLTNISFVSYTCDIDTGSRSMNVPLGDVRVDRFSGIGSTFADRNFGIGMTCTQPAGTYDIALTFSATADSSGAPGVLAITQGASSASGVGIQLLMNGSPVTFGAVLDAGSATAGATLTIPMTARYYQTGSVVTPGAANGIATFAVSYK
BUR115,VKRLFLILILVPTMFLAAGCDNVPAGYVGVKVQRYGDDRGVNVEVKGPGRYFNGPNVDMFIFPTFTQSYVWDKAGKSDESFTFQTVEGLSVNTDIGVSYAIPRENAPKVFQKYRRGVDEITGVYLRAIVRDALNLAGASMAVEDVYGRGKAALQQRVEDEVKANAAKVGISVEKVYFVNQMRLPEQVMNSINGKIAATQIAQQKENELRAAEADAAKQVAIAKGEAEALEVKAKALRENSQILQQMAIEKWDGKLPQYARRAVGWAFSQHADTDLALKALRRAYDHRRPPPGLMFHSDQGCQYTSTRFLAELRARGTIQSMSRRGNCWDNAVVERFFRSLKNEWIGDQLYVDHRHAEQDITDYLVDFYNHRRLHSAAKGLRQTYRFGVQGQ
BUR114,MTQQRFAPSFALAAWGVPLTALATVCVLAACGGSDVTAPPSAGGGTSGTSGTSGTSGTSGTSGTSGTAGTSGVVNTLGKTATDLGNTISSTSVPGLGSGVTQGVGATVGSTGGIINAAADALSNGLGQTGSTQNPVGTTVAGLGNVVSATSNTVQGLSQTVQALGTGPLAPLSPVTTPVAGALATAANGVNAAGTMLGNALSTGPVQQVTQPISSALTPLVITAGQVTQTVGTTTGVGQPVSGLLQQVGGAISSAGTQIAGTSPSQPLVGDVGQLVSAVGNTVTNAGGLVNPAAPNGAAPIPGLITSVVGGSTATVATGSSSGSTLGSPLNGLLSSLGGGALPSGPLGGSAVSGGASNPLAPITSLASGGTGASTNPLAPVTGLLNTVTGTLSGATSSTGGSTGLLAPVTGSLGTLGSFGK
BUR113,MSNVTRYDPFSLEPVSDLFQGLFRPLRGIADADDEKLASMKIDVTENDQAYAVKAELPGVDKNDINVQIDGNTVSISAKVERNKELKEGERVIRRERYSGEFARTFSLANELDRDAASAQYQDGVLSLTLPKKASSEKKKLTIG
BUR112,MTTNQRESTVSLRRACASLAALALLAACTSTPEAIQRKTGWMRSEVADSYIYAYPLVLMDVAKEAATADGAPVNTLRHAQALPAPGAANPPLASVDMLDSTAWLDVADEPVIVALPDGRGRYLDARALDMWTNVLWSTGPSANPRSGASRARTLAFVGAGWEGTLPEGVTRVDVPARNVWLDVRIQTSGGRDLAAARKLQRAIRVEPLSVYTGDARGARADAGAASAEPASGAAASPVAQVAALDPPAFFSRVARALQDNPPPAADAHAQEILADIGVTAGAPVQWKGDKLIGAENGAAEARERLTALPPNALSANGWSWLGDSVGNYGQDYALRAYAASTQFGAGTRDDETVAVVKTDSAGRPLNGAHRYVIRFAPNALPPARAFWSLAPYTPDGAVPELGRARRSIGERDRLRRNRDGSLEIVVSAAPPGKGYASNWLPAPRADFELALRLYAPKRQAADGTWQPPAVVRK
BUR111,VIMKPLRLPISAAGARRAARLAALVACVALFAGCRQELYGGLAERDCNEMMAALLQNGVDAQKKTPDGGKTWTLAVDDKQIVKAMEVLRARGLPATRYDDLGALFKKDGLVSTPTEERVRFIYGVSQELSDTLSKIDGVVVARVHIVLPNNDPLAQVAKPSSASVFIKYRPNANLATLTPQIKNLVVHSVEGLTYDEVSVTSVAADPVDLVSAAQPAAQNSRGATLVGVLIALAVGGALAAAGGALWWRARKRGGGAGAHGIAARPRGGARDAKAAAPRQAGAQ
BUR110,MSTIKRIAAAAFAAAALSGGFGHAAHAAGQAKNVIFFLGDGMGPATVTASRLYKVGEAGQLTMEKLPRTARIKTFSNDAQTTDSAPSMAAYMTGVKMNNEVLSMSPDTRAIAPGSDANGNKTVNRCGVGNGTPAATLLELAKARGKAVGAITTTELTHATPAATYSHICHRDAQYDIAAQAVPGGAGYNAALGDGVDVLMGGGRNHWTPYDPLANRRGRADGRNLLAELQAKGYAVVATKDQLAQAGAGKLIGLFSTTSHLEYELDRVAGKGEGATQPSLAEMTAKAIDVLRKNPNGYFLMVEGGRIDHALHGTNAKRALEDTVAFDEAIRTALAKVDLSDTLIVVTADHDHTMTINGYSKRGNPVLDISRNYRDGQPNKDADGNPYTTLVFGNGANRPNVRVPVDSSTATNDAYLQEVGVRMGSAGSETHGGGDVMLFADGAGAKAFKGTLDNTKVFGLVKAAFGF
BUR29,VNRNVFRLVLNRVAGMPVPMPAAEVSRGRGKLGCGGVRAQRRGGAACAALLGVAGPSLAFAAVVADPNGGAQRPGMATTANGTDLVNIVAPDATGLSHNKFNEFSPVGRGVVLNNSVRPGESQIGGMAAQNPNLMQPATRALLEVTQQRSVLQGTLEAFGGKLDVLVANQHGVTINGLTTLNVGRLGVTTGQVLPQAAGQLRLGVTQGDVLIDHGGIDTQGLDMFDVVSRSIAVRGPIHDSSRAAGADVRLVAGATAYDPQTGHYEAIAADESKAPVQEGISGELLGAMHGRHIVLVSTESGVGVRHDGPIKSANDIRVSANGEVTLGGPQQAAQEAVAGAQAVGGAGMQNVIAGGTVSVCARGHVAIQGAVTAGQDVDLQGKSVKAGRMSAQRDALVTAADGVTLDGPVDAKRHVWIGAHGDVVIREAAAEQNVVLLGRSVTAGRLDAQRDVLAAARDGVTIHEAAAAGQDVVLQGSSARVGQTSAQRDVLVMAADGVTLDGPVSAQRAVWVETQGDVAGSEWIKAGRDVQIGAAADLAGAVTAEEMQQLKAHGDAANRRRVKAGRNEPAGTAAERPAAAEQTVAVADAMREIGVGGDRLSGLDAAPGTPGTPFGAHPQAMFDDPAAQIARSARSTATAGGHAGSFMRVGDGHIAKMTTSREAEIYENYRLALAGVIPDTVPPEEVDSRVGVTARQRQAMATFKGWAEMKGQRVVVMQALGAEIAPEDKIELDVKIGASTVSRTELIGAGRTRWQALSKKVRLTAADLLRGSRSLVGDDRGYTLAGRTSGGIALDARNSRNSVGRSSESLIREALDRSPDTRWRNAQHLLGQLQTIREKMHALPLTFVASSVLIAIDKRKPENSVARLIDLAHPVQPFENEADYEKVNHRFEDGLDKLIRLFQQVEK
BUR28,MHSMSNPRLRFSSVVYGLIALAACASFAAHASGARCAASPAKSADGTPQWRPALHYTPRRNWMNDPNGLVYENGVYHLFYQYNPHGNFWDDMSWGHATSRDLVHWDEQPVAMPANAREDIFSGSIVADARNTSGLGTPNAPPLVALYTSVYKAGSGHEPGTQAQSLAYSIDHGKTWRPYAHNPVLTLAPESRHFRDPNVTWYAPGGYWMMTAVVADAPVVKLYRSSDLIRWDFLSDFTLPDVPHRGALWEMPELLPMPLDGDAARMKWVMIVNVNPWSIAGGSGAMYFIGEFDGRTFTPDRAAPANADPAQYSWLDHGADYYAAGTFANAPGEGPVAIAWMSNWDYAERIPTTPWKGAMALPRELALKTIDGRPRVTVAPARAFDAFARTRPAVRIGSLAVASATRELGADARGTVQRIAVTIEPRSARRAGLIVRRSANGRVGTRIVYDSSAHTLSVDRSASGETNFSNAFSQRHIVALPLVNGKLRLDVIVDRDSVEVFDGDGRTVITDLVFPSPADNRLAVFAEGGDATFGDVVVTNLDETAGERRGCPTS
BUR27,MHKRNLVLKAAAALVVGSLALAGCTTTPDKPANAATNASKRQAIDASVDATLSRLYSTVRGSRELVAKSRGVLVFPDVIQAGLIIGGQTGNGALRVGGATVGYYNTSSLSVGLQAGAQSKAIVFLFMTQDALDKFRNSDGWAAGADASVALVKMGANGAIDTTTATAPVEVIVLTNAGLMGDVSISGTKVTKLKI
BUR26,MSLAVSAAMGCMATDAAAQVSYAAGENAYAGPGGNTGPWAFYNPAFSAGTLLYGTAVGNYAYANGEGSSAYGDHATVKGRIGSAFGAYSEAAGDGSTAIGASARALPDFSIAIGTNAQALKDTGQSIPGREDIGTIAIGAGALAQGDNSDPLHVSAPNAFGGYSSATASGAVALGEGAASSGYYANALGSYSKASGAGAVAVGGGAQASAQGAVAIGGATSVDNATALSGYASASGVNAIAIGSGAQATGARSISIGTGNVVSGASSGAFGDPSTVTGTGSYSFGNNNTINSNNAFVLGNNVTIGPGFDGSVALGSGTTLAAANPTGSATITTSSGGQLTLSGFAGANPTSVVSVGAPGAERQITNVAAGRITPTSTDAVNGSQLYAVASTIDNAVNGGGIKYFHANSTLADSTAAGTDSVAVGPAALAYGNDSIAEGTNATAGVSGNPAVAGDVALGSGAQATGGRSLALGANASVNTAGGVALGAGSVANRAAGTYTDPITGSSFTTAFGAVSVGLEGSLRQITNVAAGTQATDAVNVGQLQGAIAQLNQTIQNITNGSNSGNTGNNGNNTGQTVSGQWITGNPSTYTPPVASGIGSTAAGSGSVASGANSVAIGDGASASGNNSVALGAHSVASAPNTVSVGSVGNERTISNVAPGVNGTDAVNVNQLNSGIGNAVGQANQYTDQKVDHLRREMNGGVAAAMAVAGLPQPTAPGKSMVAIAGSTWQGQQGFALGVSTISENGKWLYKGSLTTSTRGGTGAVLGAGYQW
BUR25,MTVLELNELVKAFEEKFGVSAAAVAVAGPAAGGAAAAAEEKTEFTVVLAEAGSNKVAVIKAVREITGLGLKEAKDLVDGAPKPVKEGVDKASADEAKKKLEDAGAKVELK
BUR89,MSTAALVEGKIVQCIGAVIDVEFPRESMPKIYDALILEGSELTLEVQQQLGDGVVRTICLGASDGLRRGVVVKNTGNPISVPVGKPTLGRIMDVLGRPIDEAGPIESENKRSIHQKAPAFDELSPSTELLETGIKVIDLICPFAKGGKVGLFGGAGVGKTVNMMELINNIAKEHGGYSVFAGVGERTREGNDFYHEMKDSNVLDKVALVYGQMNEPPGNRLRVALTGLTMAEHFRDEGLDVLFFVDNIYRFTLAGTEVSALLGRMPSAVGYQPTLAEEMGKLQERITSTKKGSITSVQAVYVPADDLTDPSPATTFGHLDATVVLSRDIASLGIYPAVDPLDSTSRQIDPNVIGEEHYSITRRVQQTLQRYKELRDIIAILGMDELSPEDKLSVARARKIQRFLSQPFHVAEVFTGSPGKYVPLKETIRGFKMIVDGECDHLPEQAFYMVGTIDEAFEKAKKIQ
BUR24,MKPKITFYAISIIIAQLWSANIQADTPNLDLMVKGTIDVPSCTVSVANNGIYDYGKILPTIITSGTGHTDLGKMTKAWSVNCDANTFMTFKVTDNRSESASVSSHDSRTLNTFGLGMVNKTGKLGYYTIKMTNPTVDGEATKLFNTLQTSDTDIYVRHSDIIQGWGSPNSLAIGRDFTADLTVNAYLAGTSIMAGPLTESIDLDGSTTLSFAFGL
BUR88,MKAKALLCAAWCVAIFGTIGIGAANAMPVRWRSTVVHVVLEGKDLKDVLRDFAASQGVATSIAGNVQGTVTGRFDLSPQRFLDTLAATFGFVWFYDGNILSITNANDMTRQVLPLDHASIGELRSALRQIGMDDKRFPIFYDEVSGTVLVSGPAQYVQIVTDIAQRLDTLSGRRNGSTIRIFKLKHAWAADRNVQIDGNTVTMPGIATVLANLYRVRGRAGTGQSSAAPGVQRVQPMGDVSGSAYGGNRLMPPLPPSMMGGGRGDAFAKGASIDGESGGAASAAPGGAPRTEEVSAERDELPIIQPDPMTNSVLIRDLPDRLAQYAPLIQQLDIRPRLIEIQAHIMEIDDDLLREIGVDWRAHNSHGDIQTGTGNTAQNDYSGGQINPFFGTTTLAGNAVVNAAPAGVSVTAVVGDAARYLMARVSALQSTSKVKIDASPLVATLDNSEAVMDNTTRFFVKVSGYASAELYSVSTGVSLRVLPMIVQDGSETRIKMNVHVTDGQLTGDQVDNLPVITSSEINTQAFVGQGQSLLIAGYSTDKRANGVAGVPWLSKIPLLGALFRYHSDSQNHMERVFLLSPRIIDPGT
BUR23,MAFKILSCDGGGIRGLITALLIQDLDRRSGILAKADGFAGTSTGGLIALALARGVSISEVVDVYRNRGSEIFQESGAWLEQRATIATDASFAAFAGPGLFACQYVNTGLKRIAQELLRGGDLTELHRLTVINSSRLWDPALRSWSACTFSNASGNAYRHVALVDAALATSAAPSYFPPYEVPSLGYFADGGLFANNPSMTAVSEALASRLGGELGNLRVLSFGTGISQAGIRPSAIGDPLRWGVTTWFWPFESHDVPASALLGLTLDTTAMLATQQATQLLGGGYRRANFVLGETVGLDDWRKASLLESETAAYMKTPAWEGVCQWVDANWR
BUR87,MTSTFLRHAPTARGDHARRRRRAITLTVPALAAGAFHLAPAVAQTSEAVHGHGTLGASGVASRADTDAASAKSDGAVREAASAAASRTTTGAAPDATTLPTIEIVAAPESTPLVVVTDPKTPRQPLPASDGADYLKTIPGFASIRSGGTNGDPVLRGMFGSRLNILANGMPTLGACPGRMDAPTSYIAPESYDKVTLVKGPQTVLYGPGASAGTVLFERVTPRFKTPGMRFDGSVVGGSFGRNDQNVDVTAGTPDFYGRVSANHAHSQDYEDGNGRTVPSQWDKWNADAALGWTPDDNTRLELTAGTGDGYARYAGRGMDGAHFRRETFGLKFDKKHIGDVLDRIDAQVFYNEADHVMDNYTLRMPDPTSSMPMRMASEVRRRTLGARVAATLRLTDAFKLVTGVDAQSNRLDSRSAMGMQNYGDKPWNPQANMWNAGAFGELTWYASDASRVIGGARIDYAAARDKRATTGGMKMSMRNPTFDDLRSRVLPSGFVRYERDLASLPVTWYAGIGHAQRFPDYWELFSAKRGPNGSINAFSAIKPEKTTQLDIGAQYKSDKLDAWVSAYAGYVQDFILFDYATGPMGQITQATNVNAQIMGGEVGASWRPLAPWRFEGSLAYAWGRNVQSGAPLPQMPPLEARFGVEYTRGPWSAGGLWRVVAPQHRYALNEGNVVGKDFGPSAGFGVLSLHAQYNVSKTVQISVGVDNVLDKAYAEHLNLAGNAGFGYPANLPVTEPGRTAWVRLSTKL
BUR22,MKKRTAVAMTAAGLAAVATAHAQSSVTLYGIVDNGIAYQSSSTSLGSTTGGRSAVKMSTGVWAGSRFGLKGSEDLGGGSKAIFQLESGFSTANGTSQFAGGIFTRQAWVGLTNPTYGTLTAGRQYTAYYTLLSPYSPTTWLTGYFGAHPGDIDSLDTSYRTNNSLVYLSPKFYGFTFGGSYAFGGQPGSVNAGSTWSAGIQYMNGPLGIAAAFQRVNNSTSGGGDWGANSTTSNGGAQTAVSAINNGYKTAQAQQRVAVTAGYQFSSAWDISVSYSNVQYIPGVNSTFRNTAIFNTAGAVLHFKPSAQWDFAGGYAYTRATQSNGITSAAQYHQFTLSQYYSLSKRTGLYAVEAYQRANGKTLAGGKIIDATASIGDGFNTSPSSSRSQVGVGVGLIHRF
BUR86,MAAITASMVAELRAKTDAPMMECKKALTEADGDMAKAEELLRVKLGNKASKAASRVTAEGVVASFVGANAGALVELNCETDFVAKNDDFNAFAKTVAELVATQNPADVAALSALPLDGKTVDEVRLALVGKIGENISIRRFVRFETSNKLATYLHGSRIGVIVEYTGAQEQVGKDVAMHVAAMKPVSLSADEVPADLIEKERRVAEQKAAESGKPAEIVAKMVDGSVQKFLKEVSLLNQPFVKNDKQTIEQMLKAADAAVQKFALFVVGEGIEKRQDDFAAEVAAQVAAAKQQ
BUR21,MNLRPLHDRVIVKRLDQETKTASGIVIPDAAAEKPDQGEVLAIGPGKRDDKGAPIALDVKVGDRVLFGKYAGQTVKVDGQELLVMREEDIMAVVNAK
BUR85,VNKPYRTIWNASLGAWVAASVIARTCGRPGSTRTILVVTVAMVGASGAYAQYVAGGGSQTEQPGGKRDISTSANDSALLSNARGGDSGANGSSARGNGTADENGRAYIGMSTFLGQKTMAADMQGPFHGKP
BUR20,MNKTLIVAAVAASFATVAHAQSSVTLYGVLDAGITYQSNVATPSGSGKSLWSVGAGVDQSRFGLRGSEDLGGGLKAIFTLESGFNIGNGRFNNGGGMFNRQAFVGLSSNYGTVTLGRQYDATQDYLSPLSATGTWGGTYFAHRLNNDRLNTNGDVAVNNTVKFTSANYAGLQFGGTYSFSNNSQFANNRAYSAGASYQFQGLKVGAAYSQANNAGANTTGATDPLTGFNIGGTNAASIQGRSRVYGAGASYAYGPLQGGLLWTQSRLDNLANGAPTTRADNYEANVKYNLTPALGLGVAYTYTNAKANGESTHWNQVGVQADYALSKRTDVYAQAVYQRSSKNANASIYNGDLSTPFSTSINQTAATVGLRHRF
BUR84,MRVERVPYRLITVATAAVFLAACGKKESAPPPQTPEVGVVTVQPQPVPVVSELPGRTSAYLVAQVRARVDGIVLRREFTEGSDVKAGQRLYKIDPAPYIAQLNSAKATLAKAQANLATQNALVARYKVLVAANAVSKQQYDDAVAAQGQAAADVGAGKAAVETAQINLGYTDVVSPITGRVGISQVTPGAYVQASQATLMSTVQQLDPVYVDLTQSSLDGLKLRQDIQSGRIKTEGPGAAKVTLILEDGKPYPERGKLQFSDVTVDQTTGSVTIRAIFPNKQRVLLPGMFVRARIEEGVNENAFLVPQIGVTHDPKGQAIAMIVDGKGKVEPRVLVTGGTQGQNWVVESGLQAGDRVIVQGIDKVRPGMTVKAAEAQLPAAAAGASGAAPAGGSPAQAAAASAAASGAAPSSAAAASSAQ
BUR83,MDWTCCEFRHLSSNELYMILRTRNAVLVVEDAHTHLDIDGKDEFAIHVFATDKRGEQPAIAAYARLLPGDDIDPETTIDKILTSAAHRDDRTIDALIEHVLAAAHARWPDAPVRVQAPAPREGFYNRFGFRKVDGPYLEHGAPYVGMLRAASAPSKAVRNLLDLVGNATGANPGTSAGAVPASAARKPRKANAESTTEGERYAFAGRLPADSGMNR
BUR82,MSSLVQYVKQFVRDEGGVSAIEYGLIAALIAIVIIGAVKTVGTNLNSVFSTIGNDL
BUR109,VTPRAALVTLLLAAWSAPSVAQALHPGSGAQSVEVGAGSNASGSQSTALGNGAQATGSHSTATGQGSHATGSNSTATGQDANASGTSSTATGQGSQATGNNSTATGQDATASGTSSTATGQGSQATGSNSTATGQDATASGESSTATGQGSQATGNNSTATGQDATASGTSSTATGQGSQATGSNSTATGQDATASGESSTAMGQGSQATGNNSTATGQDATASGESSTAMGQGSQATGSNSTATGQDATASGESSTAAGQGSQATGSNSTATGQDAIASGESSTATGQGSQATGSNSTATGQDATASGESSTATGQGSQATGNNSTATGQDATASGTSSTATGQGSQATGSNSTATGQDATASGESSTAMGQGSQATGSNSTATGQDANASGESSTATGQGAQATGDNSTATGQDAAASGESSTATGQGSQAAGSNSTANGAGAAATGHQSTALGAGAQAAGSQGVASGWNANASGTQGVAIGGNASAQGNQSIALGANASATGDHSIALGAGSQATGSNSVALGQGSIADRDNSVSVGSDGGERNVTNVANGWHDTDAVNFRQLREVARYAYSGIAAATALAMIPDVDAGKTFSIGVGTGGYLGYQAVAVGASARLGQNLKVRVGAGISAASTTWGAGASYSW
BUR81,MVKHAAATLLGALAVAGAWAQSSVTLYGSLDAGVAYVNNVGGGAKWSMIQGNTQPDRWGLKGVEDLGGGLKAIFQLENGFYTNNGQMAAAGTMWNRQAFVGLNSDRLGALTLGHQTPFNFDWLDPLSSAFLAQSWYAFHPGNLDQLADTSTVPFNNSVKYRSPAFAGFTVGAMLGFGNTTNFSTGRTMSFGVNYANGPFKAAAVYSNEHDQAFPMATVGGIAGPGGTFQGMPVASYVAKKAQNMGAGLSYRFGPLLVHGLYTRVKLQANGHSDTFQSYDAGANYQSSPFNVIAGGAATSTLAGRRWSQFELGDTYSLSKRTQLYVNVLYEHASGNAKAAFFTAGASSTANQVIVLTGIHHSF
BUR108,MNKVYPSAAAALEGVVHDGQTFAVGGFGLCGIPEALIAALRDSAVKGITCISNNAGVDGFGLGLLLETRQIKKMISSYVGENKEFERQYLSGELELEFTPQGTLAEKLRAGGAGIPAFFTQTGYGTVIAEGKETREFDGKHYVLEPSLTADVALVKAWKADKSGNLVYRRTARNFNPMCAMAGRITIAEVEEIVENGELDPDAIHTPGIFVQRLVLNATPEKRIEQRVVRAKGD
BUR80,MHPIVRRLLLVAVFSPLSAAAFNEEQGYNQCILNALRGSRNPTATGLMRNACDQLYRNWAMLQPRDRAYHTCILDSLGDVKDTYAVQQLAAACSRQSEGAGPTFK
BUR107,MRAERDRWATAGFVLVEVMAALMLVALAAMLTAPTLAGARMRDRVDARARVFGALLAYARGEAVRLGARVVLCRSDATAKCIAAGRPCGGGAADWSCGWAVVAADGERGTRLLRRIAPDARVAVTGATVDVVFTPPAGQVIGGFRSFEFAPADASGAWRGERWRRCLRIAAGGRVRFAEGGCGAST
BUR106,MNINTISHGTLRTTLIAATVAAMLSLSACGGSGTISKGLDGSGSGSGGGNAISTTGGSGSGGTSGAGGSGSGGSGSSGSTGGLSGGGGSTSGGGSTSGGGSTSGGTSTSSSINALGTIAGNTGGIISGAGSTVSGLGTVVGSQTLPGVNPQTTQALGGIVQDLGGAVSALGSGVTSGIGQLGSSTNPIGTTVASTGGVVSQLGGAVTQTGNLVTSLGTGPLAPLAPLTSPLGGAVSTLGNTITAGGTTLTTALSTGPVQQLTQTVSSAITPITSMVTGTTQTVGNVTGLGAPVNTLLGTIGGGLNQAGALISKTGNNPVTTGLGQTVSATGNTITSVGGLLTGGSGATNPLAPITAAVGGLTGTLSGVSGATSGTPLAPLTNVVSTVTGALSGATGGATSTSPLAPITGLVSTVTGALSGATGGTTGSTSPLAPVTGLVSTVTGALSGATGGTTSTSPLAPVTNLVSTATGALGGATAAPATSTTTSATNPVASLTAPLTGTSSGTSGATNLLAPVTSLVGGLLGGIKK
BUR105,VKKKVVSFAVATLFGLVAAQSVYAQSIDQGQVKFTGELTANTCTIDAGSKDQIVPLPKVSTSALAAPGDVAGSTAFEIKVSKCAADVKKVAAHFEMENMDPNTRTLKNEATGTDAATNVTIQLVNSDGTELPVGSTGSYFDVTGTDDARGATMIYGGQYYALDTTTAGKVESHTLFTLAYE
BUR104,MPESPNQFPPSYQSATESERQQSLRTLTHILYLLYAIHWLTGGITGIVAIIINYVKRDDAVGTAYQAHFEWQIRTFWRALIAYLIGFALLLVGIGFIVLGAVWIWTLYRIIKGWLYLNDNKTLDPQAWF
BUR103,MTARFVSLRIGAAAAVLAFAAGCTTFSRDGGFGAVSSAAAERLGQDAVLVKTDADRDAVARRTQALLSKPLGIDDAVQIALLNNRGLQASYAELGLSEADLVQAGRLPNPGFTFSRTHSSNDLSIGRTFSMSVLSMLTLPLATKIEGRRFEQTKLETADAMLKVAADTRRAYVEAVAAAQAATYAEQVKDSADAGAELALRMRRAGNFSRLDYAREQAFYADAVAQLANARLRAVAAREKLTRAMGLWGASAGYELPERLPELPAERPRLDDVERFAMDHRLDIRAAKLRTQGVASSLGLTQATRFVNALELGYLDNYETDKGHEHGYEISVEIPLFDWGGAKVARAKAAYLQSANRLAQTAIDARSEVRESYAAYVTRYDIAKHYRDEVVPLRKTISDEMLLRYNGMLVSVFELLADARDQIGAVNAYIDALKDYWLAQADLQQAVGGRLPRGAQAASEPPAATPASAAAAGARAAAVASGAAAPASEATSVSSSASVSTSASASMPATTPASTAASAPALASPRAIATAVSSHAHEPASLSGAVPLTNSKGQ
BUR102,MPIPHALATLAAAALLMHAACAATLAVHPGERIGAALAAARPGDTVLVQHGRYEENLRIDKPLTLRGVGRPTIDGRLAGDVIRVAAPDVTISGFSIVDSGASLTAQNAGVYVAPGSDRARIERCELVYNLFGLWIERSADVRVTGNVIVGKRDLLSPRRGNGIQLYNTTGARIAGNTISYTRDGIYVDVSHHARFEHNTIHDVRYGTHYMNSYYNVWDGNDVYHNRGGLAIMEARDQIVRGNRVWGNTDHGIMLRTIQDSLIENNVVAGNQRGLFIYDAEYNTIRGNLVVDNKIGVHLWGGSIHNDVTGNDFADNREQIRYVAASDVAWPGNYWSNYLGWDRRGRGVGDVPYKANDLVDRLTWRVPSVKVLMNSPAVQALRVVARQFPLLAVPSVVDDAPRMRAVHAGWPQWVGKR
BUR101,MTILVIAEHDNASIKAATLNTVAAATKIGGDIHVLVAGHNAQGAADAAAKIAGVSKVLLADAPQLADGLAENVEATALNVAKDYSHILAPATAYGKNIAPRIAAKLDVAQISDITAVDSADTFERPIYAGNAIATVQSSDPIKVITVRATGFDPVAAQGGSASVEKIDAAADAGVSQFVSREVTKLDRPELTSASIIVSGGRGLGSGENYTKVLEPLADKLQAALGASRAAVDAGYVPNDYQVGQTGKIVAPQLYIAVGISGAIQHLAGMKDSKVIVAINKDPEAPIFSVADYGLVGDLFTLVPELVNELG
BUR100,LKTSKTVLACLAASAIVALSGCATEASRTLPVPPSASAQKPFAGKPVGIAVGKFDNRSSYMRGIFTDGVDRLGGQAKTILVTQLQQSRRFNVLDRENLDEIKQEAAFMKKAQAVKGANYVVTGDVTEFGRKEVGDQQLFGILGRGKSQIAYAKVNLNIVDTTTSEVVLSSQGAGEYSLSNREIIGFGGTAGYDSTLNGKVLDLAIQDAVNHLVEQVDAGALASGK
BUR19,MDVLMQAFYRHAGAIAIAYARVAPVFYLLPFLNDRTIVNGIVKNTIVFAIILGLWPSFAHPPLQGGALAGVALTEAAAGVVLGVALSLPFWVATALGELIDNQRGATISDSIDPATGVEASALAPFVSLFYAAAFLQQGGMLTIVGALEASYATVPAGALFSVDLPRIGALLTDLVAHGLALAAPVLIVMFVTDALLGLFSRFCPQVNAFSLSLTVKSIVAFAVFHLYFVYAAPHELTALLRVHPFSSLVK
BUR18,MKSSFSRALQTTFACAAVAALAAGASGACAQSSVQLYGQVDEWIGAQKFPGGQRAWGVQGGGMSTSYWGLRGTEDLGGGYQAIFTLEDFFRAQNGHYGRFDGDTFFGRNAYVGLATPYGTVRAGRLTTQLFISTILFNPFIDSYVFSPMVYHVFLGLGTFPTYTTDQGVVGDSGWNNAIDYTSPSFGGLNAAAMYALGNTAGDNRSKKWSGQLNYSSGPFAATAVYQYVNFNGGPGDLGALVSGMKSQGVAQLGLSYDFKLAKIYAQYMYTKNELNTGSWHVNTAQGGVSVPLGPGSALASYAYSRDSGGHDQTRRTWALGYDYPLSKRTDVYAAYMNDRYSGMSGGDTFGAGIRAKF
BUR17,VASIMTIKRLPIAPLSALVMFSAQAQQIPTPNDQAAAARANAEQNQQAQQRRDAQQRDATVQAPGVRSDVPRPEAYPVLPTETPCFQIDRFALDVPDSLPAASKAQGASALPMDRFAFARDWLAHYAGQCIGKQGVDLIVKGLSQAILARGYITTRVLVPEQDLSTGALKLALIPGVIRHVRFEDEKLLGTWKTAFPTRDGDVLNLRDIEQGLEQMKRVSSQDVSMRIAPGDMPGESDVVLDVKRGKPWTVVASIDNSGTRATGKLQGNVSLGIDNPLGLNDIFNVGFNQDLEFGDKRFGSHGWNAFYSIPWGYWTGTLSAYTSTYFQPLAAVNQTFVASGNMKTVDFRLNRVLTRSRNDVLGAQVRLTRRFGDSYIEGTTIPSSHQNATFLEFGLNDRHYFGSSQFDGSLAYRQGLGWLGSTDSMFAAEGGQTYRFKMVVLDANLSTPFVIGTQPFKYVTTFHGQYTGNTVSYLDSVTIGSRYTVRGFDGETLLAGSRGFYWRNELQVPVAQTGLSAYAGLDYGRVWGPEPVALVGTQLAGAVIGVKGSLMTRFGGYGYDLFAGTPVYKPSGFPTARVTVGFQLTAQF
BUR16,MHAFRCRRGPPVPLAIVALACACVFGAPRARAAAAHADAPVAASIASFEPAGGPAAAADAADTAVMPAPPASFAPPAAPPVPQVASLASSASTVPTTPTATTAPIASAPAATPLSAPPLAPPAAAPPAAAPLVIVPRRFDDTALVKVDSEGMPDGWSLAEVAPNQENQPALPEALVAHVQAPAQRHTELSLAYSMAHLTNGYGDWYGVHLRGLYQAGGRTIIGELAQLHRFNESTQLGAITYIQDMGPDWFGGIGFSGTTSGTILPSARVDLSLNRKLLSNRSLVLSAGAGYAWNRNGHRDQLYHLGAIWYAVPKWIFEAGWNYTVDSPGSVKAPAYYGAITYGEVGKSLIVLRGSFGREAYQATGNNAQITDFRSHEVSLKWRYWVTRKWGTQVEFDYYHNPYYLRIGGEVGMFYRW
BUR15,MHAKASSSHAPDAPKPSSIATTLCRALASLSLGLSMDAEANPPEPPGGTNIPVPPPMPGGGANIPVPPPMPGGGANIPPPPPPPGGIGGATPSPPPLTPVNGNPGASTPTKTGLLKTLNRLSAELQNNPRVTEDVVDNVDAVIRNAVNLAPDANGDFSGRSAMPIEMAANAALRSLKKNPGDAGHAAPAYLPAERIGQLREKVRRTIEALESNRPPKPQPRSTPPQSTPPKPTQHPTAPNPNVPDASTPDASTPDASTPDASTPDASTPSRPAPAPRAGTGAPAASAATRAPAFANRVRKPNPAMPAASSHAIASDFASSNAFAIGDDSTAVGAQAIAFSEQSIAIGSRAIAAGARSIAVGTDATAAAPDSVALGSGSIAEREGTVSVGRDGHERQITHVASGTEPTDAVNVTQLRAAMSNANAYTNQRIGDLQQSITDTARDAYSGVAAATALTMIPDVDRDKRVSIGVGGAVYKGHRAVALGGTARINENLKVRAGVAMSAGGNAVGIGMSWQW
BUR79,VRTADGLELACYRWPSTAPSCAAPRATVALVHGLAEHAGRYQAFAERLNAAGIEVVAIDLRGHGRSPGERAWAERFDRYLDDADALVASAARENTPLFLMGHSMGGAIAALYAIERAAARHASLAGLILSSPALAPGRDVPQWMLAMSRFISRVWPRFPALKIDAALLSRDPAVVAANRADPLVHHGSVPARTGAEILDAMRRIEAGRAALRLPVLVYHGTADKLTEPDGSRDFGAHVGSPDRTLTLYEGNYHETMNDLERERVIGALIDWIAARVPARG
BUR14,MKKTLIVAALSGVFATAAHAQSSVTLYGLIDAGITYTNNQGGHSAWSQSTGSVNGSRWGLRGAEDLGGGLKAIFVLENGFGINNGTLKQNGREFGRQAFVGLSHEQYGALTLGRQYDSVVDYLGPLSLTGTQFGGTQFAHPFDNDNLNNSFRINNAVKYTSVNWAGLKFGALYGFSNNNQFANNRAYSAGVSYSYAGFNIGAGYLQLNNNFGPTVSNASGAVALDNTFVGKRQRVFGGGLNYTFGPATAGFVFTQSRVNRATAIGAGASGVSSGIALDGTFMRFNNYEVNARYAITPAWTVAGSYTYTAGFIENHHPGWNQFNLQTAYALSKRTDVYLQGVYQKVNNDGTGLGAYINGIGGMSSTEKQIAVTAGLRHRF
BUR78,MTRTRFALRRVATALVVAGIVAAQAAHAQVTLNFVNADIDQVAKAIGAATGKTIIVDPRVKGQLNLVAERPVPEDQALKTLQSALRMQGFALVQDHGVLKVVPEADAKLQGVPTYIGNAPQARGDQVVTQVFELRNESANNLLPVLRPLISPNNTITAYPANNTIVVTDYADNVRRIAQIIAGVDSAAGSQVAVVPLKNANAIDIAAQLTKLLDPGAIGNTDATLKVTVQADPRTNALLLRASNAQRLATAKKIAQQLDAPSGVPGNMHVVPLRNAEAVKLAKTLRGMLGKGGGESGSSASSNDANAFNQGGSQSGSNFSTGASGTPPLPSGLSSNSSGGAGGTTGGGGLGNAGLLGGDKDKGDDNQPGGMIQADAASNSLIITASDPVYRNLRAVIDQLDARRAQVYIEALVVELQATTSANLGIQWQVANNALYAGTNLVTGQTGLGNSIVNLTAGAVTNPGGTLGSLGSITNGLNIGWLHNMFGVQGLGALLQFFAGSSDANVLSTPNLVTLDNEEAKIVVGQNVPIPTGSYSNLTSGTTANAFNTYDRRDVGLTLHVKPQITEGGILKLQLYTEDSAVVPGTNTTSANSPGPTFTKRSIQSTVLADNGEIIVLGGLMQDNYQVSNTKVPLLGDIPWIGQLFRSEGKTRQKTNLMVFLRPVIINDRETAQAVTSNRYDYIQGVTGAYKSDNNVIRDKDDPIVPPMPLGPSQGGSPAMNLFDLDKMRRQQLAPPAPASAPAAASDAGTASPGARP
BUR13,MDIIRPTFAPDAARSPDAIRAEIAALVREYANATQARAPFVPGRTPVPVSGKVIGAPELQHMVDASLDGWLTTGRFNTAFENRLARYLGVTHVITVNSGSSANLVAFSTLTSDRLGERAIRPGDEVIGVAAGFPTTVNPILQFGAVPVFVDIELGTYNVDATKLEAALSPRTRAIMLAHCLGNPFNVEAVTSLCRKYGLWLIEDCCDALGARYDGRLVGTFGDIATLSFYPAHHITMGEGGAVFTNNDELARIAESFRDWGRDCYCAPGADNTCGKRFCWQLGELPRGYDHKYTYSHCGYNLKITDMQAACALAQMDRVDGFIERRRGNFAYLKERLSSCDAFLHLPQATFNSNPSWFGFPLTLREDTGVARVDLLDYLSQGGVGTRLLFAGNLTRQPYMRHRRYRVSGELAVTDAVMERTFWIGVFPGLDEAMLDYACTKIETFLGINF
BUR77,MSLFNKIVKEFQWGQHKVRLETGEIARQASGAVIVDIEDTVVLATVVGAKSAKPGQDFFPLTVDYIEKTYSAGKIPGGFFRREGRPSEHETLTSRLIDRPLRPLFPEGFYNEVQVVIHVLSVNPEIPADIPALIGASAALAVSGLPFNGPVGAARVAYVNNEYVLNPTREQIKASRLDLVVAGTERAVLMVESEADQLPEDVMLGAVVFGHEQMQTAIDAIHELVREGGKPEWDWQPAPKDEALNARVTELAQPELLAAYQIRDKQARSTKLKEVYAATSAKLEEEAVAAGTVAADKATVGNILFDLEAKIVRGQILNGEPRIDGRDTRTVRPIEIRTGVLPRTHGSALFTRGETQALVVATLGTKGDEQIIDALEGEYRERFMLHYNMPPFATGETGRVGSPKRREIGHGRLAKRALVACLPSADEFGYSIRVVSEITESNGSSSMASVCGGCLALMDAGVPMKAHVAGIAMGLILEGNKFAVLTDILGDEDHLGDMDFKVAGTADGVTALQMDIKIQGITKEIMQVALAQAKEGRMHILGKMKDAVAGANTQLSEFAPRMITIKINPEKIRDVIGKGGSVIRALTEETGTTIDISDDGVVTIASTNSEGMAEAKKRIENITAEIEVGHVYEGTVLKLLDFGAIVNLLPGKDGLLHISEIVNERVKDINDYLKEGQQVKVKVIQTDEKGRVRLSAKALLNEAAAQADTPPQQ
BUR12,MAKPAKRVAVTGAAGQIAYSLLFRIANGDLLGKDQPVILQLLDLPQAQAAVKGVVMELDDCAFPLLAGVVITDDPKVAFKDADVALLVGARPRSKGMERKDLLSANAEIFTVQGAALNEVASRDVKVLVVGNPANTNAYIAMKSAPDLPKKNFTAMLRLDHNRALSQLAAKSGKPVASIEKLAVWGNHSPTMYPDFRFATAEGESLLKLINDDVWNRDTFIPTVGKRGAAIIEARGLSSAASAANAAIDHVRDWVLGTNGKWVTMGIPSDGSYGIPEDIIYGVPVICENGEYKRVEGLEIDAFSREKMDGTLAELLEERDGVAHLLK
BUR76,MKLKTSLLALSIAMLGTTAAHAAAPTQDLIVKGSIDVPACTVVAADNGVYDYGKISPTLIKSGTATTPLAKMEKAWTVNCDAETYMSFKVTDNRSDSASSGDNTAFGLGKVNETGKLGYYSVTMQDAQVDGKKARVYATPSTSLGGTGVVATYQKLNKLPSYTHGWANESSATQLAGKNFTANMVVEAVLAGTETMGGALKDAVDLDGSATLTFAFGL
BUR11,MHFFRFAWRHGRYWLCLLIASVLLPQGAAAAVTASYTDIVGADSGLCVSTAGNSSASGAGVVQTSCAGLSNTTWSFVPVGNRYHIVLQGSGLCLNVPGGSLNSGTQLIQYACQGNGQTNDQWTVVAVGSSYRIVSASSGMCVNVSGASHASGAALIQYPCQGAGALNDQFNLYLPVVAATNVTAANSNLCVSVNGGSTAAGASIVQGTCSNQGATGWSLLPAGSGYHVVSQGTGQCLNVYGGYTTSGAPIIQYPCQGDAQTNDQWTLVPVGSKYRLISVSSGMCLNVSGGSLSPGAPLIQYPCQGANALNDQFSLSLPQTFPVTLPSAWSPVIPLPVNPIGIANAPNGKLVMWSADQQLSFQNDVGSKATQTQTAVFDPATNTATQYLETSAGSDMFCTGTAMLPDGRLLVNGGDSSPKTTLYDWTTNTWSAAATMNIARGYQGDTLLSNGSVLTLGGSWSGGQGGKTAEVWTNGGAWTLLPGVPETNIVGPDPQGIYRGDNHLWLFAQGNGTVFHAGPSSQMNWISTAGGGSIQSAGMRGVDPFSINGTASLYDVGKILKAGGAKSYQQNGSVTTYASNSVYQIDITRGPNQPASVQRLNGMTYQRAFANSVILPNGSIVMIGGQSVPMPFTDTTAIMVPEIWDPATQRFNLLKPMQTPRTYHSTAILMADGRVFAGGGGQCGTGCAMNHLNAEILTPPYLLNADGTPAPRPVITNAPATAKLGATIAVSTQGPVASFVLMRLSSVTHTTNNDQRRIPLAIASSGGTSYQLAIPADPGVVLPGYYMLFALNAQGVPSVSASIRIS
