CAN39,MASRDLPHSLNDLAFGWAKHLKEEIIINKNSQQLVDEDFQPDEDVTKETKVKLNNLWPAFASGAGLFADGYVNNSIGIVMACLKILYGDEFTKSNAISNIGSIGFVGTVVGQLSFGYISDRVARKGGMMTANIMLIAFTLLCAVGSWGTTIQGFFACLTVWRFCLGVAIGAEYPTSSVIASEFANQLPAGKRNRYFIWFTGFMIDFGFVVSAFVPFVLLWIFTEKHLRALWRVSIGLGAILPTALFFIRLKMKDSTSFEKLHMKNVRYRDYPWWLIVKFYWFRLTIVSMIWFIYNFSVYSFGTFNAIILGQIIPDAPLWQQWGWSVVFNLFYIPGSFLGAFSADYLGPRLTLAIGVGLQGIIGFIMSACLNGLRKQVAAFTVVFGIFATLGEFGPGGNIGLLASKTSATPIRGQYYGIAAAMGKIGAFVGTWIFPAIQRRYASKTNPDLELQVPFYLSSGLCIFSALLTFFLCPHVGQDAINREDKEFVEYLRKNGFDVSKLGEDSSSVDVDVVKDTDSAEKISETIEVGQKLA
CAN38,MFKKEDQAVSKEVRPEELGSFTGSEEKYSSNEFLNTESKTGFQNFIDSFRRKQATEDESAGQQLAKGISKRHLILMSLVTGIGTGLLVGTGQVLRKSGPLFLVVGYAIAGSFVYPTLQAAGEMAVNYSELSGGYNSYTRMFVEDSINFAISWNYCIQWLSVISIELVTAAITIEYWISETRVNPDAWVAIFYVVIVVIHFIGSKAYGEFEFIIGLIKVCLLVGFIIMGIVVDTGGGPTGEFIGGRYWRDPGPTKNGFKGFCSVFVTAAFSYGQSEFVALSAAEQPNPRKAIPTACRLIFWRIIVLFLGSLTIVGLLVPSNSDHLMSEGGGSNTSPFVLSAALHGVKAVPSIINAVILMSVTSVASSSLYSASRTLQSLAEQGFAPTWFNYIDRAGRPTRALLVSAIIGLFAFIAAYKKQVTVFNWLLAISGLSQVFTWSGICLSHVRFRQALKYNNISTDALGYKASTGVWGSYYALVWYALVLISQFWIALFPIGASKPDANNFFQSYLGAIVLVVFYIGHKLYTRKWRLLIPISEIDINNERTIFDEEILNLERQEEQDKWDRAPWHKKIMIFAFSH
CAN37,MYLSNLGGQSRKTGIRPKTNLKTDKYGMEDVDDFFEDDDDDRINKLKGQKLTIALPRGEEVSNYKSTISQPFNNIARKINFNQEDDETFNLPSTSSSSATVTASSVSNKKSPVTTQQSPLRSPLPEQDYDYNQFDVEEDYGDITEEDKQPSPPPPVPKTKSKAKTKAKASTTTNTNTKSTKAASSFTKKMALGKTKRLPSSFDSVNTSSVTEYYDEDDEDNDRDYGESQQDSIEDSMVDSTFNDYSQPSSNNNKTRRKIIKESPLPSPPPDNPNGLRRSKRTRIKPLAFWRNERIIYSKDLDYDDEQDTTLARDIHNIPLQLIKEVVHIPDNESVDNSGSPNTRTGAAGSTKTRLNRKRTYKQTTTTAPTDYDYESDPEISGSEWFKEDNLLLEVNDNGESKLRKIAYNHKGGNYVKPTDDNYLVASLFDEDKSFFAGGMLQLPSDGFKPPVTVTGSTYMFNVMKGLIQVTLNENMFVVTKGCKVQIPEGNEYSLRNIGQGDAYLFFVQIRKPEEIDTNW
CAN36,MKFSTVALSLPLIAMVQAGISSPTYYKPEHNEEHGVETVEFEFALGVREKCDDSIIYLVYEVDDGQLERNDKKLDCNCKSERVSRPAPSPSAIAVVGGNEECDEDCDDEHRKKGSKQYKRGEVENPRETRDCDFCTIEKSFCQDHFTLCEGVLKDQHSAIGSIVSNHQFQFDKPAQKDALHTCGWSIVEKDCVKLLAVDGCTDFWECPVDDCDTYKLYNSAIDAKCKEIEIIVILLEEEEERKHKSW
CAN35,MSNPYQNSQNGYQQNNSYELNNYPNKQYSSSNEDDFVQFMNEIQDINSQLDNYSNIINLIDNKQKNFLHGLDLNDEDTDYDSKQIENLVNEAQSLQLDLKNRIKNVQTQAVHSRDQTKVDQAETCRKRFLDLIQDYRLVEARNKESTKEQAARQYQIIKPDATDEEIKAVVEDGSQQYFQQALMQSNRRGEARSVLNEVQVRHRELLKLEKTMAELTQLFHDMEELVIEQDQPIQQIEEQVGTAQHDIEQGVGHTNKAVKSAKSARKKKLWCFFICLLIVIILAVILGAYFGTRK
CAN99,MDERNKFKLKLSSLSLKNTPSRQASVSSRNQGDDEANELINILPSYQMYRSTITKNLTPSVEDLRTAPPSYEVTPDLSTVQLHDYFASVPTSPTLDPMLSEPLDAESAAVQQDGEQDDETILENAHKLKRLTSTNKEISKLLEVKIRLTEHIGKVGEPYTLVDPLTLELKQGDYIYGFVLITNKTSNVIPFDMFSVQLEGCAIFGKTNNSTLVEQPSHIDRFLNMFDFNALWNDAFLDRLVTEHNDPTHIGTIYDPIDGTYYHLDHRKILEPGITYKKYFTFKIPEKLLDSACEHLLIKHLQIPPTFGVCKNEVISSLRHKWKDQQNGAPEETASKKYKYASLTNDFAFNDTSISYCVSARVIGRASGYQHLFGSLGGVHAINDKNDEYVVATEDYKYLRVIPVTKAIVQLNRSMIHQEARLLYTNMVDKIKEKIALGRDIMIANQQQNLLLPVSSAGSLRPISSSNSFNQLTATHSLPTSPSSFSVRAALQEGAASTHANSPLLTPTSSSAQLAKMQQSYYSKVNQRDIHVSNDLKSEVFHPYKKKNLFGNSKIIGLIAFGTPKKEYFVNYVPLELLLSKSKKVSPSVLDIPFDLTFIFGDEKTGSVSSLPEFKSLSVELIALTVKSKKLPIPVVIHPEMMFDNKTKNGGSSNDNFDILTIKKFQKYAVELLKLLKEVGPEPLDVDRDLVLDIKCLANLTTKYVHMKIKDVVIKANEQSYTSITAVPWQKEVLKSTDSTTGKEQSTVKYSKNLNLSIDLANTVMKPTNLTDFCLVPDFQTCLMARIYYLKVDLKFHTGEKITLRVPIVLQKT
CAN34,MSDLVKSSEVIETTEVPPHNNNNNKRHFKYDSEQRKQRLAGGVKLKDALMILCAGFALISDGYQNNVMSMMNKVFALEYPKEYTASLSTQVSNASLVGTIFGQVIIGLTADYIGRKWSIVTATCFLIFGTMMCAASHGKTVNGMFWMLTIFRGVTGFGIGAEYPSSSVTASEAANESVKRRGGAFILATNLPLSFGGPFALCIFLIVRRICGNHLDAIWRTMFAIGCFWPLSVFYFRLKMVTSELYTKSAIKQRAPYWLALKYYWPRLIGTCVAWFLYDFVTFPNGIFSAGIISNVIPKLEKNNLEKIAEWNLLLGAIALPGVFVGAYVVDILGRKYTMMIGFCGYIVFGLIVGCGYHQIKPITGLFIVFYGLMMSCGNFGPGNNMGLTSSESFATPIRGTAYGISAAIGKVGAVVGTKTFSPIQKNLGDKWTFIIAAICGLAGVLVTFIFIPHLKDEDLLEEDVKFKNYLIDNGWKGKFGIQEYDEEEDLEGSSEDSSDGEIVKNNTKNDVEKVDALK
CAN98,MYYPAICISVAISIVLVPFLIPIRLKSPVYRRIKASLIVGLIISILTAVAPETAQIGAPFHKYGKPKIAFFGCNYQIMLTTARFCSTNATFEWCYCNNFPAFATLAHCYQVGHPGELESLISMCKPFNKTITMSTVNDAEEYYKNHAKPVEEIHKLPNYSQANFPVQLNESEIFIFKQSYEQFLGNYDKSVDYGWYLVLYWVVVIAVVSIGNWIKIIFPNLTKALTDPVSNWYRKHISTPATGSRNKTNELHLTKGLEMLVPSRLETIILTGMTVICLKMLIGDFQYVEGNPIFHSKINALLRFYAVRTGLLASALMPLLILFAGRNNFLQWVTRWDYSTFIMFHRWLSRIIVILFLVHSVCYSLYLKQHSKKPEAYIYWGFTAMLAGLIILVQGLLVLRRRWYEMFLILHIILAIVFIGGAWKHVDALYCVWFYYTSAAVWAFDRIIRICRLVSFGFPKAQVYLLPDETLKVVVPKPDNWEAVPGGHAFIHFLRFDCFWQSHPFTYTTSERDITLFIKVKKGVTTSLCRYLKSNENCSASIRVAIEGSYGESTPAKHADMAVFIAGGNGIPGIFAEALDINRHQELKHTVRLIWVVREYNSLLWFYEELMSLKDTQIETTIYITRPGILVNEDDFNKRLPRMGQNMENELQPLLQKSVPAAYNSEPVNSVGGIHSQIREELFHIKIIEGRPSIEKVIATCIEDSSGSACFVTCGHPAMVDDIRAAVANNIDNKEGKRVDYYEQLQVWA
CAN33,MLKKNDNITYDVEKISIENPLPAKEFNDFHDKLDVEKYGETKRKLNLRHVNLLMIGQSIGSALFVSIKNPLHNSGSLSFFLAFAIWACLVIYPLMQAIGEMCSYLPIKGSFFHFSARYVDPALGFASSLIYTYTALMFVCIEATACAGLISFWTDINPGVFITIALVLFFLLNLFGAQFYGEFESIFSSFKVILILGLMLFSLISMCGGNPQHNAYGFQHWKEGGLFRPYLVGGTTGKFLGTYNCLIWAGFAAGGPDVLALIAAEVKMPRKNIGIVAKRSYIRIYLFYLGGIFFLNCLIASNDPSLVKSLKSSTVSPWTLGIQNVGVRGLGLVVNGAVLTSAFSCGNAFFFLGTRSLYSASLAGYVPRFFSKCLKSGVPINCVIFTGVVSLISYLNVSQSTGVVFNWFVNLATTGLLCSYICMWLAYFKFRKAYVVQTGKQMKKGEYPYYLAPKFIHPYFTYFGFFINVVVLFFNGFWIFFPGQFSVSNLFTSYFAPVFFICLFVFWKVFKKTHWRNAMEADITTGKQYIDEEEERDIEFELNRERRKGWFFVACRKASDFCFS
CAN97,MTTNPALAAAQASHNNIPTKQMNHSTSSSNGNGSNNSSVVGLHYKIGKKIGEGSFGVIFEGTNIINGVPVAIKFEPRKTEAPQLRDEYRTYKHLQGCDGIPNAYYFGQEGLHNILVIDLLGPSLEDLFDWCGRRFSVKTVVQVAIQMLTLVEEVHRHDLIYRDIKPDNFLIGRRGATDENNVHLIDFGMAKQYRDPRTKQHIPYREKKSLSGTARYMSINTHLGREQSRRDDLEALGHVFFYFLRGQLPWQGLKAPTNKQKYEKIGDKKRTTPAVTLCDGLPQQFAEYLDSVRSLPFDAEPPYEEYRMLLLSVLDDLGQACDGDMDWMHLNGGRGWDATINKKPNLHGYGHPNPPNERERRHRDQRRTRQHQQLQQVQQQQLQAQAQAQQLQQLQQAQQAQQQQQLQQHQPLSAAQLHQQKLQHLVNRPLPPIKQESQSAIQSGNGHHELLNNNLGDQHGGKHEGYSSRPDQYQQQQMVAEEEENKGFWSKLCCH
CAN32,MTRAKNNADFFTKLAKLPPKVITIIIDELPKCILAELLYFPSIREVVASTILSNVNITEGLQRHGWNYEPDVGYADCNCVSFNIEFGNLKKGINQWNIYPKVFHMKGLSQFVDVLLTCPELLTKTSSVNSTFSGLEDTEVEILEKLLMDSNIKFDYLSLSEFPDPITLSPIVKNILLLNTTLISYVIPGVKKLDIVFSNGNEEGQNYVFASDLEELTIKDDRFTQLNLPPNLRKLSIESSLGSVNIISKELVNLEYLQLKELKIASFDETGITAPNLKTLNLENCQNITDFTGLRRFQKLKYISLKGCVFPAGLFEEGLFPELETFEYSGKDFEPESEYDGPLPLPANLKHVSIKWASSVIIDLNTFVLPSRLKHLELWDIRFSQGHLQFNEDLEYVRIRTRAIRFPGDFRIPPLVKHFQIKATHLCFYKPDFMYHLPDGLNNLQLVCPDLGRMDGLDKIVQWPESLKVFRMHYLGLNSHSLQLWNFKESNLEEIDFRGGALGQLNADALPTSLKVLTMKNLRIEELVGSFGNLKKLEKLILGCNDIKYVSFLEFPSLKFLDLGYCKFDLIPPVTVMFLNQKLKELKLYSKTMDVTVLKQDICLDRNFKRVKRDFMD
CAN96,MSEKNPTLVDSREKEKNKELIQKTPFFTFNASIISYLHTVFASSSFLAALAVGSYLHYYKIVQNSSFGYPDEWFPSVSATIGDRYPERSVFQIIIALTAGPRFLLLIFNFISLYKKNSYLPYIATISGTLRTFTAGGWMYITSTDDHDAHDVFMILYMVLTIPWTVCNTLLSPKHSLQRNARFYSAMAFFGTIIPLIYWFIQHKVHIRPGAYSIYAYFEWGLIFFDILFDSWSAIDFTNIDILISATGIELVHVDTTATESTTKVTETETETEINVEIETEVIPGPFDSQFSDIDVIVNLINSFIYWTVVTSLFLCVWYFPLWHMGISGYEAAVLSFFLAPLLLIIPVSRNLFVTYPSIARSLTVILGVGAYKVPDPEQRLLTITAGTVFAVISVLSEFSIFATNPKKLNSYISTFTLGLLATSIFKYLCFSNNPIWPIMHKENGGYNAIGIFLGLLAAFFTPKQKQLSPKATNNEVNGANGSLLLAALGFGGYYFSLSSYLSDSGTLALWTWEGFPIKGPTPITGALYHFIAIMTAIIINVKLHPNFFSSWNYNIIIGGGSALVLYNFGGWIGYIGAVIYTFYLTSIGPIIWNSIKGYNITGAFFLGYFFNILLGLASVWIVAYAFVPGGPLLRERTDIVLGTSYFSILAGVLNYNLRREEFTKIKFSSCKIFKQTLTIITILLALSISIFIKRYPSEPFKPYNEESQSFTAGIWCVHFGLDNDMWSSETRMRDLIRDAEIDIIGLLESDTQRLIGGNRDFTQTIAEDLGMYVDYGPGPNKHTWGAALLSKFPIIESTHHLLPSPVGELAPAIHATLDIYGELVDVVVFHSGQEEDVEDRRLQSLGIQEIMGISSRPLILLSYLVTEPLQGNYNSYVSEKSRVYDIDNPDWDRWCEYILFRDLRKVAYARISRSTITDTELQIAKFKLLNEDEKNDDDLEFYYGNHFVNEDEIDENLRMPQLFRGDGVRGHRYHVFDEPRYFAQHKWQRYNEQEQEQEQQQQEEHQEEEEENGQNEEGDEY
CAN31,MSAAVSTLSDIIKRNDAVNVNPPNPIIDLHITEHGSDWLWAVFSVFALFAIVHGFIYSFTDVRKSGLKRALLTIPLFNSAVFAFAYYTYASNLGYTWILTEFNHAGTGFRQIFYAKFVAWFLGWPLVLAIFQIITNTSFTTTEDESDLLKKFISLFEALFTRVLAIEVFVLGLLIGALIESTYKWGYFTFAVVFQLFAIYLVINDVVVSFGSSSHSVFGNALILAFVIVWILYPVAWGLSEGGNVIQPDSEAVFYGILDLITFGVIPIILTWIAINNVDEEFFTKIWHFHLKPENEHAPTATEDVEKAVGETPRHSGDTAVAPSGVPDTGVAQAQAEAEERI
CAN95,MTSMEPADTSIRSLNDINLQELANKQHQRNIYAQGSPTLEDSITSNGNDINNPNNNINKTNNNSNSSLSLTKKTSRHINKDTTTKGKYTLNDFQILRTLGTGSFGRVHLTRSIHNGRFYAMKVLKKQRVVQMKQIEHTNDERRMLKLAQHPFIIRMWGTFQDCHNLFMIMDYIEGGELFSLLRKSQRFPTPVAKFYAAEVFLAIEYLHSLDIIYRDLKPENILLDKNGHIKLTDFGFAKEVQDVTYTLCGTPDYIAPEVVATKPYNKSVDWWSFGILIFEMLTGYTPFYDPTPMKTYENILNGSITYPDYLPPDILDLLQKLIVKDLTQRLGNLQGGSDDVKNHPWFKEVIWERLLSRDIETPYEPPITSGVGDTSQFDRYPEDKDLDYGISGVEDPYRDQFQDF
CAN30,MDYSGITRGSIRAEALKKLAELTVQNPSSNLKEVNTGIQKDDFSKLLSATPKLLNSRGKLNGSVSNGGGAGGSSGVRDRLSEVAIAKKEYEVIIALSDATKEPMKVDSQIQTLINKFKAYLFELPDQKFAYSIVSNSATISPWNLLGEKLTTGLINLAMQNTKQYLDEVVDIFQEFIEKFFDNMNLHLTHFLTLAGVLDGFNQNAKFLSISSRTYKIFIALDSNIDDADFLNDVENYTDYLYDEPNEFQDLLTRDFVINFSPILYLESLSRLMCAIVNGIIDNKDQSLLHYILEKVANKYDQVDDKSNLAVFAKDNLDFSRAHMDIINNLTGLALRKLEFLDRGETYIVYSTYDRLKLGYLAKSHNLQILSCGMFTDNLDLKTSRKLFKSSIEIRDVMLDPDLGLTVFEFGSLLVSKHESIGPSLTRAFTSVIANPKLDPHYCLKASKAVGLGTKKLPQDTVVTTIYSLTNLLFVTNEGLLLPSKSTKRFNTGLSGGDNLSGREAFASPMSSRRTSFTSFSQAFSKGANSSEFDENDYRKVCENAVTGIIEVCEKCNDESVPALTCTILSQKVSKIDSPIGPLILKGLSSCAPFLPEREFVILIRLLNKISFDALEKKNMVLMGYLTESKVLLAEKLKVSNPLFTVYLHELLQAINSKGDVQQLEHHRSHNEISEVGDQIAIYLKPLAALLPDVHLGEKPLEIKSTVTINLFRNIWFNMVVHGYNINSKNTKTFRNELERIAYNSPPLASELSWDRTETSIELNTVLRRGSSNHNIKDHRHYLGNIFEVHRSLSYPKLMFLSAAVFVESLRVRNGNCSDSLLYFTDPTFKISGVDKYLGHISFKIVKDFIQLINTGANKQFSADHIAEQLTTMLIYCCYPVPEMQDAAMQCCDLLISRVPSSLCHKKSLFAVFDLLTLLFDSIADADVHEYEPTTVFRARCTGIKVSMSDDYHWRTSTFNRFHDKCKHWLKILLHKCNIDVKSLIQSYISANESLQFDSPVQFGLSFALEMAGAISSNDREWSAITYANSSNLNALPTIVSQLSWRSSFVTEIMNKLPLRTDEETDFAFQAIREKVYYIKARLVPGDNGGFDYPTNDEIMKLLSEIAGLTLLSDVNNAELIRYLVEIPFTMFVPLIMITASGVWFAVMKDKPQLSVLLLSEIAKKWEESIQLRKGVFSQEFDLVHPEFEKMEYAPSNRVLVNKEADNAQKNFAPHLEIIRLFASNFEATLNQLDHLLKIFTRFVEVGLENLKIASYHPLSRLVRFELVKFSFELLQYHIKLGSRSSKYLSELILDGALTWFRQRSTYPFGGNKLKFKSELILLKEVAKFVTGLNNFQLELIDMKAKILLYFMDDEICKFTVWLHSMNPSDTSGTYVNQQIGGQHLKFAYEIDPILAVNLAMRYKLKSLDELLQQLIIKDPLPAISYPDAVQFFIGINAGTHMPSYHLLFWAPLAPIDSITLFLPPFGSNSYILQYTMRSLESHDVNLTFFYVPQIVQSLRFDYKGYVERFIVETAKVSQLFAHQIIWNMLANSYKDEDSQEPDDLKPTLDRIQQTMLKSFSAHDLKFYEKEFGFFNEVTSISGKLKPYIKKSKAEKKEKIDEEMALIKVEPGVYLPSNPDGVVIDINRKLGRPLQSHAKAPFMATFKIKKELVDYDEQGHKQSFEIEKWQSAIFKVGDDCRQDVLALQLISMFRTIWSNAGLDLYVFPYRVTATAPGCGVIDVLPNSTSRDMLGREAVNGLYEYFITKFGPENLIEFQNARNNLIKSLAAYSIISYLLQFKDRHNGNIMYDEQGHILHIDFGFCFDIVPGGVRFEAAPFKLTHEMIMVLGGNDQTQSFKWFEELCVKGYLSCRPYMEFIVRSIIPMLESGLPCFKENTIKNLRQRFVPTKSEKEAALYFRKLIKKSMESFYTKGYDEFQRLTNGIPY
CAN94,MRFIGPGLMVSVAYMDPGNYSTAVAAGSAYKYNLLFLILLSNCLAIFLQILAAKLGAVTGLDLAANCKAHFGYKTNLILYALTEIAIIATDLAEVVGTAIALNILFHLPLFVGVIVTVIDVLIVLMAYRPRGPLLFIRIFESFVSVLVAATVVCFGIELYQVSHDSSIHFSVAEVMKGFLPNEDVVDMSDREGGNGLFLSLAILGATVMPHSLYLGSGLVQARLKDYDIKNGFHKPWGKHSIEEPIQEDITVHEEDDNLTPIATPLIQHQEQPGFEKDDESTFDGDDEEDDHYRPSIHAIKDTMSYTIVELVISLFTVALFVNAAILIVAGATLRSGDSKFARDDDNGHESDSDSDDDYQNADLFTIYHLLSKHLSPTAGFVFALALLCSGQSAGVVCTLAGQMVSEGFLSWSLPPVTRRLITRALAIAPCLLVVSFSGREGLAKILNASQVVLSILLPVVSAPLIWFTCNKHTMRVPIFVRDGDEEIDMEYDGEQSTLVATSRFKSSEPAIRLQNLRNSHPCANWEDDDDEQLQQLHLQNEENRLLIGENTTNLVYSLPPTSNLMSRSNSVSATNGVPDSLSSSSSTTIAAQLPLEVYEDLNQDIFRIKGYKDFSNSLATSFVAVLVWVFVASLNLYLIGSMLLGYDVPL
CAN93,MPEKELDYIRSTDAAGSTEKDGGIYIDAFDKQDNAPPKKGFAKFIDGFRRADAEELGIDPNLSEAEKIAIMTANSPLTRSLKNRHLQMIAIGGSIGTGLFVGSGSSLHTGGPAGLLIAYILIGTMIYCTVMSLGELAVTFPVSGAFVTYNSRFIDPSWGFAMAWNYAMQWLVVLPLELVAAAMTVKYWDAKTNLAAFVVIFYVLIVAINFFGVRGYGEAEFIFSAVKVLAVLGFIILGIVLCAGGGPQGGYIGGKNWYIEGAPFPNGAKGVITVFVNAAFAFAGTELCGLAAAETENPRKSLPKACKQVFWRITLFYVICLTLVGLLVPWNDERLLGSSSADASASPFVISIRNAGIKGLPSVMNVVIMIAVLSVGNSSVYGSSRTLAALAASNQAPKIFGYIDKQGRPLVGIIAQLLVGLLCFLAASDKQGEVFNWLLALSGLSSIFTWGSINVCLIRFRRALAAQGRDTGELVFTSQVGVIGAIWGAFLNTVVLCLQFWIAVWPLHSSPSAEAFFSAYLTVPVVIVFYVGHKLWTKNWQVYICAKDIDIDTGRRELDLDLVKQEVAEEKAYIASLPFYRRVYNAWC
CAN92,MKRQQEEPASQKEEPVPQRKAVKYNQELTLLTLPTDILDLIFQDLSRQDAINLSTLDHKHRNVLKAIVFSRIRASWSDMRSEIDGRTGFLKQHRHLVTQLRIVDCDSYGEWNMDIFSDLLIDLPRLRHLLINSKFSSNWLKYRQDDNLQQLTLYFEPQDTRQVPGEIVSSSSTTTTTTINRIFSLEHIANFKMLTKLRLWHYHLYWEDVYPVLIVEDVELHNCTWEFPFTLSQFNYNSNIRRLVVSYAEGNAFAVSERYREFLQYGNGEDFSSLEELTVTVARGSLNSSVMSRFMNTGNFPRLRALRVLAREGAYNLSHWFGKLPTNSTLRVLDMQVDYEARDRERALKEANRYFPFLDVKIHRP
CAN91,MEKDQTKMDINSNTSSSNKDLEVQPEHLELKHHTNAEIEASGSWIDKQINILGAKFRFSSAMCQIVLLAFVVFLTPGMFNALSGIGAAISDKKTADLANTALYVTFSTVGFFAGTICNVIGVKMSLVFGGFGYAIYAGSLLSFNHNENKGFVIFAGAFLGFCASLLWAAQGTIIMSYPTEQTKGRAIMVFWVIFNLGAVIGSIIPLAENMHNQGSSASDGTFIAFIILMICGSVLANFMLPISKVWKSDGTRVMTKTHPYWKDELIGLGRTLIKEPKILLMFPMFFASNWFYTYQFNNVNYGRFNLRTRSLNSLLYWLAQMFGAIVLGYILDFKKFKRSTRAKIGWAILFVTSLAIWGGGLKFQMSFTREEVESKPPKISQLDFKDGAYIGPMFLYIFYGVFDAIFQTYTIWVLGAMSNNPKKTALYAGFYKGIQSAGAAIAWRLDSLEVKYMSLFASSWGLVQGSLVLAIPLIFFMIKDHTALEDDNMGEVVDDAELDVVKSTTVHIE
CAN90,MSDSESYYQNSTTNQPIPRSDEVLDDHRNQITNDCAISDSEDELELKPELESEVVKSEKQQQQHHQEITSDNAKPLTRKSGSSIKKKSNLTDKDRITNPMSLSGGDDTINSGHKNRNYNMSSLRKDFYLKDNTDDNSTNNHTHLAIPIPIPIPTPIITNANKSRRKSQLENLPPLIKKKTIGRNNSNNFENDLVSPMTKMKTNDSEDITNTTSTTANHMKLGIGATTLGVGTGTTATATATATAGGGGRRPSRSSIDSEADSHASRSSQETEEDVCFPMVGDHIRVNGIDFDEIDEFIREEREEAYLQKQMIAKNILRIDEFQNLSKTNTTSGASRHPYHHHSNNNKKNNGGDGSSGSSMAALKYTPKNILKKTLSRFEFTHENSSSSEEIYELKTKQQPPYKYDDQLSLTSSTSSTSGSGSGQVKFGGARISDGINGGSLPDRFSLFHSESEETIHAPDIPSLVSPGQSVRDLFRNGEETWWLDCTCPTDSEMKMLAKAFGIHPLTAEDIRMQETREKVELFKSYYFVCFHTFEADKESEDYLEPINVYIVVFHDGILTFHFSPISHPANVRRRVRQLRDYVDVSADWLCYALIDEITDGFAPVIHGIEYEADAIEDAVFTARDTDFSSMLQRIGESRRKVMTLMRLLSGKADVIKMFAKRCQEEANSSSGYYQRQYNLQQQQQQQAPPPPPPNPIITSPINSTLNLNSLGTSTGGGVGVGGINFGPNPTGNNTNTNTNTTGSPSPPQQQQHGITNKSFPIPDARPRADIALYLGDIQDHIITMFQNLLAYEKIFSRSHSNYLAQLQVESFNSNNKITEMFSKITLIGTMLVPLNLVTGLFGMNVRVPGEGGKNLGWFFGIVGVLIFIIIGSFIFAQWWLKKLNNSIEGQNNGNRPIFNHSSRRSIRSLGLKKHGGNKSIISFPNKYE
CAN29,MIFNILSFISLAIFVDAVALKSNPKVISFDFELRFSDPIKRDTNFGTGTAAPVKDTHWSFPLKIGSNQDPVTLAADTGSWLIQINDANATCPNCHKHGTYNSSGSLTVVKLGKTARSFFTRLAYYIGELVSDSIQIGNLQIPQVTFNDVYNSTAGDGIFGLARPPSDKNQSIVWAAKYHGLVDKAAYSIYLQNLDGTPGALTVGGYDAAKVDGDITWTSIRNANVQAHLGHIEINGEIIDVNKNYTIDTGGRYGFLPEAAYNQVIANLPEDPKFGADRGQITCSLLEGKNFTYNLNGVDYTFPLRTLYVPTENTDHCYLALLKGNAAQLGAYVFRNLFVAVDFEDDLIGLASLKNTTATNIRPF
CAN28,MTTLAEEKHTTDMSKDPEYISSDDSFPEDIAENKVDPEIEVEQLAQELGINQKKLMWKIDLWVVPPFCLLYFLSFLDRVNISNANIYGLTADLKLTGNQYNTALTVFFVPYVVFEVLANYCIKFVKPHIWLSTLVLLFGGISIGMGFVQNFGGLVACRFLIGVTEASTFPSIFYLLSTYYSKAESQRRFSAFFSCTALSGAASGAIAYRINELNMVHGLESWRWIFIIEGAITAGCAILLFFIIADFPEEARFLNANERTFLKRKLEILAGTKSAYEIKNTIKDVAKCFKDWLIWLPALSYFGLIIPSYGYAYFAATIIKQMGYTAVSAQQHSVYPWVCAFGVINVVAFISDRFKRRLPFAIGTCIMAIVGLAMILGATHSPKVRYAGCFLTASGLYTAMPMVVCWAALNNGSHIRKSVGTAWQIGFGNIGGIIATFIFLAKDAPVYKPGLATSIAGVCFSILCSLAYFFVCHRMNQVKQTDAYKQDFNAMPEREQINAGDRNPNFVYLY
CAN27,MEELLFIIYLPSEIIYQILQYLSHNTLIELISVPFLNQYVTSYLHPVCLIDSKAKEVRHNPKVKVFKTITAFTKFQKLHNYSPQRLVLSNNIGTNKVGASTDWYSPYKLEIVNNLELITARNVVKVTLFSSFSLPIRAIPSHVTELSIFGDKLNLVHSNIQTLEINQFDLRYMELLTESIKELKLLEFKLPSSFPSLSVKFPINLTHLTITEGQHSLSLINLQSLLFLKLLNYKGNLKLNTPQMTSMQDLQLPESIERVCLKCLNLVSLQSISNLKCLTHLEIIDFPKLFTFFDTKFPSGLKTLIYKFDTVVPNLSYFQNQMVLNFDSSRLVRETTTGNMIFLKIDERFETPHQLKVLILENIPYVKVSKSINIPTTLNELIIRKIPGVVPANNFNIVPLNTALYRLTLSNMMLDSLEGMKFPEKLSFLDLSRNQLQHIHGTNLHSLKYLRELDLLRNRFERFIDIENDIPTGLETLHLQSNLINHFEIKNHNIHLLQLNLMLVKNGRYLNVFKFPTKLRHLQLSIQVDKLSDNFELPTNLQSLQIHHPYYGKIVTFRNFFQNLSNLQLTKLSLLNLTFTKDCLIQIPSTIERLTIAGNFSQNIINNLNLQNCNNLTSLSLSGGSVNYFNLNNIPSGKLEQLELKNMKLKYINGNFDEFIQLEYLNLEQNQITNDNNTATATTTSDGKTKTKNKLNLPSSINTLILNKNDLNDLSNVFLDNCRYLRKIYLEMNPNLDSRVIFKIAKLLMQILDSFVGIYLSLNLIFSSNLFLENYEVYSKIIFNTDFIEG
CAN26,MSYPTPKKEQDSILSESYQSFSTASTKNPIKNFIYSFRVNRDLQVTSDEITTPDDLLKGYQVKLIALSSCIGSGLFISSASMISSAGPGGTVIGYFIVAILMFFIVQALGELTSSYPVRGNFLVYNTRFIDESWGFAMNWNYCLQWIVNIPLSLVAASLTIQYWTDKIDPAVWVAIFWVVIVGISIFGVKGYGYGESLFSVIKVVAIAGFCILGVILAAGGGEQGYIGGRNWHPPFVNGFHGICNTLVNLAFSYSGTELAAIAAAETSNPRKSLNKTIKQIFWRILIFYMLVIVIVCFLIRHDDPKLMGNSSWPVSPFVIAISNGGIKVLPSIFNAVILSALLSVANASVFATYKPLVALAEAGHGPKFLAYVDQKGRPIYSIIIALAFGLIGFVGSSSSQAVVFNWLLALSGLSCIFIWFSISLAQIRVNYACKVQGIDSKNVPFKAIGGDYGAYFSMLINVLILMAQFYVGLYPINGKSLNASTFFQAYLAVPIVLVFYVGHKLWTKNWSWYIKAKDIDITTGRNIVDSDFELQAMEFEKEMEPKKSIMHRFVNFWC
CAN25,MPVDTSAELSPNDSPFQSPTSPLQAINPPPVNSISAPAAAESMNAPPAGQTPTSPLATPEPNPIPTATMQLSDTGLNLELQIQRIIEREVQNAVAKAMDAMLPTIAPHFTVSSPSSVASANGTTNETVVIPRPDLTNNTATSDPSTVALSTSHLATNIMSQPQSSTVTLSDAPASKLVNIRKRLQDLDQKLAPKSVKLTDIARIHEHLAVIHDPNSKLEQLYGEYYDLLWSIPVSERSKEEKNALKQFEIGSLPSHRSIDSRVNFRMWKHELLYFKLKYYIPDLIIGAVIKPAAQKTQDTKIIQAARVALQTLEDLPIINWQVLVDLLTHLDKKPNIYSLEAQVESQLNSDEYIITKVRALHGLINLQKHDVNVRSVDLHLETYLRQTPISYGTSVSNYNIHSGQKYPWRNQLYPKRIFTQTQLSASRRFYFYLGHHHSSFKRKSHVTETI
CAN89,MSTRDLPHSFSELSYGWVKRIRAEFTVGKSKEQLLAEDYHSTTDEDSEVVTSVKANSLWPAFASGAGLFSDGYVNNSISTVLFCLKKIYPDEITKSNAINNIASIAFVGTVVGQLGFGYISDRIARKGGMMAANVMLIFFTLMCAVGSWGVTVQGFFACLTVWRFFLGVAIGAEYPTSSVIASEFANQLPPGKRNRYFSWFTNAMIDLGFVVSAFVPFVLIWIFTEKHLRALWRVAIGLGVIPPLSLFFMRLKMKNSSSFQKLHMKNVKYRDYPWWLIVKFYWFRLTIVSLIWFIYDFSAYSFGNFNTIIIGEIIPEAPIWKQWGWSIVFNLFYIPGAFLGAISADYIGPRLTLALGVGIQGVIGIAMSACLNSLKKHIAGFVVVFGIFTTFGEFGPGDNIGLLASKTSATAIRGQYYGIAAAIGKIGAFVGTWVFPAIQSKYANNANPDLQLQVPFYISSALCLFSACLAIFFCPQVGQDAIYKEDHDFVQYLSNNGFDINMLGEGGDVREVCRESDSLEKGKRDDFQVDNNSL
CAN24,MFSTGARFFFFYLFGFRIDLQYIIGSFPLLLELPISIVLIIPKKTNCFNNEFLWYKYIAHENSSSPSCNYHYYLEFP
CAN88,MAQSDLNQLDSVSPQLSSFATDPTDQEKKLTEFNDDNKSVTSKDEDTKMSRNFSTLQIVTIGFGLTNSWLGILSTLILSISSLGPLLVVYGILIVASVSVCIAVTLGEMALAMPSAGGQYVWARVLAPKKYSSFLAYITGSISWGGAIFTTASMNLAVAYQVLGFWNMTHPDHVNQKWEVFIIYNILNWILFFFNIWHRFLPMIGDSVFGISLTSYCIILITVLVCARGHYQDAKFVFVHAVNNTGWPSKGIAFIVGLVNPAWAFSCLDSVTHLSEETAHPERDVPRAVLSTVGIGFVTSFTFSIAMFFCIRNLEEIMNSATGFPMLDIFYQALGSTKVGAICLGSLITLVATGCTLSCIIYQLRLLFSFLRDNGMPLSKYLSIIDPKTGGPFYAHLFSTVIVSVVSVLVFSDAALQATALACVSFLLIAYLIPTICLLARRRQIRHGPFWLGKIGVFCNFVLLAWCIFAVVFFSFPANYPVTAEGMNYFCVVLVVYIICMLGYWWFPIKKYACKYNFRGGNLNQEEVEFPDVCLTKW
CAN23,MTNKVERVTYVSIRNIKQEVADKYMIKDLYYYHLLINHLSHEKLQLLVKRGVIKPVKSTSAESAILNCQICVAAHAKLASHNHTQQRELERPLQRLHLDTAGPFTSNKTKSYLTTVIDQFSRYTEVIVSDTKAVKQSILHRLRVWNNRFQFKIAEIRYDNALEYPSAEELEELGIYKHLLPNYSPMLNGTAEATNRPIVQGIYKVVLNFSCQVLILFPFIVEYAVHIRNHTPIKEFDGATPYERYYGLSKYVIPFFQFGTDVLIKCASVQEAISLKLPSSRDKAFPTVMFGAFLGYGSDSFTFRVLVSTKGYPVITTSNIRPIATMQVLNDYLAYISENSSISYDDTFLSPLNHPMIRTNQHDRRGDNINVEYENRPNVPFEYHAEPPRTNSSTGIIDRPDIRPRADPTWQRMPDANIHQETTTVQTPDHGELDTMINNEHQLPRSGEGNYPGQQVRTDIIGQFRDRGPTTLNTPIDLGVPDETDDISMTSENPIDSPNSEMIISPSLPTNELEHQIDISSGEMSLLQTNMEADNELKTNEMVLYKSKNDGIIIQQQQFTENLSDENEEDSSTDEETLEDKKQQRLEYNISPNDEWINNDVQNEDDTQVPHVKEPINYETQSRNETNMPRIEMGIIENLSDDGKNTPRELRMVTYDNNKKIQKYQNSNIEILEPRNENKNHTFIESNLELLDNQEMFQEDPQVEDIRLTTPKKDKSLSPDFNQTHNEIQLFMADINEDMLEEYDENINMNEVLADSTETLDKELDLDEESGRIEYIADRVRKKNRGTDGAPHGKYLKKNDKDFGSIKSQKKSDAQMDDEVGIAISKIRNFPFRLKDGRASFFPPYKTKFGRSVHPPKRYLNAIVKKIDYNQKEWRQSMEEEIEKFKANQVYTVEKTPKNVVPLKTMWVHTYKTNDLKNHNYKSRCVVMGNYMVENRDFDPHAISSPVVDLTSIRLLSAIAVENNLVMHQLDIASAYLNASLEDGRVIFVRPPRGFEVKPGYSWRLHKSVYGLRQSAHNWYSHFKNVLEANGLKQTLHNDGIFWKNYENGDVLYVSVYVDDVFMIATNEKIIKEFVAMLETYFQLQYFGEATEYLGIQFRKTPDGYTLDQIPFLEKLVATFNIQDSYGKDIPIIPKDINVVKQLRKSSQINDFVKLEKPQKLINSVSKTKYIDDYEENEEHDFKESPQADPLSAKGIKLYQSAVGLLLWASMNTRPDLAFSVNQLGAKCAHPDVDDWKRLMYCLRYIKKDMDFKLEYKRGRLNNKSKDFIIECFSDASFAPDLDRKSITGTSIFVNGNLVAWATKKQKIITHSSAACEMLALNYTILKAFDLRNTIEDLELKIRNLHVHEDNQAVITILKNDNFHPHRPIDICYKFLRQKLKDGFFSISYVESGDNLADSFTKALGRNKLIEHTKRIRERKDYDNNATLIVDVRTLEEIKINKKLVHH
CAN87,MAPNISTSRSNNNTTTINVKVVAAESLYKRDVFRQPDPFAVLTVDGSQTKTTITAKKTLNPYWNETFNFQAKEDSILVIQVFDQKKFKKKDQGFLGVINVRIGDVIDLSLNSSEETITRDLKKSNENLAVSGKIIVVISHNRNSNGGGVTTATTRGTGASSSNNIATITSGVNNLRIGSATTTANSTAQASSDATVGANGSGPTSSLPPIGQGHPETAATPGGAAGAAGAASRQYSSFEDQYGRLPPGWERRTDNFGRTYYVDHNSRTTTWQRPALHQSETERGQQRQSETEAERRQHRGRTLPGEGSVSPLPTGSGNSITSGNVTVNASGANTPVNPAAAVSMAASGATTSGLGELPSGWEQRFTTEGRPYFVDHNTRTTTWVDPRRQQYIRTFGPNTTIQQQPVSQLGPLPSGWEMRLTNTARVYFVDHNTKTTTWDDPRLPSSLDQNVPQYKRDFRRKVIYFRSQPALRILPGQCHIKVRRDHIFEDSYQEIMRQTPEDLKKRLMIKFDGEEGLDYGGVSREFFFLLSHDMFNPFYCLFEYSSHDNYTLQINPNSGINPEHLNYFKFIGRVVGLGVFHRRFLDAFFVGALYKMMLHKKVVLQDMEGVDAEFYRSLKWILDNDITGILDLTFSAEEESFGEIVEVDLKPGGRDIEVTEENKHEYVELITEWRISKRVEEQFKAFIDGFNELIPQELVNVFDERELELLIGGLAEIDCEDWKKHTDYRGYQENDQVIQWFWKCINEWDSEQKARLLQFTTGTSRIPVNGFKDLQGSDGPRRFTIEKAGEANQLPKSHTCFNRVDLPPYTDYESLKQKLTLAVEETVGFGQE
CAN22,MAEENISFSQRMISACSGSLVTSLVVTPFDVIRIRIQQQSILPQEQPCCQLHFPEHNFPKQKVPVEMAPELFWIHDKYCQSAESCTRIYSTFQGFSTVAKHEGVGTLWRGLSLTLLMAVPSNIIYFTGYEYIRDHSPISNHRLNPLFCGSWERTLLATFVAPAELIKTRLQSIPTDLKSASHILSNLLRDLSAAVKKDGVRTMFKGLGITLWRDVPFSGIYWSSYEYFKAFFARTLKTDFNNPTRGGIDDWKVFATSFLSGSISGTIAAFFTNPFDVGKTRIQITMQENEKISHPNMFKYLYKIYKNEGMGALYAGFGPRVMKIAPACAIMISSYEVGKKFFKNGNNSN
CAN86,MSSFSPDIKKTIEVEVDASSFHSDSVDFTKDDIQDAESIFHNEKQLSEGLNTRLIGMISLVGVFGTGLFLSSGGTLATAGPVGMILAFVLVGIVVAANQISTLEVACLMPVTGSNIRHVEHFVDKSFGFALGYVNVYSAIIPSELAATSVVVSYWTDINPAVFITIFGVVIIAVNSYKVKWYGEVEFFFGFLKVLLILGLVIVGLVIDLGGAPNHDRLGFRYWKDPGPFAERFVTGSTGKFLAFWKCVSSVVYSFGGVNLVPLLAGETKNPRSSIYRALKRILVRVLILYFLAVFILSLIVPYNDKSIASPTGNAAGSAWVIAVQRSGIKVLPHIINAVVLTSALSAANLGLIHASRSLFGLASNGQAPKIFLKTNKHGLPWVGVVFAALFLPLSYLSVSSGTSQVFSWFQSITSSNLLVNWSVFALDHIALHRALEAQGYSRENLPYKIPGGQYAGPVSLFFSLLFLFTGGFAVFIKGQWKFANFFSSYFVIPLFFGLYIFSKLFFKTKYVKPTEVKLKPLFYDVIDRPEPPIKKLKGWEKISLLWG
CAN21,MYKGAAGMGSFLIISFCLLIPPFLWHIRSRNLPATILIFWLMYVDLTGFISTMIWSGDNFDEAWDGQVYCDIVGKLDAGSSVGKCCAIACVIMNLYFVLCAKHPTLLEQGSWKKFAMDMAICLINPIFVMAVHYIVTGSRYAIVKYQGCSTIYSATYASLLLVSIWTVLWSIVALIFAVLTLITFFRKRKDVKDILLCTNSGLNIKRFARLLIFSFLIVFAMVPLSLYYFVSQAEVLKNPFHWDQVHNEEWNVIYFYDFGFFTFYDRLVNCILSVLAFIIFGLGSDALDMYKSMFHKVHNRFWYKKTDEPYSQEQAIKSMEPQTKINSNKSQFSNTTSFTNTSTMRDIENQFGDVMHQIISEENTSFRFEKQLQSSPATLVKEDGVPRELQSIIKDTDSSSDQIFYKYQVKLKSYDN
CAN85,MNDLDFVVSPVQTKVEINDQNNEDFIPGTLNIYSLEVDSEDENVSHYDASSRPKVKTKGNIILFPQPSNSCNDPLNWSKWRKLSNFFIVIFITAFTAATSNDAGSIQDSLNEKYGISYDAMNTGAGVLFLGIGWGTFFLTPASSLYGRKITYFICIFLGLLGAVWFALVKSTSDSIWSQLFVGISESCAEAQVQLSLSELYFAHNLGSVLTSYIVATSVGTYLGPLIAAFIVQNIGFRWVGWIAAIISGALLFVIVFCLDETYFDRAKFTKPFITGIAPFDSSYSNGKLDSKNSIPEKQNSVNIELNVESKEVEQSDDDIANEGENDPPISYWKRTAMITPATNLKSTGFKQYINQLKLLLKVFLYPPVIYSGFCWGIQNALLTFYLTVEDDQYYDPPYSYGNIAVGLMNIPCLIGAIIGCFFAGTLSDYFTIYLAKRNKGIQEAEYRLWFLLPPAIIAPVGLILFAVGTDQVWSWVPTYIGLGFIGFGYGCAGDVSMSYLMDSYPNAVIETMTVVAVINNCIGCVFTFACSPFINALGNTKTFIILAVIEFVIMASACFFIYYGKRIRIWTKDWYLEFCEARDGL
CAN20,MKFTHLFFIGLLTKVYTETVTVLSTRSYRLATTELTPTDGTVYLTLTRQQSLSTSLNASTITTPPLNLSASVQTTAVTDCHFHNSVQYCVDGYGNEGSILPVPTNTNNLPTSYDGCHSHDGDTFCMDGDKEVQFVKLEDEDDEESSSSSGKKCHFHAGVEHCVDDNNHDAVTCERVKRDYDIPLRIGLLFVILVTSGIGSFGPIVLKQFVNLSQENYIIVIIKQFGTGIIISTAFVHLMTHAQLMWSNSCLKIKYEGTGASITMAGIFIAFIIEYIALRIVNARDTEKVDKKEIEETSSNEQSLHGISVNDKISVMILEAGIIFHSILIGITLVVTDDVYFITLFIVIVFHQFFEGLALSSRIISITNASLSTKLVMALMFALITPIGMAIGIGVLNKFNGNDPSTLIALGTLDSFSAGVLLWTGLIEMWSHDWLHGHLRNSSFVKTTVALVSLILGMLLMSLLGNWA
CAN84,MSRTADDAQQIDNGDQQREGVLDEYAQEGEYESSSDYDDELFVDKKEKSRRPKENSFTQQRLKAINPVLTAKTVIPLLVAIAIVFVPLGAAMWYASHKIEDITIDYSQCQNLARFDYWSEIPDNFTTYNFRNIDTNSELKPKFSWKLANDTSQQFDDEKLVCQVQFEVVEKMKGPIYLYYRLHNFYANHRRYVKSFSEDQLNGKPATLNTIKNTVGQNCQPLSDVNGKRIYPCGLIANSLFNDTFTEAFEAVNGTSSDNTLVLTDKGIAWSTDKNRFKKTQYNYTEVVPPPNWYKKFPNGYNETNIPDISTWYQFQNWMRPSALATFNKLALRNDTGSLERGIYQINVGLHFPVLPYKGKKYLYITQRSVIGGKNDFLGISWMVGGGVCFILGLALLVINFVKPRKTGDVNLLSWNQEKTKRDEQSAAAAEGVTTGFEK
CAN83,MAFDTTVPQEYYDENFIPGTTNILTGKTTIDESSSITTQKSLKRDPKTGLVLMPQPTSSPNDPLNWSPFRKFAQLTLLSFITALTAATSNDAGATQDSLNEIYGISYDSMNTGAGVLFIFIGWSCMFFAPASSLYGRRITYIICLLAGTLGCVWFALSKRTADTIWSQAFVGMSEACAEAQVQQSLTDLFFAHQLGTVLTIYISATSIGTFLGPLIAQYIAQAQTFRWVGWWGAIICGATLIVIIFGCEETVFDRQLYTKVLESENVTQIPDPSEEKKQDNPLTNNTIPHEKKNSMEQELSHEYITANNNEHDVVPIDPETLNEKKKSYWQRIAIITPAPYLQGLGFKQYLERFIIYFKIFTLPAVWFSGLLWGLQDTYMTFFLTTQDTYFYNPPWNKSNAGVAIMNVATLIGAVIGCIVSGLFSDYHVIWLAKRNNGIMEAEYRLYLLVITLIISPVGLIMFGVGAAREWPWQVIYVGLGFIGFGWGSIGDTSMSYLMDAYPDIVIQGMVGVSIINNTLACIFTFACSYWLDGSGTQNTYIALSIIDFATIALVFPFLYYGKTFRRKTKRLYVSMVELTQGMG
CAN82,MILVLIISMIIALAIKDWISGGVIAGVILINVVIGFVQELKAEKTMGSLRNLSSPTARVTRNGDDLTIPAEEVVPGDIVHVRVGDTVPADIRLFDCMNLETDEALLTGESLPVAKNFQIVYDDFSVPIPVGDRLNLIYSSSIVSKGRGSGIAIGTGLNTEIGSIAKSLQGDSGLIRKVDKSNGRQPQKREYFHAGLGSIYDIVGNILGVTTGTPLQKRLSWLAILLFWVAVVFAIVVMASQKFHVNKEVAIYAICVALSMIPSSLIVVLTITMAVGAQVMVTKNVIVRKLDALEALGGIDNICSDKTGTLTQGKMIAKKVWLPNVGTLDVQNSNEPYNPTIGDVRYSPFSPKFIKDTDEEIDFNKPYPDPMPESMHKWLMTATLANIATVNETKDEETGELVWKAHGDATEIAIQVFTTRLNYGRESIAQDYEHLAEFPFDSSIKRMSAIYKKDGETKVYTKGAVERVLELCDYWYGERTDDNFDSQTLVKLTEADIKLIEENMVALSSQGLRVLAFATKDLGDADISNREQVESHLIFQGLIGIYDPPREETAPSVKLCHRAGINVHMLTGDHPGTAKAIAQEVGILPRNLYHYSEDVVKAMTMTANEFDALSDEEIDKLPVLPLVIARCAPKTKVRMIDALHRRKKFAAMTGDGVNDSPSLKKADVGIAMGLNGSDVAKDASDIVLTDDNFASILNAIEEGRRMSSNIQKFVLQLLAENVAQALYLMIGLAFIDASGYSVFPLSPVEVLFVIVITSTFPAIGLGFCGADDDILEKPPSSTIFTWEVIIDMFGYGFIMAVSCLLCFVIIVYGAGDGDLGVNCNSIDANTDTCSLVFKGRSAAFSVMTWCALVLSLECLHPRTSVFRFPTQDLWANQFLLWSILGGIVSVFPVIYIPVINTKVFLHKSITWEWGVAIGCTLLFLLGAELWKWGKRIISRTAKASNPEYELERNDPFQKYASFSKSNTMVVV
CAN81,MSLFEKNTTPDQNLGEDQNQNQNQNHSNHSINNDGNDDKKDFISHKENYLEDSTSLEFDMVGLEANDTILHNKMKLINDAIDEIGFTPYHLKLFFLNGMGYCTDCMLTYLESSVRTFINYQFGYKFPVSNECYAGGMILGALVWGFGADLIGRRLAFNLSLLLSAIFTIMTGMMGNMASYCLFVLLSSFAAGGNLVLDTCVFLEYLPHKDQWLLTFFAFFWGIGQTIAVALAYAFLPNNSCESADYCPSHINRGWRYVFYTNGSIVLAMAILRLTVVRLKETPKFLVANNRDAEAVEVLQEIAHKYNRKCSLTLEQLLECGEIESNDDYRKHFSFGGTLSLMFQHLKILFATKKSAWSTSLLFFSWACLGIAYPLYSAFLPEYLATRGANISADTTSGVYRDLVISNVSSVGGPIIAGLLLYLLPVLGRKGVLFIGGVTTMALLFGYTAVRTRAQNVGLTSAVYCALYIYYGVMYAYTPEVMPSAARATGNCLCLFFTRISTAMVPIIAWYSDTSSAVPIWICGALVGVIGIVALALPFEPSKQRVV
CAN80,MLRRTPCVIRQVTRTSIRNSSSNSGSTSALAYKTLHRNQKRPPLPTLETPNWSADTAVSSILYETPVPSKAPPKQHVLNCLVQNEPGVLSGVSGTLAARGFNIDSLVVWNTEVKDLSRMTIVLKGQDGVVEQARRQIEDLVPVYAVLDYTNAEIIKRELLLARVSLLGPEYFQELIATHQLHIDDGSSIPDIDACESAYHPNNLAPSEALRQKHIHLDHISTLTKQFGGKIVDISDRNVVVELSAKPSRVSSFITLLHPFGILELARSGMMALPRTPLNSFTEVEEESIDAADIVDASQLPPG
CAN19,MDGVSLLNQYLPSWTPTSLPTSTSISTINPTNTAGLALTLLELQNAIQTETNTISLYFLSRAARGVAASYTIISGQQYLATATATQDFPEVTSAMVNATLSLKQLEWKANLYAINLSVPFNAFFAAMFGVTLICLLGIGFSTKTKYFTICLACGTILEVIGYVARTLAHYSWSDPNLFLCQIVSLTVAPAFIMAGVYYLLSQMIIIHGEQYAILKPIMVSIIFIFCDVVSLFVQASGGAAAAVSLRLFKDTELGTYIMVGGIGFQVVSMTLFLYFLFDFVYRSFFTANSNIKYSFSTYCLLLFNTKKGRLLRQDLEPFYDVGYKHIRQRSLFNYMPLVIIISVGFIYIRCIYRVIELSEGWRGYLITHEEYIFALDALMVLLTCITYVFFHPGLVFGKQMTAQISVSANKSESAADHESHCGNSRMYNYSKNHSNSPQSSHDEKFIMDQRQKYYNPYFLPTKFSQYNSHSCPSSETYTYSSYNSKLETKSESSWQNS
CAN18,MSYQITEKKDLTYVITENSIPQAQLEKNFSLLSTCAFQFTLICSALAIGTFLSTVIGVGGSPVLIFGFIVAITFDLIICYSLAELASAYPHSSAQIHWTYCLASEKYKRSLSFLTGILSCAGWIFACFSSTYVASMFILALAQIYHQDYVPKSFHYYLVYLAVFLSGYLVNVFLVKLLPLITNISVAVINFGTFFIIITLLVKSPKQSAEFVFKNIINETGWSSNGVVFFLGMLPSLACVTLFDGAVHLTDEIAQPERNIPLVMVISNTLSGVMAFFAAIVYMFCVVNVNNLSNPVGGEPIVQLMYDSFQSEALTTIGVVCLILTFVGSSYMYYTSTSRLIWSFANSNGLPFSKYIGEVSSNLKSPVYALSFLTVLCIIIGTLIMGSDGALNAVLGTSMVCINLSYLIPIACLLVKSKFSTTHRFNERPYFCLGKFGLPMNIASVLWVCFIMVWLNFPLSYPVTSDNMNYACVVLGITCIIGIILWFVHGRSRYDHNIDLKHF
CAN17,MSALRSQPLQPLNSGQLNARANNITPVKSIRRPKENVQPTDQKQKKKKEKLSALCKTPPSIVRTRNGRDYRRGNFLGEGGFARCFQMKDASGQIYAAKTVAKASIKNEKTKTKLLSEIKIHKSLRHPNIVNFVDCFEDDVNVYILLEICPNQSLMELLKTRKRVSEPEVRFFMVQIVGAIKYLHSRRVIHRDLKLGNIFFDPEMNLKIGDFGLASVLPSTDSRKYTICGTPNYIAPEVLGGKNTGHSFEVDIWAIGIMMYALLVGKPPFQAKDVNVIYERIKKTEYYFPEDKPISESAKQLIKDLLSLNPLHRPTIDEILLYDWFKGPFPDKTYEVSLQTLPPGLDQITRAQSLANFKYAKDSAGIYTPKNKNPVEILRADLHSEQPRTLLPLSLSPNDTRNKYQEVDPGQLGRPRRVNFSSNFSTAIKRLNQVCFETYQTMRRLEHSRHDEVDASEFPNCENPTLISKWVDYSNKYGFSYQLNNDDIGVLFNDENTLLKRHNSDRFLELIYHENEGWTCIENSLANPPAQAKRQLEIVDFFAKYMNSNLSKVSEIEERKETVFLRRYTRTPDYIMFEMTNGNFQFNFKDHHKICISKTGLAITHISPGRLTQTQPLILVLKQGNFQHENVPDCMEKIMVIKEAIKKKAFKEA
CAN16,MTSTSSYTNVDFFSDLGKLPPEVITLIIDNIPKCMLPQLLYFPPIRKAVASSILSNVNITIPEEVGRHEWSDEPGVGYSRCKCDVFDIEFSDFKEGITQWHVYPKIFSMEYINNFKTIWDTFPQMITNALSIKGFFLWEDDSDTENDIHTGDDMHTKDLLKFFADSNIKFDSLNLAEFPGPITLPPITTNLLLLRTTLTSYEIPGLKKLEVDLYCAGEQNQSYTFTSDLEDLTIEDRHFIQMTLPSSLRRLSINTDMVSVNIISEELVNLEYLELKNLRIPFINEIGIVAPNLKTLDLEECRNTINLYGLREFQKLKHLSLKQCAYPIGLFEENFFPELESFEFSGKNSFERENAYRGSLKFPANLKRLSIKWANHITIDLRTFILPPQLKHLELLDVNFSNEPLKFSEKLEYVRICTPVFIFPGNFRIPPLMKHFQIQANRLVFPSSQFMYSLPDGLELLQLLSSEKGKLSQLTQKVNWPKSLKVFGIRRLRLHSHSLELWNFHESNLEEIDIQGGTLDQLNADALPTSLVVLTLQNLQMQKLRGSFENLKNLQELTLVHNNLENKTHMKFPSLKFLDLGYCKFDLIPPVSVSLIKERRSLLTLESASIDVVILQEDTCITQKPKRIKI
CAN15,MTSNLPPLGSTTNDQRLPQSGVSSIPTNKLPLPNANEDFATGVSNGDVDWLFRGKSKKLGKKMANNNANKDERKNSHGNIKNSEKTTAKPNETKHESNGEKLEFKETKSEKPTKHTTTGNPKAPTNGQISNVTPSQPSPKQTTSGSTNANDIPPISPKQPEKASKLNKLKIGRSRSSSASTVVPSSTTASTTTNPGDPKSQPKRRSSSFNFVTPSLTSDLAYDDPALVSQLSNNSNSLNSSSPNVSRSNSKKGGLFSSLSSKFRSSSASSKQPQLHSSSTPSTTTTNGGGNSSAAPKSSHHSPKFNPSLVGPVSKHNREAEDLVSLTNTLPAGSGIPIKRKPSISGNSIFKDSFLDDASSSPSSSLNSDGGLKFFRRRSSVASTPSTHASTPRVILNKNPNRRKVPIEEISEVRLRRVTFSVDKLEHDPQQQIPSRRPKRGNVLIPQDINAPPPRLCLGISVNEPNNKDDGKSHNHSKYSDHEIALAEDAQRRAIIEAEKHAQEAHRQAKKIAQEVSGYRSHRFISIKEGGSVGNSNTNGNDNDEDDDEVEEAVDKKLANDVSVDGPLHVHEQHFEEEIESKTGEKTISLETIYTRCCHLREILPIPATLKQLKNKTAPLEVLKMLNPKPTLIDVLSFSDFIAITPINTVIFDNVTMTTEMLKNFLGSLTYNKQLEKLSLRNVSIDELGWKYLCEFLATNKTVKKLDISQQRIKPDTPDTSIRGNMNWDLFIRSLILRGGIEELVINGCKLSDAIFEKFINQAVKKSTYRLGIAGIDLNVKKSEMVTSWLTDGNSQCVGVDIAFNDLSKGQLRPFINAFNTGKVNNLVFFSLNSTNLLNIEETSDLIKSLINVKTLRFLDLSSIPNIFPKIITHLDKYLPRYPNLRRIHFDLNELTAQAIGSLAGCLLKMPQLVHVSLLGNKNLSTTSAATLYGAVKQSKTLFALDLDYDLIPDQLSQRIAFYLMRNLEYTLKPSHGGNIESNPEKPEDLMYDGSLLMETAEKLLVEIEKGKKEDIKMQRIISDSVLERTRSIRKDIHKTIDTLFEQRNLGKLSFEGKENLVRFCLLDSSLEKLVVMVEEHANGLLLTPTTSTDDLRSRAMSPSVTVDTIHESANELITAGPILSPHVNRKAEQSSYFPVFANNDNLTPHQVVVESNDEGRDVPIDKMTGRPVLIRSISQTSVHAKEQEIEEGELHKFGFFIQQKERQKQQQQQQQQQNSHHQHQPAQLIQQENQLPLPQQGKYEDLPILNTLPSGPELRDAIMAAKGVANVTELIDRINNHRVKIDAPSTKHHHELNKPNSDKVVEDEVEVSDNASIDSTNGDDLHQLGDGKHNGNGTVDPMVSEVYDKLLNDAERVRLNRDI
CAN79,MGFHAPLNGSSKNSKSSAFASFDSASVMQIVNKAKDKIVPDAQFHQTITDQGIRHYQEKLSPLLQNSYHGANVNTNKQDSSPMKSPVTLQHALNVRLESILSLNVRPGEPFFVLWFLISSYFPLIAACLGPLANMISIVALVEHWKVDIITRKNVPDIPKVVVMNAVSLALGLIGNISLLMNFSRSVKYLVSQSVSIIAWLCASALLAAALFVTNREFGGENPKYVPSEGFYFAAFTSGNYFVCMLILVINFMGYSLKKYPPTFNLDQRQRTLMLFTILFSTWTVIGAFTMGSLIDDISYGSALYYCIVSFLTIGLGDILPETSGAKVAVLVFSLGGVLIMGLIVATLRLVILSSAAPAIFWNDVEKTRIALLAQLDKENRHLTLEESFHEMRVLRRKVKSRHKKVSLALTIAVFMIFWLIGALIFQKIEKWSYFNAMYFCFLCLITIVYGDYAPKTSLGRVFFVSWAVGAVPLMTILVSNVGDTLYEISNDISAWFSTWMFSTKEEYRDLKWKKKKLQEDQEDQLTVNSEAVRSSELDEDLDLAKMEQEASLEARDNSSNGEIGAASIDNPNEDVKVKDNDTCITNSSNSNMRKDQENNSYSERSVCKSEKQNFDIERIRQKIASKKQVHEMLIDYLEKMKPLIGDSIESPNRKYSYKQWKGAYDGFWLSESSPLRLPLKEPNYLILKIYFEIEMMLRGLVDMEIEDLKTLTIQDVSNELSSSSSTDIKFARTIKFDDDK
CAN14,MSVEYPNSVTSLDKKPQVDLENVIEDASTSSEHRVAQTENLNRSLGARTINLICLGGVIGTGIFLGMGKMLLNAGPLGLLLNYLIMGSMIYFMMLSLGEMSVQYPISGSFAVYTKRFGSDSLAFATLFNYWLNDCVSVAADLVALQLVMQYWTNFHWYVISIIFWVFLLLLNVLHVRLYAEAEYSLALLKVVTIIIFFIVSIICNAGKNPQHEYIGFKYWSYGDAPFVDGIRGFSKVFASAAYSFGGLESVSLTAGETKNPTRVIPKTVQMTFFRVLIFYILTAFFIGMNIPYDYPNLLTKKVATSPFTIVFQMVGAKGAGSFMNAVIMTSIVSAGNHALYAGSRLAYNLSLHGYIPKIFLPMNRFRVPYVAVIITWLIGGLCFASAFVGSGELWSWLQAIVGLSNLISWWVIGVVSIRFRRGLEKQGRTHELLFKNWSYPYGPLYVVILGGFIILVQGWTTFSPFSVNDFFQSYLELGVFPLCFVFWWLVVRKGKDKFVKFEDMDFDTDRYYETPEEIEKNRYANSLKGWAKFKYNFADNFL
CAN78,MLSLTKPPTATATATTHTETKTINTAQISLQIFSFFFVSFHHYLIKYQINQLTNSIIMRFSIATLSLAAFTVVSAGYISRGEGLTRGEKHERHECDFDSFEWKFGLAVKELKHHGDKNWGRDVELDLVYESDDGQLYHGCKDVYKASKCRNCYETFEFSDNESSDDEGSGSDCEDDECKKRKKKVHRNYKRGGYGSERRQSDCESDCERSERCNYPFCELYEDNCDLLLTLCDGVLHDDRHATGEIVANHQFQFDKPPQKDALHKKGFSIVYTHGNYYLALDNKIKFWHCKVDDNGLYKIYDKSIGEQCCEIELIILKSDKKAEFEFTDRESDSEGSDCDDDCKKNKKHGKKHSGY
CAN13,MSTEEKHLQTDVINSSTQGSHSVEKLLRDDEYAGDNLGSDIQIDDEGREPTDHEMETLRHVSESIPISCWLVAIVELAERFSYYGLSAPFQNYMQFTPEHSPKGMLGLKQQGATALSYFFQFWCYVTPILGGWISDTYWGKYKTIFVFCVIYIVGIFLLFITSVPSITSKSTATGGYIAAIIIIGLGTGGVKSNVSPLIADQIPKKKPYIKVTKKGERVIVDPNITVQNVFMFFYLMINIGSLSVIATTQMEAHIGFWSSYLLTFCFFFIAIAALIVGRNKYVKVPVGDKIVNKTFKCVWVGIINGFNFDAAKPSVKPEKSYPWDDHFVDEVKRTISACKVFVWYPIYWVQYNGMMNMFVSSAAGMSRDIPNDFLTVFDSVAIIVFIPIFERFLYPFVRHFTPFKPITKIFWGFMFGSGAMVYAAVLQHYIYKAGPCYDHPLDCPNGNHINIGLQTPAYVLIAISEILASITGLEYAYTKAPVQMKSLVMAMFLLTNAVGAAIGIALLSVSVDPKMVWTYLGLAVLCFIAGCLFLTLFKHYNKKEDEWNNLEYEANIEEAALMPVSSLTPSRKSIA
CAN77,MQLTISLDHSGDIISVDVPDSLCLEDFKAYLLAETGLEASVQVLKFNGRELVGNATLSELQIHDNDLLQLSKKQVADDTQISDRIEMIRNQVLADANAREQVRLTQPNLYDALNDPARFRGIMMEQVSQLSQSSNSQQAELLRLQQDPDNPANQKRILELIREEAIEENMNLAWEISPESFTSVNMLYIKVKINGVEQVALVDSGAAITTISEAIAEEVGLTRLIDRRFQPQAVGIGTQTVAGKIHSAPIEIGDSKIELPCSFHVVETSVGILFGLDMLRRHRCTIDLERDVLVIGKHIEAKFLSESEVPRKSLGGNIFQREN
CAN12,MSNSVSEAESRGHKSLEIEEYQIEEYQIDNHTNDESSEILDPHQLNKVYRKLDLRIIPALWCLYFLTSFGSNCYGLTLTMNRAEGHSLAQQLHLTSKDTSTALALYYVGYIIFDVPMNLIMTKVSPQTWLARIVITVGLVYTCYHVLHNAGGVIAVRFISGVVGAGTWPGLSYYVSLWYPNDRLTRRIGYYFTAAQISAAVAGLVSAGFQKMDGVHGYTGWQWMYLVYGVITMTVGIALLWWLPDRPFIGVKSESNRLVEFYRKFTTPPHPLNEQEKELHRKDLEHRYKLLKWTWKDVVNIITDLRIWPLIIMYFGVVGTGFGLAVFGSTIIATNNPNLTSIQVSLLYAPIWLFDLGGILIITPFADRFKKFRALIFSGACVIIIVGMIVTTFAHGSWNKYGGLLIAGFGLGPTVPICMSWSAEIFQKRYGDVGNAVSAALVSGLGNLGSVTSTYALYSGWPEDKARLYRNSNMMLVLMLGVSIIASGVCQLIKDKVRQPK
CAN76,MFGSPFTNNPTQKSSTPTVFKDNARNAIYKQLPVVTSNTASSIRSAPLQFLNNRHHVLLHRSMSSSSSIFSSITGGKRSVRSAPSIYSSSTATIPEDLEPVSTTVEQLVNDIVLHENHYRAVALENNHRNANVDVEEMYKISLGSDLQYQNVPESLIDWNLNVTRCKLILTQLPQITSTDIPYNQNALPQLVGDLAGVCHIILIQPHISDKELIYTLLSSNLYKEHDLDVNFKKSVAEISVKQSRLLQINNGAGSSSINPEHLFLKFKFKEIAIRNYLINLAAAATTAHEYKLKMEHLKGVLKMEQPDKKVKLSKEDKKVLWEQVRLDVFQRAGL
CAN11,MKPFWIYIFLFILSSVGANESTTSTSSSVEPAPTPSTLVDILSERPQFSYFLRLLQRQGMIPTLNQMENVTLLAPINLAFVGKKSIDWDNNSLNRYIVNQKLRVGLLGKSESVYQTLYRVGNTNYLIAVSPDFESLEYVIDEVSYIVEEDIYAKHQHSYIQGIDQLLPEKPTICDVLMNNTNPEISLFSKIFQLLFIDTDEQQVQSKKKKKKKKHKKPKKTKLPPLPNSCKEFLNGTGTILVPSNKVLKNSLTDIQLQYYLANSDFARYATTTDAVFEIKHDVMSLLQSLMFPALIVGSNNTNSKIKSNLGSSHKFKLKDGHVEVDKVAVTESHVSADGVIHIFKETDLLFEQLNIATAEMIARKSLYALHYSNFVDELYFRSLGHLVDGSSQNQSIFLDVNQRDDVEDDDVEASVASFSSKQNILYQFVDGKVAIHDTMHSLLDTKLCSKKKIGGCFKLKFSISNGKNNITVNDEVHIQAYTPIANESVVFVANGEITPPVNLKHSLGDLISSGAVHRHLENIEIDQGSCLKTLEYINRFGLSSLRDNDEGYSIFLPCGTTDTKGTWKDLGLILTYLERNPHMLEMVVKSMFMEGVVYSDFTSHKTLKDLNGNQVKFKSRNITNDANEATLNNTQLSFPLNSDLLFQQGVIHVTNKVFFPDDFEVPIEELIKTTYDSNFPSFFMWDILKMYPNINKVITGKQPYSLLIPTAESLKDFNITTSMKDLLRFIDFHLIPNSEVTKILDCISGEGYNNSVIKTNLSEGGLTCKHKPQTNKVMLQLHKLNTISTVSYNKDQEVRLLSHGCTKKYQSGTDQLSCVFLIQKPLNLDWFENPKNGDNFLHVHLGLVSVGVGVILGLIIFGGVMVGLMFCIGKREKNNNKDDFEFPRPDSGFMSVLTDDDEYVPYDRGYETDVDVLRTETDALLPSHMKRKKRVKKPDYGSTKQGSNGVTLPRDIGDIRSTLNRERNLPGYSQY
CAN75,MSDSPQLSASLLRLKLLDALRNGDINKIDTIVDELTSCKPTLQTQEIVQLKETILHYAVQVASLATIQHLVNNCEKYSLDINAQDTQGNTPLHLAASSSRLDVVKYLLLLPTINDTIVNLDRKQPVEVCKDTNIAQLMQFERAKFVEKAATNLRIYFSNRDFDNLENILIANPRASELLDINGTEPQTGNTVLHEFIKKDDLAMCDWILKHGGDPFKRDKHGKLPIDLVNSKNEALKKLLKAASKDQTIMDPVATTNNAIKTGGAPVYKGYLRKWTNFASGYKLRYFVLDHNGILSYYTNQDDTNNSCRGSLNLGYATLHLDSSEKLKFEIYGKNGLRWHLKANHPIETNRWVWTLQNAITIAKDNIKKRNLNGERRSTPSPATIELATTNETDTQHEHSNEPEKKRHRLRIPGRKKHKRISSLSSFESGDESTGELSRSSTFKNNLKDIKEGSRLTGISTTQGAPFELLSTRKTSHEDQYSYQETDNENFDYDIDDYDAGDYDSETEASVDIDQLNDSIATTRRSLQVELTSLLELMKSLQDDKLLSNDDAKVNEICVIGGNTIKGIHDLMAKYDISVDARYGKLKKNLDRQLEVNALWERSIRQLENEIAEKDSKLAHLQGQRKQLKKYFTASGAAMAKSAGTVSPAPSNKNLSNEEKQPENKQALTEVLREEPDETQIEEVDEKLDKLLNIKERQVVEEAPQMPGALPDEVIEKYLGEDSDEDDEFFDADEFEEDGLENVELGGVAAALGAAQAKVEATSDELPVNEEVKEEEVPLALTEEQEETPSIVVNEEATSSLNLDEKSSIAPPTVIENKEVEVLELDEKLVAPSDVTKIEETNNVEEGVSPLTVEELKPAAPVEPQVPGDEGLTEVQRRVNHLLQEEGSFLGYENPPRKKLSMDEDNRPKVGLWGILKSMVGKDMTRMTLPVSFNEPTSLLQRLAEDIEYNSLLNTAAGYDDSTLRLIYVATFAATEYSSTIDRIAKPFNPLLGETFEYSRPDQNFRLFVEQVSHHPPISACRAESPKWDYYGENAVDSKFYGRSFDFKHLGKMFCVIRPDKGVRNKNGELVEEELYSWKKVNTAVVGIMLGNPTVDNYGKMVVENHTTGDIITVDLKQRGWRASSAYQLSGHALDRDGVAQWAMGGHWNSKIFAKKIVNGNINEGQSGNRKMSLLDDPNARAGTSTTVSNDPYSGSKFLVWQVAPRPKVPFNLTAFAVTLNGLDDKLKPWLPPTDTRLRPDQRDMEEGLYDRAADEKHRVEVKQRQARKQREDNKETYVPNWFVKRKHPVTGDMFWEYNGKYWPRRKAQDLANTGDIF
CAN10,MDTKYENKAESLEHSVDSKESQAEPSLEKNFGWWSLFAVSFSLTCSWVGVSASFGTSIGSGGAIIIIYGLIIAGFFSLCVAVTLGELISAYTNPAGQYYWTLQLAPERYRKILAFITALFSYFGCVFTCASVSSSLANSILSLYVLNNPSFEIKRWHSFVTFEAINLALSVFNIWGRYLPHIVTSGLWISLIGFVVTMITCLACSSGRYNLGNFVFSDYTNITGWNNKALSFIIGLISPIWCFAGLDSAVHMVDDLGVKAGKVLIPRAVICTVALGFLTAFAYSVAIFFCATDVSEVVESTLPLLTIFYQSTKNKSAAIFLEVLTILTGIVCNISAHAWQARVCWTLAGSEALPGSKYLKQIHPRTKLPVNAHFFSTFLVAIIGCIYVGSTTAFNAIITACICLLLISYSIPAILLLRARNKGFAHGPFCCGKLGYIANILTILWTIFCLVFLSFPYVRPVTNTNMNYVSAVYGGVILAVIICWFLYGKAKFIANKTE
CAN74,MADSYVPLPQSAGYAVVVGLGFVFAFGMMLTTYILRRYNKEVMTAEEFATAGRSVKTGLIAACIVLSWTWSATLNGSTSQVYNNGVCGLIFYAMGATVQITLFACLAIKARERAPAAHTYLEIVKGRYGTTTHFVYIFWGIVTNILVTSMLLSGGSATVNDLTGMNIVAAILLLPLGVVIYTLFGGIKATFLTDYAHTVVLIVIIFIFAFTTWATSSKLGSPQAVWEIVTKLAESNPREGNAGGSYFTMHSRSGGMFFVINIIGNFGTVFLDNGYFNKAFAANPLSTYKGYIFGSLAWCAIPALCSLTMGFAALALEHTEYWPLGRPMTAAEVASGLVLPNAASALLGKAGAVLALLMVFMAVTSAMSAELIAVSTIATYDIYRTYINPNASGKKLIWVSHLSTVIFAYTMAGFAIGLYYAKVSMGYLYEMMGVIIGGAVLSSALTILSKRQNWHAATFTPIISTALAIMAWLVCTKKKFGSVTYLKTFEDDAMLTGNCVALLTPFIIVPILTFIFKPQNFDWKLLDQRITRVDEEEELAEALGGTVSSDPERLHPIKSQISVIASQLVEGEREQYQKEKEILNKSFKICCIVCCTLAICLVVLFPMPLYGTKYIFSKKFFTGWVVVFIIWLFYSAFQVIIFPIWESRTDLYHTFRGIYWDLTGQTYKLKAWQNEHPEEMHAVRSQLQAQLSRTAVTHEIVDGKAFGDGYVTPANIDDALEEKKG
CAN73,MENKVSEISEMTTDLNSNSETKFDHFTTTTKTTTDQIQKKSTETTTTTQSISINSKDEKKAGSKLSRVVKVSRRALTTYASFIGPGLLVSVAYMDPGNYATGITAGASNRYSLLFIVLLADIIAIFLQVLCIKLGCVTGYDLARCCREYLPKKLNWILWILAECAIISTDVAEVIGSATALNILLKIPLPAGVVITIVDVIFVLIAYRTDTSLLKFVKIFEYAVGCLVMIVVICFAVELSQITANVGQVFRGFVPSKEMFDGNGMTVATSVIGSTVMIHSLFLGSGLVQPRMRDYDVKHGYVNLYEIAKEEKVQEEEEEDQTEISPVASNPIQNNIAPTYEQEAKFFRTKYKPSYKSICYCLKYSKIELIVTLATIALFVNAAIVIIAGATLYGTSEAMNADLYTIHSLLSKSLSPAVGTIFMVALLSSGQSAGVVCTIAGQMVGEGHINWTLKPWMRRILTRAISIIPCLTISVFIGKNGLGVALNISQIIISILLPPLTAPLIYFTCCKKIMKVELGEEDEVEGIEEDDGDSGKRYKYMTNSWLTTIIVVIIWLLVAILNVYAIYQMAVSGVTGS
CAN72,MKLLQYIIVFIITSLNGSLVVASVGSPFTLYKGSKPFYSCNNQISDTVSFCIEATDYQCLCTNKNYLATVAGCLQTVGPSPSAVNGLVTFCGTRGVYFDSYNWFNDSLQLYLQQAKSKNQIQNFNKSSPLETPFILNQTALMLYQQTYNMYYANLDNSLYYGAACLGYWLLMLLVIGLVNWTKVLFPNFVKKLTSPIVNKWRKYISAPATFKRKKAEEQRLFKIVSHLILSRFDSMIVFGFYILVIVLHAINYPAIENEVRYKSQYLAHMKILGDRTAVVGIMLMPLIFLFAGRNNFLQWIVGLNYSTFVGYHRHLARIMFALFVIHAAAFSYLFGDNYNLVMSETNFIWAVVAIVCGGIIMFQALLYFRRKWYEVFLVAHIVLAIFWTVGLWYHVQYRGYVWLVLPSIAVWSFDRAVRLARLFAFGFPQADITLIADETLKVQVQKPKYWKSVPGGHAFIHFLDTKYFWQSHPFTFIEEELGSIIFFCKVKDGITRSLYNRLLSSPGKSTKVRVTVEGPYGEPTPARYADSAVFLAGGNGIPGIYSEVVDAAQGSSTGEKKNKFKLVWVVREWKSLFWFYQELVNLKDLDIDTTIYVTRPGIESFVEEYNNRFSESQAILSGDIHEKPKKDGVKVSVNKVDGEEEEEDSESDGMIDNIKLELDHIQFHEGRPNIEFLVDRFVEQSNGSIAFVACAHHSMVDEIRYYCAHKIDNPEKKRVDFYEQVQVWA
CAN71,MTKDDIKLLLSEDLSPYKLTLLIVIHLYLCNELPIPQLITLTQLIENKQQPRPHNLLSTHNIIHSLSQLCELFNDMNVRKQLLKCIWRINSIEQLENDYINNLIKRVKSVDLITLNITPGSTNSGKVLSSKSLFGSFILKICTSFNSLKFDESFLLFQAFQQFREPTRQRYVELGGDIINENNNLGDDPDRDLFTRLNNNLIELGINNSISLSSLSSPTLTSTPTSTKIISVPKYDFQQLLDRQISLLETYGTPTPQYLKDIMMMMISPNSNVGRIQNIQFNNLPSYYYLRYLECLQISNYNEAFASLHQYFDYMVSNNSKYFYHFALISRASLHQYFGEDNKAMDAIEEAISVARENKDNSTLTYILSWLFNFMKNKPELWKNRQIFYNNNNNNNNNNNNNNNNNESQLLDFLIKKSKQISLLLYSMSYNFKTLYFLNNGDYQSCINSLIKSIFIAINDDVKSTFIKSAELAAIVWSKLGEPILSEVYNEIAIELTDNTIDQFSLFIRLNFLKFLQGNNNINETYNQLQNMKNKVMITTDHSLYNAIQIRMLIILIKINLQKGKYNTSKEIINLLLDTDLKDLELKHEVLMLQVQLEMYLQNYSHALELLASMHTTTTTTTTSSSQIYLTIRLNLLKCKIFISSGNPYRVFSLLIQQIKIATKCGFGMIIIEAKLLLWKLLNDLKSFTDARKLGEEIMPQIFSLNQSEFIAIAYFELARSWSNDDDDDLVKSGEYIKIAIDRFKQNSDLVMLKQCLQYQVYLMNKYNQPQEMELANRLLNEITQELQNEVEQGYIYN
CAN70,MSLTKENSNYASGDTKERANSDLSESDRSTPPRDPNSTFQAYRLTIDEVAQEFNTSIVDGLGAHDAENRIQAYGPNNLGEGDKISYPKILAHQVFNAMILVLIISMIIALAIKDWISGGVIAFVVFLNISVGFVQEVKAEKTMGSLKNLSSPTARVTRNGDDFTIPAEEVVPGDIVHIKVGDTVPADLRLFDCMNLETDEALLTGESLPVAKNFEVVYTDYSVPVPVGDRLNLVYSSSIVSKGRGSGIVFATGLNTEIGAIAQSLKGNSGLIRRVDKSNDRKPQKREYGQAAAGTIYDVVGNILGVTVGTPLQRKLSWLAIFLFCVAVVFAIIVMGSQKFHVNKEVAIYAICVALSMIPSALILVLTITMAVGAQVMVTKNVIVRKFDSLEALGGINDICSDKTGTLTQGKMIAKKVWLPNIGTLDVQNSNEPYNPTVGDVRFAPYSPKFVKETDEEIDFNKPYPDPMPESMHKWLMTATLANIATVNQTKDEDTGELLWKAHGDATEIAIQVFTTRLNYGRESIAQEYEHLAEFPFDSSIKRMSAIYKKDGETRVYTKGAVERLLGLCDYWYGERTEDDYDSQTLVKLTEDDAKLIEENMAALSSQGLRVLAFATKELGDADMNDREQVESHLIFQGLIGIYDPPREESAQSVKSCHKAGINVHMLTGDHPGTAKAIAQEVGILPHNLYHYSEDVVKVMVMSANDFDALTDDEIDNLPVLPLVIARCAPKTKVRMIDALHRRKKFAAMTGDGVNDSPSLKKADVGIAMGLNGSDVAKDASDIVLTDDNFASILNAIEEGRRMSANIQKFVLQLLAENVAQAFYLMIGLAFLDETGYSVFPLSPVEVLWILVVTSTFPAIGLAQNAASDDILEKPPNNTIFTWEVIIDMFAYGVIMAATCLLSFVIVVYGAGNGDLGIDCNATNADKDLCSLVFEGRSTAFASMTWQALILAWECLDPKKSLLLIPFSELWANQFLFWSIVGGFVTVFPVIYIPVINTKVFLHKSITWEWGVAVGTTALFLLGAEAWKWGKRVFARSSKAKNPEYELERNDPFQRYASFSRANTMVV
CAN69,MSGNFTGTGTGGDVFKVDLNEQFDRADMVWIGTASVLVWIMIPGVGLLYSGISRKKHALSLMWAALMAACVAAFQWFWWGYSLVFAHNGSVFLGTLQNFCLKDVLGAPSIVKTVPDILFCLYQGMFAAVTAILMAGAGCERARLGPMMVFLFIWLTVVYCPIAYWTWGGNGWLVSLGALDFAGGGPVHENSGFAALAYSLWLGKRHDPVAKGKVPKYKPHSVSSIVMGTIFLWFGWYGFNGGSTGNSSMRSWYACVNTNLAAATGGLTWMLVDWFRTGGKWSTVGLCMGAIAGLVGITPAAGYVPVYTSVIFGIVPAIICNFAVDLKDLLQIDDGMDVWALHGVGGFVGNFMTGLFAADYVAMIDGTEIDGGWMNHHWKQLGYQLAGSCAVAAWSFTVTSIILLAMDRIPFLRIRLHEDEEMLGTDLAQIGEYAYYADDDPETNPYVLEPIRSTTISQPLPHIDGVADGSSNNDSGEAKN
CAN68,MTTLPPLGDDSTTASTGNDNTDSTTTTATVNKNIDSTTNATDNTSKATTTGNDNTDSKTTASGTDSTTTTGDNNSESTTASTGNDDNDSTTVTTGDDYTTVTTDNDNTASTIVTTGNSNTTTLTDATGKDSTTTTDNGHDESTTVTTGDDDTATTKDNNTASTTTKTGDNDTATTVNHSIESTTVTTGDDNTATTGNDDTASTTDATGNDSTTATTGNHSIESTPVTTGDDNTATTGNDDTASTVSTGNDNSASKTGATDTENDTTSTGDDDTATTIPTDAPTTGDFVSSTETKYTKSKKTKTHKTKTFETELTKTSTSLEASASSLEYPFESTSDQICQCTPVTVTEYIPQSPIPKEVESTTQSTKSFASESSSLEPTVSVSLSKSESTTDITAETSHESTTEQKSETLDQSTSVVTPATNQESTTDTSSDNNVESTSVVTPATNQESTTDTSSDNNVESTTAGTPATNQESTTDTSSNNNVESTSVVTPATNQESTTDTSSEKDVESSSQFATPSNPVHTSLSTEYYTTGVTSYYTSYVTVTAETTEVLTLTSCVDNHCHKTTATTGVTVVTLTTSDIQTVITTYAPLTQTVTLGIAGSKIVDLGCPIGNFGYKGYVGKGIKADDKGIDANAHAGFKIGFDAIKRDQKVANTTNVTVQSSKNAGAINSVYSSIELLCAVAAIMVLII
CAN67,MGLLSSLLCCSIESKDDNDDKVHRPSTSNGIATTTSNKSNAAVTSASLKGNSSRNNQQDKAKKINTTTTKTTKANTTIIPTTNTSKLQSKNTPTRHGKDANTNENNSDLTKDNDIDVMGDEDEDEEDEVDALKPSKKDLLDDDQSINEIETIANTNDESNNNTPKSSNDTTKTDTNNTKINTSDIITQVPENGGAYTTTNSSNNYQKESRNLVQKNETRNGEDDDEEEDEDEDDDEDDESLEDLTKLQDGQAFNPETGYLLGKKDKNFGNKKCLILDLDETLVHSSFKYLRNADFVIPVEIDNQIHHVYVVKRPGVDEFLQKMGKLYEVVVFTASVLKYGDPLLDKLDIYNSVHHRLFRDSCYNYQGNFIKNLSQIGRPLEDTIIIDNSPASYIFHPDHSIPISSWFSDLHDNELLDLIPFLEDLAKPIVDDVGLVLDISL
CAN66,MNSFISEDSDYYYENNNNDNININERVEPYSSSLSLPLHTFPSSTISLVSNPRDFLEEEISTILINSDSSECNENFLIFIKCILDNVYNTSNKDKSSSSTTLPSSSSYEEISYYSLKLLTSNLFIKNFQFCVGKILAFLKMFTQITQTWLEEKEEVNDQSSCVKYESECLKEFLCITLLLLLKIKNSEDESTLDGNDSIISSDSASTNATTTTTDGLKLIEVDYLFQTLRQYHMMSIMSEFINTEIMAIDKHKSKFVILKFSCDIIFEYFYRVEILSDIELSELINDSNNNKNLISTLVQYLLHNENFNNYDLDADDFNNEDKLIAYEELKLLLLINEQFLMKSFNTNNKNLVFDELMMGNITNGNLNNITGFINLLIYHLNREESHIIKILILKFLYLVFTSSSTCKLIYLNDLKILIDILLRELNDLDYNENIVLTMTYLRVLYPILMFSELCEINGNRNRNGYGHGYKSQEILETLRNIIINSEIKSVETEEELSISKLAVKCMNVQWLQKLVQNQDSKQGMVIPSTKSTTTKSLPTQNSNSPEEEDEEDEKIKLNEEINTSKESLTNSFTRVASVRASSRSDYHKHTTVHNIERKNSMKSSSTNSKTNNSNDHDDSNDMIMENNGNIFLSKFSKMSINDNSNRGSRQLTNNTSMSDSLLYNSRKNTQSERTNNNNNSNQNNRDNHNILDLPTEYLISKPLPKLPIPEKRQNMMIYDNNKNSSTSSLNSNSSLKQKALKKKAPPPPPPPPRRRK
CAN65,MSEDSELIEQVIEQPDSLIISPPSDSSSSSSYNHIQPFVYLESTATTQTNHNVLLILNQKITIDLISLWKKCEIIVCADGGANSLYEYFNDNNHHHHHENLQRSDYIPDYIVGDFDSISPDVKTYYESHGSKIIRQSSQYYNDFTKSIHCIQLHYQLNHTKENWFESIDEVDGLAKLWNGLNNSSDVVVDIDITIYVLNAIGGRFDQTVQSINQLYIMNEDYPKVTVFFITTNDIIFLLKKGVNYISYKNRLMFHKDNGSSPTPTCGLLPLSNKTPIILNSYGLKYDMRNWKTEMLGQVSSSNRISGETGFIVECSDDIVMNIEIDV
CAN64,MPTTTHTHPKSRLGIQQPSAKEVTGTIIMMDDPEDNDEDNESMKKSATGIILSPQPHDSPNDPLNWPVWKRDICLLIIGFQSFIGGGMSPLLAAGMNTLVTEFDRPLTTISYLVGGFMLSLGCGSVIASPTAVLFGKRLVYIGGIFIFMMGAIWGGAAKDFGNLMGARVITGFGASPTECLPSSTIAEIYFAHERAYRVGLYTMLMLGGKNIIPLLSGLVFQSLDRHWLFWILAMFLGFNLIATFLFVPDTFWDRNPTPSKRSLEETKMAQSVATYHPPSQRPNAFALHRPSQMNITDVHSLSSSINESAEKQQEVGQTPVGITEPNDISQQQQQQATPQTKNSYLKEIRLYQGRFTKDSWWMVALRPFVLYCYPSVLFGSLTYALAVVWLIVISETIGEIFRHPPYGYNQQTVGLFYISPFIGGILGSLTCGLLSDRIVRYLVSKNKGVYEPEFRLVMIIPSTFFIAIGLMGYGWSLQVHNPWVAPVIFFGAMSFGSSMASTTAITFAVDSYKVFAAESLVSFNFLKNLLGFCFSLFNNKYADREGYRAAYVTYGGIQIFVSLFAIPLYIYGKKLRRWTDEKEFMRSLYHEDNVPPSVAPSKTRLSEEFLHSDTTTNENTITK
CAN63,MTYHRHIARVMFMLIVTHAVCFTIRLKATYAQDMKETYLIWGVIATVCGGIILFQALLYFRRNWYETFLLIHIVMAALFVAGTWIHVVDFGYVWFVYPTVAVWCFDRLVRIIRLIYFGFPVAEVKLLTDDYSEEVVLRVTIPKPKYWKSIAGGHVFIHFLKPAYFWQSHPFTFVDSTVSDGHIVWYCKIKAGITRALYQMLMNTPDRCMPIRVGVEGPYGESTPARYADTCGLIAGGNGIPGIYSEIVDIANKQQLSKEEGCKRRLKLIWVIRKCNMLLWFHNELANLKNTNIEVTIYVTQATQKDLGDHDNDKFTKSSESLSKSANDTDSSLSTISHAKFIHGRPCLEDIIKQEISESNGSVAFVSCGHPAMVDEIRYQILQNINNDERKRVDFYEQLQIWA
CAN62,MRTFLSSFIILTTFLASLIAAETHTWYFKTGWVDANPDGVYPRKMIGFNDSWPLPTLRVKKGDRVQLYLINGFDNLNTTLHFHGLFVRGANQMDGPEMVTQCPIPPGETYLYNFTVTDQVGTYWYHSHTGGQYGDGMRGVFIIEDDDFPYDYDEEVVLTLSDHYHKYSGDIRPAFLTRFNPTGAEPIPQNFLFNETRNATWKVEPGKTYFVRILNVGGFVSQYLWMEDHEFTIVEIDGVYVEKNTTDLIYITVAQRYGVLITTKNSTDKNYVFMNGVDTTMLDSVPADLQVNGTNYIVYNESSALPDAYDIDSYDDALDDFYLKPLSKQKLMDDADYTITVDVQMNVLNDGINYAFFNNISYKAPKVPTLLTVLSAGEAATNELIYGTNTNSFVLQGGDIVDIVLNNFDTGKHPFHLHGHVFQLIERHEAIGSKESAVTFNVSDHAEWPEYPMIRDTVYVKPHSYMVLRFKADNPGVWFFHCHVDWHLEQGLAIVLIEDPQAIQKNEKITENHKRICEKVGVPWEGNAAANSNDYLDLKGENVQVKRLPTGFTTKGIVALVFSCVAAFLGLFTISFYGMNDIAHVEDKVARDLDIDLEAENEDEEEAVVLNQNSSSSDSNSKPH
CAN61,MKQNYILLIILCYLLANVHSAPAIITVWQTVTDAQVAAGPTAAAPAANANANVQQAAAASAPAPAPVASPAAPAPASSAPQSSTPSSSGWLSNLFNSFFGGSDSDSSSGSDTASAAPASTSPQSSSSSSSSSGNSFLSFLSGLFGSGSSSSTPSSISQQQQQQQGSPASGSNSPNSAQPDAAAASNPVPQSNNNQGSGLGSGFGSGFGSGSGSDSDSGSGLPSASSSTIIQQQPSSSNIGSSSTSSSSSSSSSSSSSSSSSGDIYAAISQCDGIDASFASEILDAHNKYRAQHKVGDLSWDVDTYNYAKNNADNYDCSGVLTHTHGKFGENLAAGFKDGASTVAAWVDEPILYSDASFVYNHFTQVIWKGSTKVGCAYKDCRKSNWGLYVVCEYDPYGNVIGQGSKNVFP
CAN60,MSDSIEKKDSNSSKRASVGKGEIHNILSNRVTNHVTTNLDALAVADDKKAERLLKEAQANLELVAETGYSPELRRNFSIVSLLGIGFGITNSWFGILGSLVAGISSGGPMMIIYGIIIVAVFSVFIGVTLSELSSAYPNAAAQIYWAQKLAPPKYARACAYFTGILLAAGSTFTTASVNMTSATAIVGMYMLHHPEKTIERWQVFIVYEAITVLLVFFNIYEKPLPMISSTTLYTSLFSFVVITIVVLSMHDGDFQSPHFVFVEFNNGTGWSSSAIAFIVGLINPNWSFSCLDAATHIAEESLSPATDIPKAILGTVAIGFITSFTYSIAMFFSIKNLDEILSSNTGVPILDIYYQATNSKAAAVGLEFLILLTSLGCSIGCSTWASRIIYSFARDNGLPLSKVWAKVDSRTGNVVNAHLLSNFWVMVIGCIYLGSSTAYNSILISCVTFLLLSYLIPTVFLVFKRNKIRHGPFWLNGFGLVCNIGLIVWAIFAFVFYNFPNVMPVTGSNMNYSSGVFGVCLIFSVADWTLRGRHQYTSLEEREKVKDELALQVSNQITNIQSIVSNRH
CAN59,MTTKEKDEFNIGLLQNSPESSTNMSPDVITTPISKWQAFKDSFKPPEQKPLASSSSSTSSLSASSPHHNDVANDYDIEKLLRPDQQGELKRELKNRHVQMIALGGSVGTGLLIGSGGALHQGGPAALLIAWGITGTMVFCIIHSLGELCVAFPVNGAFSTYANMFVDSSWAFAVGWNYAIMWLIVLPLELVAAAMCITYWNDEINPASWVAIFYVLIVVINIFGVKYYGDAEMYLTIFKIIAIVGFIILGVVLVCGGGPTHEFIGNKYWKQDGAFANGFKGVATTFVTASYSMAGSEMVGLASAEVANPQKSLPKAIRQVFWRIFLFYFLSLTFIGLLVPSNSPQLLGASGTSASPFVIAIKNGGIYALPSIFNACILLSVLSVGNLAVYGCSRTIQSLGAQGLGPKIFAYVDRKGRPLGGLVMSAIFGLLCFLSAYHDEATIFNWLLSVAGLATIFSWFNIGLCHVRFRLALRKQGRSLQELTFTALTGVWGSVYSMIFLCVVLVIQFWTALFPLGSKGKANAENFFQNYLGAVVILIFYVGHKLYTRNWKLCVKLEDIDLDSGRRSFDLDLIRAEIEEEKAANKAKPLYKRLWNYWC
CAN58,MKLSILSLLGFLTTAAVGVVGSEINPLEPQIIADQVTNGEHKRQSDDESNSQLKSQSKMDVPPTLSMKEFDKLTREKLVLVEFFSPYCHHCKEFAPTWKETYIKFVTEYPDLNIEMKQVNCIESGDLCEREHIDFYPNILLYAPAVDKDGKKTGKLKNIDSFPRNLDRNVENIIKYLREATAEFDSGAINLPSSSQLLDVDTMSKIIDGNISTPMFVSFFPATKRQWKSVEHRGRLGFSNCEDCLPAKQIWDRLSNKILSISDTGHFMCRDHREVCDKLKITSNNEPQFIMFLPESIGAVRFDYNDYVDVNRMKWWVQKLFQNSQFEVVSARGITEVMEYTKVLSHEPIAQFYPLKSKITVVFYYDIDKVTEEDEKILPHLLKTIQESPFNIQLHKGKHKKIEENVLTMGQNLIEYINYDENDKYEFDKSIQVLTTLTTKPTILVFKDNSLIADVYQSLSPEDMKTYDKVESFINSIQYPLYGQLTPQLAPYYFKNNEKYQDHKVVVLFTDLLDLKGTDNQLYKLSLAAHEYHHLKQKYYFDRFKQSNQVSAATVEKLQEQNQETIDALKELQHVIPELWENDQVLFTFIDLPNAYKQFRGVKGWRLNPNNYQVGDVVVLSKDNRYYWNKDTQGNKLTNEPKELKKVLMSLLAKDDKLKAAIVGSPYGGVLGFMDYVHDYGVWGYIGFFLSIYTTGFLVLRLGRRSSRRWLFKRPSSSTPSSGGGGIIGNNFTPKKD
CAN100,MSEPTKNLELIRSQELDSDHSISYDSTTGLKHGLKDRHLSLIALAGIIGPGIMIGASLALASGPAALLLGFGIIGIVAFCMMQSLGEIATMYPTGATFSTLGAKFVDYSWGGAVGWNYVIIWIAVLANEYNTTASVLQFWGPQVPLYGYVLILWAVFTAFQFLGVSVWGEFEFWLALTKIVGLVAFYIFSIIYCAGGVKGTKAFGFHYWNDPGPFANGFKSFVSTLTFASTFYSGCEVTAIAASEAKNPSRALPKAIKQTFWRILIVYLGIAISYGLTVPYDDPRLSKGSKTLKSPMTIAIQRAGWDGGAHLINAFIIVVCILAISSSIYTGSRSMVNLANEGCAPSILKRVNGQGVPYAAVILMSTLGLISLMNQSTGAANAYQYIVNLSGVAVFIVWGNVCFYHIRFRQAMKLQGRSLDEIPFKGMLYPYLPILGLALNVILALIQGWSYFKPFDAGNWVDAYILLPFFFVLYFGFKLWHKSKWVNLEEVDLDEGRREDDEKGVDNNKWMI
CAN57,MEKSNNQIVTSEKAQDNISCSAVTTNSKQHLGFVDSFIDSFRRAPESNTSAENKRQTISKNELRLMAISTGLGTGLLVATGGRLRAAGPAGMVIAYAITGLVMLAPTVNSVAELAIAYPGLPGGFQSYYGKFIDESLGFALGWNYGFQWMCILALEFVTVSMTFKFWTTSVHADVFVAIFFIIVTLVNLGGAKVYAVTEAALNSIKIVFLVGFIIFGIIIDVGGGPNGFIGGKYYHSPGAFTSFKGLASVFVSGAFSLGGSEFISLSASETKHPKTAIRAASKLVYFRVIVLFLGSLTLVGLLVPRDSDNLMHGSGSSVSPYVLAAKLNGVKVIPHIINTVILLSVTSVACAAMYSSPRLIQSLAEQGLGPKWLDYIDKKGRPTRAWFITILAGAFGFIAAFKDHETVFMWLLSISGISFVMCWLFICVCHLRFRSALKLNGIDVKTLEYVSPTGIWGSYISIIINSLILVAQFWISLWPLGGDGKPNALSFFENFLGGPVFLICYIGHKLWTKNWKLYKKVEDIDVNKDRVVKDTEILHLENLEDKERYEKAPLWKKILIICFD
CAN56,MNKALQPLRTLRRIVWGQPPDNPVARSYLFKLDAFVLSYVCLLYWANYLDRANLANAYVSGMQEDLQMKGNELNIINTCFYVGYIVAMVPHNLILLKVRPRYWISICGFCWAVLTLSMYKVHSFKQLCVIRFFEAMFKAVTFAGTHLILGTYYDEELLPMRTAVFTSSGLLGSLFSGVLQAAIYKSMEDYNGIRGWRWLFIIDFLITIPIVIFGFFCFPDEPQISKPFYMTNEEHQLALEKKLSSKDKANSDWNWVSICNRVFRNWHWYLFSFLWVLGGENESFVTNSLMPLWLKYYNYGVEQRNHYPMGQYAVGVVATIILALYIHAFGKGRHHWHMGIIIGIFTTIAAAVFAAKPNNTVAVFVSQYLSAVSFAGQTVFFSWANIVCINDLQERAIVLASMNMFSNAVNAWWSILFYGADTAPEFKKGCWALLATAIANIGVVVVIQVLQAKDKHQSHNDDGGVVAVVMDGESDEVELGGPIKV
CAN55,MNSDSISQVFEYLNKRDECPTDNDYNGNIGTRISSIFVIMVTSAIGTLLPLLSSKYSFIRLPPMVYFICKYFGSGVIVATAFIHLLEPAADSLGNECLTGPITEYPWAFGICLMTLFFLFFFELLAYQGIDRKIAKESQLDNQGPHTHSHFGDASMYVKKDDEEEDLENQNEKQADANPYPSHFAHAQEHQDPDVMGTTVNDQSKEQYYGQLLGVFVLEFGVMFHSVFIGLALAVSGDEFKSLYIVLVFHQMFEGLGLGTRIATTNWARHRYTPWILAICYTLCTPIAIAVGLGVRKSYPPGSRRALITNGVFDSISAGILLYTGIVELMAHEFLYSGEFKGPGGFKNMLLAYFVMCWGAGLMALLGKWA
CAN54,MNLLISLLLLSISLVLGSSPSGGYAPGIVQCPINSNSNSSSSSSRNTTFSFIREADSISDLEKQWIKQRQLKVNKSLIEFLKSANLSNFNPQNFIDAKDYQGINLGLAFSGGSYRAMLNGAGQLMALDSRSSSSPSESGSGSGSLGGILQSANYIGGLSGSSWLLGSLAMQGWPTVEEVVFENPHDVWNLTSSRQLVNQTGLWTIVFPVMFDNMNKALSHMNFWDNNADGIKFDLEAKEKAGFETSLTDAWARGLAHQLFPKGKDNYGSSETWSDIRNIDAFANHDMPFPFVTGLGRKPGTTVYNLNSTVIEMNPFEFGSFDPSLNTFTDIKYLGTNVSNGVPVDSCVNGFDNSGFIVGSSSSLFNLCLNTLVCDNCNSLNSVIKWILKKFLTYLSKAHEDVALYKPNPFFNSQYAKSDNITTSDTLYVIDGGIGGEVIPLSTLMVKERALDIVFAFDSDTNTKTNWPDGSALISSYERQFSQQGSSSICPYVPDTKTFLEKGLTAKPTFFGCDAKNLTALEKDGVIPPLVVYFANRPYEYYSNVSTFDLTFTDEQKKGLIKNGFDVATRLNGTIDPEFKSCIACAVIRREEERRGIEQLDQCKKCFKNYCWDGTYASGPAENYVNFTDSSLTNGSTVFYGKADAKVSSSKGGLFGFLKRDTQNNDEKEEFIGVVRESNSDSLKLSKYLTIASLFALYLVIM
CAN9,MTPPPNSDALENQELLQRQKRLLSFMLSKKVPPVPTQDERKPYPASSANIFSRMFFWWLSPVMKSGYKRTLQPDDLFYLTDDIKVQHMADAFYGYMSNDIAKARQQHILEKCKERGETLENSSVDPETDLQDFKLSKFLTVWALAKTFKWQYTWACICLTLSNVGQTTLPLLSKKLIEYVELKALGHETGIGKGLGYSFGTAIIVFVIGVFINHFFYRSMITGAQAKAVLTKALLDKSFKLNAEARHKYPLGKITSMLGTDLSRIDFALGFQPFLIVFPVPIGIAIAILIINIGPASLVGVGILFVFMIAIAFSTGKLFAYRKKANFYTDSRVNYIKEALTNLKVIKFYSWEPPYHENISNVRKKEMKIIYRMQVLRNVVTSFAMSLTLFASMTAFLVLYAIRTHNRDPASIFSSLSLYNTLTQQVFLLPMALASGADAFMGISRVGEFMSQGEIREGENSIEATPEMKQLMEQDDLAIEVDHADFEWETFADEEDPDKKKDVDGDGDGDDEDKNTADVITSTHEVTSEKSYAKENGSSTIASNSEEKEKEKAQSKDLEEEVTFKGLKDINIKVKKGEFIVITGLIGSGKSSFLNALSGFMKRTNGTVSVNGSLLLCGYPWVQNNTVKENIVFGSEWNEEKYNKVIYACSLEADLEILPAGDRTEIGERGITLSGDQKARINLARAVYADKEIILLDDVLSAVDARGGKHIMNNCILDLLKDKTRILATHQLSLIGSADRVIFLNPNGTIDVGKFEELQATNESFSKLMAYNSESKKENDEDEDKDNDEPQDGIEQEEDPMEDELEEERKMIQRQITQRTQPEDKEVEDEEGRHREFNVDNTADGTLIEAEDRAVNAISLSVYKEYIVLGSGRFSPWIVVPVLLTFIILATFCQIFTNTWLSFWTGHKFDQPDKVYIGVYIMFAFLSFIILTLEFIVLVYITNTAAVMLNVMAVKKVLHAPMSFMDTTPMGRILNRFTKDTDVLDNEIGDQLRFFLFVLANIIGVLILCIIYLPWFAIAIPFLGFLFVSIANYYQASAREIKRLEAIQRSLVYNNFDETLSGMITIKAYHATERFALKNNYLIDRMNEAYYITIANQRWLAIHMDFVAALFALLIALLCVNRVFNISASSVGLIVSYVFQIAGQLSMLIRTFTQVENEMNSAERLHTYAQNLPKEAPYVITENTPPPNWPHRGAIEFDNASLAYRPGLPLVLKNLNFKINPMEKIGICGRTGAGKSSIMTALYRLSELELGKIIIDDIDISTLGLKDLRSKLSIIPQDPVLFRGSIRKNLDPFNEHSDDKLWDALRRTGLIEESRLDIVKKQIKPTIEHKNQDTKKKNKKDNKKDNGNGDSGNGDVSSTLHKFHLDQTVEEEGSNFSLGERQLIAFARALVRDSRILILDEATSSVDYETDSKIQHTIIKEFKDCTILCIAHRLKTIINYDRILVLDKGEIKEFDTPWNLFNTENSIFQQMCHRSNITEQDFQEATGF
CAN53,MCGIFAAYRQPEVEDFKSKALQYSKLIRHRGPDWSGNVVQNSTILCHERLAIVGLDSGAQPIVSPDGNFTLAVNGEIYNHIQLREQFPDYKFKSLSDCEPIIPLFTKYDIDAPKHLDGMFAWVLYDKKNDRIVAARDPIGITTLYMGKSSKSPKTRYFASELKCLIEECDEIFAFPPGHVYDSNTDEITRYFQPSWWDASKVPEQHVDFKKVRETLELAVRKRLMAEVPYGVLLSGGLDSSLIASIASRETKKAAQASFNPEGIDANKELSGVDDKGSLHSTGVFNQLHSFAIGLPGAPDLLAAEKVAHFIGTIHHSHTFTLEEGLDALDDVIYHLETYDVTTIRASTPMYLLSRKIKAQGVKMVLSGEGSDEIFGGYLYFANAPSAKEFHEECVKRVKNLHYADCLRANKSTMAWGLEARVPFLDKQFLEVCMNINPEDKLIQPGKIEKYILRKAFDTSDEPDVKPYLPEEILWRQKEQFSDGVGYSWIDGLKDTAEKMVSDEEFAHPKPEWGDDIPTTKEAYWYRCKFDKMFNGSKAAASTVMRWIPKAEWGCHADPSGRYAATHDHKVAQ
CAN8,MKIQSLFYLLTILSTTLAIKVTHKKEVAYAACKSLLTQFAGSTSLGSPDPFCDVTNQPAMGSMAICLVENFKESSKDYYRPYLKTCSISEHKFFASYKNATNHILEISLSQDSNTTHPTRLSYDNVQLLFNQLYRQALNDNYSIWFGTVLLAYWGLVMLVASLNYWSHFLFPRFVKSLHGSISNFVRVHFILSPTVGNTHASSVKYLKVVQAYVPLRFESIIVLAWTVLCFVFCGINHYPTRPNLTSLVGNRAALLAGFCVPLLILFAGRNNFLQWLTGWSHARFLLFHRWQARVVFIMILIHVSAKTSVLIKFDSYPSIFLQSYVAWAMVAAISLGLLIGHSWQYFRNSSYEIFLIVHHILAALFIAGAWIHTRGADTPYAYYAATTIWLFDKLARLIRVSLFGVKKAKVELISDEVLKVIVPRPRWWKPFPGSYAYIYFLKPATFWQSHPFTIIDSVDDANTLTFCIKIKGGITHGICQQLVRKTNQMDYFHVLIEGPYSRPHSGRHFENLVMLSTGTGIPGPYYTALDLIRKNDNSTKRIKFYWIIRDVKSINWFLEELCKLEGTIVETVIYICNTNTNFPFLKSQEMSKQFDSDAEKVSYSSDYLKHRLQFVDFRYGRPSIREIVHQEVKEARNSIGFITCGAPQMVDHARMTIVDSLKHDTSKRVELFEDFQEW
CAN52,MKLDQLINQAAPQPVPTVTRLLSIGLSSSSSTGVTNSGNAPLLPHNHNQFNYYPKTATTSSVHNQRVNLPPISDILQQAQHYLPPPPQQQQQPQQPSQSVSSYRQAQAQLPPLPLAATANSNSNYKYYDYYQSPNSDHQQRSYTSSSSTVPSPRIPHSDNTVPSYQQPMMVRNNSYPPIQQQQMQTQYHQQPQYLGVGGDSYFRNRTPQPPVINHNHNNGSNSTLSSSSMSSPLSSPYDSQNHTSDFSATGTPTDNFMKHASGASATNGGVNNNRKTRNNLPKEITFILLQWLNDHLNHPYPSSFEKNQLMISTGLNQQQLSNWFINARRRKIKLLKQQQRLNF
CAN7,MVNIQPQNATESAVNQSCEPITTPASSEYEGFDHNEVRQLAKILTNDNDDSAKSSLVRQLSNMSNVPGVNPCDANNLPPQLNPNCDQFDSKLWIKNLKKLYESDPEYWQHSKLGVAYTNLRVYGIANDVDYQPTVTNLLWKLGGEAFRKYFRKNDKTQYFDILKPMDAIMRPGEPTVVLGRPGAGCSTLLKTIAVNTYGFHVGKESKICYDGLTAHDIEKHFRGEVIYSAETEVHIPHMTVGDTLEFAARLRTPQNRGDNIDRETYAKRMADAYMATYGISHTRNTKVGNDIVRGVSGGERKRVSIAEVSLSGAKIQCWDNSTRGLDSATALEFIRALRTSAKILDCTPVVAIYQCSQDAYDLFDNVSVLYEGYQIFFGKASKAKEYFEKMGWKCQPRQTTADFLTSLTNPAERQTLPGFEDRVPRTPQEFESYWKRSPEYSELMGQIDGYFVDCETLNTKEVFHQAHVAKQSNHIRPSSPYRVSFFMQIKYLVGRNFKRLKGDPSLAIFRVCGQIIMGLILSSVFYNLQSTTESFYYRGAALFYAVLFNAFSSLLEVMTMYEARPVVEKHRKFALYCPSADALASIISELPVKLASSISFNLVFYFMVNLRRDPGRFFFYWLMNIWATLVMSHFFRTIGAVTTSLAGAMTPSTILLLAMVIYTGFVIPKPSMLGWAKWITYINPVSYIFESIMVNEFYDRQFECSQYIPSGPGYENVDSKNKVCTAVGSVPGEPFVNGTNYLKYAYEYYNSHKWRNLGIAIAFAVVFLGVYIWLTEYNKGAMQKGEIVLFLKSGLKKHKRKNQKATGTALEDIETGKFSNDKLIYPSDIEEEEGGATDKRLNLSGTDNRPEIFFWKDLTYQIRIKKEDRIILDHVDGWVVPGQITALMGATGAGKTTLLNCLSGRLTVGVVTEGARLVNGHSLDSSFPRSIGYVQQQDLHLPTSTVREAFRFSAYLRQPNYVSKQEKDEYVEYIIDLLDMKTYADAIVGVAGEGLNVEQRKRLTIGVELVAKPKLLLFLDEPTSGLDSQTAWSICKLMRKLANHGQAILCTIHQPSALIMAEFDRLLFLQKGGQTVYFGELGQNCQTMINYFERNGADPCPKEANPAEWMLEVVGAAPGSHAKQDYFDVWRNSNEYQVVKDEISRMEIELSKLSPLPLSSNGRDEKESRLTYACPLWKQYLLVTWRTIVEDWRTPGYIYSKLFLVVSSSLFNGFSFFKADKTIQGLQNQMFAIFMSFIPFNTLLQQMLPFYVKQRDLFEVRESPARTFSWFAFIAAQITSEIPFQIVLGTIAYFCWYYPVGLYVNAEPTNQVVSRGVLTWLLQVSFYVYVSTMGHLCNSFLELPDAAANLANLLFSLCLMFCGVLAGPSQLPRFWIFMYRCNPFTYLIQAILSTGLANTRVVCSEHEYVVIEPPAGQTCQEYMLVFITMHGGYLLQSNNGAAESGTCSYCTMDETNTFLKSVNALFSQRWRNYGIFNAFIVINVALAIFFYWLARVPKGNRESRIKHRKEE
CAN51,MWNKEKSKEAEKGEIREDELFNTKVDRQTSASSESSLVHDNSSVDTDHTQRKLYNRHLQLIAIGGSIGTGLFVTIGTTGLTVGGPLGLLLSYCLSTLLTLLLTSAVGEMVSYMPVDSPFLNMAGRVIDPAFEAAASVNFWVMQSLYIPFEITAVNGMIHFWRDDYSPAITFCIQIAIYAAINLYAVRVFGECEFWFSLAKLILCIGLLFFTLVTMCGGNPKHDAFGFRNWHAAGGPIATLYTTGSLGRFQGFLGSFRWSSSFTCVGSEYLGMTAGECINPRHNLPIAFRTVLYRLVLFYIGGALSVSILVAYNDPKYLELTSDTSNAASSPYVVAMQNLGINVLPHIVNAVILTSAFSAGCLYTYTSSRCLYNLAKKGFVPKFFKKCTSHGVPVFCVGLSICFSLLSLMQLGSSGSKVLNYMVNLCTGAQILNYAFMSITYIGFYHACKAQNIDRHQFTYRSWFQPYSIYFVCFMYWCLVGILGYNVFMPGKWSVDTFLYNYIMVFVSLAVFIAWKLFRRTKFIKPIDADLRTGLEEIERHEYEYYEQLEQSSNKPDNKFKSILHWIF
CAN6,MSLRSKLSSLREYLTPINHNSNFVTTGEISPEEFVKAGDYLVYKFPTWQWGNDCPKNLQKSFLPPDKQYLVTRHVPSYQRASNYLTGEDKKGANPEEDDEEEEEEDEEGWVKSKKIHKVIDDTHDSQINKGEEINDIDDFIDENAEEQEHDQIGDHELDDDEFDDLDIINDSKNNKLRRFDLYITYSTSYRVPKLYLVGFDSNGIPLLPQQMFEDINSDYKDKTATIENLPVAHNTTSVSIHPCKHSSVMKVLMKHSKLNKKNLQQKDESLSDDLSKLSVNEKKTQDEHSQINNDDKEEEEEGIRVDHYLIIFLKFIASVTPGIEYDYTMDAL
CAN50,MYNPYQQQQQGMGYNPQQQTGYGYNNYQMPQQPQFNQQPMYPQATGFVPQQPNLYGSNFQTSGGSGMAPQQTGFSQQQTMQPQQTGYIQTQPTGFGGTAPIVTENSELKIPSIRLSFISAEDQKKFEHLFRTAVPKGEQSISGDSASGILLRSGLSAVTLAEIWNLSDIDKTGSLLFPEFALSLHLCSMAKRGEPLPGILPEKWLNEVRSFVDQINFTVPDDPSKILANTPFANFAPKKESDWLAPQSTGYLQNQLAPPMTSFQPQVTGFGGQGLVSQATGGVPMPSTTFGNAAGLTAQRTGGGTLIPLQPQQTAGLIPAQKTGPLNPQTTGFNQQSLQQQRTGGLPQQLTGYQGPPQGQGQQLQQQRTGGFPQVQSQPTGGFVPQTSFQQPQLVSQRTGPMQAQPTGSLQAQPTGRPGEWGFVSMPTGGIPGLNAMQQHFLPNNQLPTSNLHSAMDNKLKENVTWAITKQEKQIYDGLFQAWDNQKKGYVDSNVALNVFTKSGLSRSDLESIWTLVDTDDTGKLNKNQFAVAMHLIYRRLNGYDIPLRLPPELIPPADRTLKDTMDSLKNSLKGGVNNKPTKPPKPQSKPDGTRFKNDDNNFGYVSNVRHRRKSTSDESHKSSVKSSSDYDLSIEDMKKLIHEKRILLDALDTEDQANNYSRSSSSMHEKQIIENLKKEIMAVQTKLDERGNDGPSSDERNKLLATLDHLTRDVVPRLISDIHKVNQEISRKKAEVFKLELLKKNPSWNPEDDELQIQGTGPNGEVTDYDRIKYQSRQKLKQRMAALTGKSTGGNSDLDLELKQATEKAQDEASRQSEMIQDIAAGIKTMEDECAAKLSSSVTEDVGHEKWEQGKGISSEVAKFVKELEAFSKEQRRNIAKSQKQEQTREPLAKQQTNASLVSDSGAAKSAYATPEERAAYIKQQAEKRMNERLAKLGITRKSKSTEQKPPVESKSVSNHSPVPDSEVKLVTRNANEVEVQKPKPDSQPVSKNREPAEQPNSKADTNSVGSQNVVSNTNDDTSGDDDDEEEYKAILKQKQEMEARERERKLRKQKAKEERLAKIKKEMEEMKKREMEESQDEEEEEAKQVTSVHVLRAQSSNANSNVIPQQETATENVNTVSQPTSTDTAKQSYHPHESNPFSKMNNNTSQNLTVTNTGTNPFFKSTSQETKIDPHKAEAQRASQRGVASSGGWSDSEEEESEEESPNRAGAAKLASLLFGGMPQPPTTSSSSLNNDAEKVSEQEHENAKQVASTPLSNDDNGKTDSGPSGFAGENELSFSQAPPIPVDAPPAPNSIPPPPPPPPQFSNEAPPVPDSIPPPPPPPSVPSTVPALPDSMPPPPPPPPPPAAPNNTSSSQQAPGAPNIGALLGQITGGASLRKVETKVSSGATVGRVL
CAN5,MAKKGKKAAQAGGDFWDDEDMAQDQPQAEEFGTPAEPESQEASAEDVSGDLLSSIRKNKQKKAEKQENEKANVNNGDAPKLLSKKEKEKLKKEAEKQKKKELAQKKKAQQATKKEQIKEANKQNAGSAVTASSASATPEPEENESLAASEQNEAPKAKPAKKGKKAPAGLAALKKQLELKKQLEEEQRRLEEEEEQRRLEEERLAAEEEAKKEAARAAKKERERLKKEQLKAEGKLLTKKQKEEKKLQERRRQQLLQAGNVSVAGLSKTEEGDAPKPKKVVYTKKKSTKPKTFIQKPVPSKAPVKKDDGEDEALVDDWEKMALDDDAPVADDWEAALADEGDEEVGEAEEEDEEVGEDEDTIVEDEQEKKAKEEAARKAKEESARKAKEEAARKAQEEEKSKQLAAQKKAASPSEKDLRSPICCILGHVDTGKTKLLDKIRQTNVQGGEAGGITQQIGATYFPVDAIKQKTAVMAKYEKQTFDVPGLLIIDTPGHESFTNLRSRGSSLCNIAILVIDIMHGLEQQTLESIRLLRDRKAPFVVALNKIDRLYDWKEIPNNSFRDSFAKQTKSVQAEFENRYEQIKLALAEQGLNSELYFQNKNMSKYVSIVPTSAVTGEGVPDLLWLLLELTQKRMSKQLMYLSKVAATILEVKVVEGFGYTIDVVLSNGILREGDRVVLCGLNGPIATNIRALLTPPPSRELRIKSEYVHHKEVKAALGVKIAANDLEKAVAGSRLLVVGEDDDEDELMDEVMDDLTGLLDSVDTSGKGVVVQASTLGSLEALLDFLKDMKIPVMSIGLGPVYKRDVMKASTMLERAPELAVMLCFDVKVDKEAEQYADEQNIKIFNADIIYHLFDSFTAYQAKLLEARRKEFMEYAVFPCVLKTIQIINKRNPMIIGVDVVEGAVRVGTPICAVRTDPTTKQPNIMVLGKVVSLEVNHKPLESVKKGQTAAGVAMRLDNPSSAQPTWGRHVDETDNLYSLISRKSIDTLKDPAFRDSVSRDDWLLIKKLKPVFDIK
CAN4,MDRNRQLLLVIGVLFHFFYLWSIFDIYFVSPLVHGMDHHKSTWTPPAKRLFLIVGDGLRADKTFQKLTHPRTGEEKYLAPYLRSLALNNGTWGISNTRMPTESRPGHVAMIAGFYEDVSAVTKGWKENPVDFDSFFNQSKHTYSFGLPDILPMFAFGDGVVPGRIDVCMYGHEFEDFTASSIELDAYVFHHLDELMHNLTTNATLNEELRQDGNVFFLHLLGPDTAGHAYRPYSAEYYENIEYIDRKLEEVIPQINKFFGDDQTAFVFTADHGMSDFGSHGDGHPDNTRTPLIAWGAGVKKPIHLQDVSNLEEQLLKQSPENSGFESTYFDTWELDHLVRNDVNQADIASLMAYLIGANYPANSVGELPLGYIDADPVTKARALYANSLAIVEQYFVKEQEVYNHQFKFKPYSPFEEKSIQKYQQEIESLIDQLEKSGSGSKDEIEKKVIAKIEELMKTTLDGLTYLQTYNWLLLRSIVTLGFFGWIVYSFNIFLKLFVLNEDELKIPPEFSVTLVGIFGALAISINYLLFYQNSPFNYYMYAAFPLYFWYTILNEKKYLITGIESFLHGISNTTKFLIVVSFIGMYEGIAYGFFERVMFSIILIIIGLYPLLVHGAHKVSGLMKTIWFITCLLMCTFTNLDPVKIESLFQINVGTILALIVSIMGTKQVFKRTQVGPIQKQLIIAQIAIIPIILFATNISVLSLQARTGLPLYSQILGWITFIVSLIVLPILHFLNPSSDYQLRLLIIFLTFVPTFIILTISFELLFYVGFSLILLQWLSIEELLKFSHKDLVETFEKTGKLPKGYWLQVIRITIIGFFFLQLAFFGTGNIASISSFSLDSVYRLIPIFDPFSMGALLMIKLIIPYVLLSTCLGIMNHQLEIKKFTISTLIISTSDFLSLNFFFLVRTEGSWLDIGVSISNYCLAILSSLFMLILELISSVVLSGVEYNSDGTKLDFEPISYRVRKRKVT
CAN3,MSESKDQSTDSTGSPGLQSRGEPQPPSFKEKIHRFFFLKGLADRPPYLQEIYDNTPRTVFYNYDLPDYMIDSQGRPITQYPRNKIRTTKYTPITFLPKNLLLQFTNVANSYFLLIVILGAFQIFGVPSPGLAAVPLIVIVCITAIKDAVEDYSRAASDAELNNSPIHLLTGVHNPNVLVDQVGPWRRFKKACSRGTARVFKFIKKCCIFICGSKRVKQEYAREQVQEDNLALHRVSTVVSDYTYRSQEPRYSVSSPRRSMNTNRRSIQSSHHRPTVALPNSLLNPILKKENAQNPSSIRANFKNRCWKDVNIGDIIRIRANEEVPADVIIISTSDLEGNCYIETKNLDGESNLKTRTALKCGGNNNLKHSDDLSDTKFWVECDAPNANLYSFKGTIHYENFDSKGNLVNEDEKEAITPENVLLRGCTLRNTKWVIGFCIYTGPETKIMLNSGITPTKTSRISRELNLSVIINFILLFVLCFVSGLINGLFYRNENNSRVFFDFHPYGKTPAINGVIAFWVALIIYQSLVPISLYISIEIIKTIQAYFIYADVKMYYDRLDFPCIAKAWNISDDLGQIEYVFSDKTGTLTQNVMEFRKCTINGKSYGLAYTEAQQGLDKRAGIDVIENANKWKNKIAADKEVMMDDLTKYSNNDQLREENITFVSSQYVRDTFLGDSGDDQKQANERFMFALALCHTVMTEENESDSTLRDFKAESPDEAALVSVARDMGIVFKKRLRSSLLLEIYGEEQEFHLLDIIPFTSARKRMSCVIKTPDNKIILYTKGADSVIFQRLNPRENPNELVSKTALYLEDYANEGLRTLCIASKVLDPQVYDNWNKRYREASSSISDDREVLMGQLEEEIEQDLVLLGGTAIEDRLQHGVPQSISILSEAGIKLWVLTGDRVETAINIGFSCNLLENDMKLLVVRPESNDTQDCEQIDDLITKYLQEEFHIDASSPSLVADAIKQARKDHSIPQAKVALVIDGAALSLIFQDLKDCPNDTIRVLQDKFLLLGKQCRSVLCCRVSPSQKAQVVKLVRTGLQVMTLAIGDGANDVAMIQAANVGVGIAGEEGRQAVMSSDYAIGQFRFLTRLLLVHGRCSYKRLAEMIPCFFYKNVVFTLTCFWYGIYNNFDGSYLYEYTYLMFYNLAFTSLPVIVLAVFDQDVSDTISLLVPQLYTSGILGKDWSQYKFVWYMFDGLYQSVISFFFPYLLFYLAFQNPQGMTIDHRFYMGVVAACIAVTACDIYVLMQQYRWDWLSVLIDCISILLVYFWTGVWSVNATYSGEFYRAGAQTLGTLGVWCCIFIGVIGCLLPRFTFDFFTLNFKPADVDIIRERVRQGAYDDYPLGYDPTDAEDVERHRLLTEIINKDPQLFEKMENEYKEEEHDKETPLERTFKSIKRRTTILRSKKGTAQRLRRDTINDQFQKHIPLDELRQQMIKEGEYTSARYSLDRINTTHEIPGVTQADTLLKYHTRNSVALNP
CAN2,MDSSAASSQEKRVGTSTPEAELNPHRAKALLAKFKEEMALAKAATDPQEREKHSELVEKIKRILIRYQEQQKQAKNNSPATKSNLTNQDSTTNTPSPLATNNNSATNVIEPKTETPDSTPMEQKPIQAPTPQHPNNASTSSATMLTTQFQPQPQPQQQTVTVEKYNHVKNTLKDMWKQVKTLEASSINETQTKKEEIDRKITELRNQMQKYHTAALRMKSKLIEQGTIPANSTPIGSPTPVSNTDPTPIANTTNTSNVTPPTEKAEENSKPNVKPPSTTTTTTSKSKPKPLSTTATNSTTKTSTPSKGSGSSKSNNRSSSQNTPGTSTSASATKTASVSTEKDAPLTATTSTSAVAPAAATVAATTAPTAAAAATSLSTASAITTKSTADPKVTPSNIPDNDGRVLTKRKLVEMINNISIDQGDAKIPIDNDVEDIFLDLADEFVRNVVQFSGRLAKHRKLDRIDVRDVQLNLERNWGLRIPGYSTDEIRAARKWQPEGEYAENVKKISKLNKDQ
CAN1,MKLLPLSFSFLLFTCTFAKQLPVFDGKTYQSYSHSRNVYACRMHIHKTIKECSTTDIEDYGCMCTNKDAISTFIQCYAYFQKNSTQAIDFFVKYCDNYGNITTNIDQITDAYEDFLNNGSDTTTITNINNNNNTTNNTTSNHLDFDYSKYAYGLEASIDQFLTNWQRSFFYGMAMSSYWGFVLLFGTISNWTQYLFPGLMTDLTGPFSNWWRKNLSLPATFGTKKTQEYTFWFKYLQGYIPSRLESIINSGFCLVVIIVLSINTYYSVGNEIIFTNYVAQLRYLANRTGINSTILMPFLVLFAGRNNILQWITRWNYGVFMMFHRFIGRMIFLFVVLHAVTFSIALGVDYYPLMSFPFMIWGTISTVAGGIIMVQASLYVRRRWYEVFLGLHILLALFFMIGGWVHISYLGYEWWVFVAIGLWGIDRIVRVLRMISFGFPEADITLMSDETLKIKIPRPDYWEPIPGGHIFITFLRKDCFWQSHPFTFAPSVENSNTIVLYTKVKQGVTRKLYNYLVTCPGRRAKITVGVEGPYGECCAAGKSQTAVFIAGGNGVPGMFSEIYDLAKRSTPDSQKRLKLYWTIREYRSIHWLYEELNELKKFHNVEVTVFVTKPDSNTYINELSSRVISGKCNSTENFDGATTATTSLYEKASFDDKATIVVTNRDITSKYDPNSVKDAIIAQLSHVHFREGRPKINTIIKEEIEDAQGSICFVTCGHPAMVDDIRAEVVGTIGKYKEKRIDYYEQLIGWA
CAN49,MSTTKPTTSHVESDTKPDADHLEIRKSNLSESDLGVEEISDLKYINLPPLLQHMTQEELRTLDKKTTRKIDLRLMPMLIFIYILNYLDRNNLASARLGGLEKDIGLVGNQYQICISILFVGYILFQVPSNMLLNKMGRPSIYLSVVMTIWGAISTATGAVQSFGGLVAVRVLLGVVESAFFPGALMILSSWYDKKTLASRNSILYAGLLISSAFSGLIAAGILKMDGLGGVQGWRYLFIIEGGITVLTVPFAYFILPDNPSNTKFLSQEEKDIIMWKMKRDLGNVNDSDKEAQESEIQGFMHACKDIKVWLLCAIHLFLVAACGVTNFFPSVVQTLNFDRTTTLCLTAPPYVIAVVATYLWAKHADHSGERFYHVTIPLVLSLVAFIISAASLNTGARYFSMCLMIPSLYCAFVVILTWISNCCPRPPAKRAAAIAIVNCLSNSTSIWNAYLYPSSDAPRYLVAFCCNSAFIVLSILFAVGLRIRLTVLNKRIERGTMDWQKELGKGNDGSKISPDFRFLY
CAN48,MSSSSTASEVHKAPVVKNIEKQDMDMYSASSSSAPKTTWNNFIDSFHRADGKTSAESKDQRISKTELRIMSLSTGLGTGLLVASGSKLRAAGPAGVLVAYFITGICMLAPTINSVSELAIAYPGLPGGFQSYYAKFIDESLGFALGWNYAFQWMCVLALELVTSSMIIKFWTTTVNPDVFVAIFFVFVTLINMGGAKVYAVFEASFNCCKILLLVGFVIFGLIIDVGGGPQGFIGGRYYHDPGAFTSFKGLASVFVTGAFSLGGSEFISLSASETRHPRASIRAASKLVYFKVIVLFLGSLTFVGLLVAYNNDRLMGSGDAASHASPYVLAAEMNGIRVLPHIINAVILISVVSVATAAMYSSPRLVQSLAEQGLGPKWLDYIDKKGRPTRAWFITVLAGLFGFIAAYEKQETVFVWLLSISGISFIMCWLFICVSHIRFRAALKYRGITLDQLAYVSPTGVWGSYLSVLINSLILIAQFWISLWPLGGDGKPNANSFFENYLGAPVFLVCYIGHKLWTRNWKLFKKVEDIDIDTHRMICDPELLALEDLEDKERYQKAPIWKKILIKCFD
CAN47,MPLNLLLHEDNHQKRPTIVLDSAYDELRFSIIGNKDLKYKLVGNVQFIKQLTTDFEHLINQLTEATNVSLEDTSYLLENLEKLAVITNILCLFSIEVDNKKDENIAECLSTMKLVLNPIIRLLNYFIQSFVPALYRHKENPSYLDIQSKFESVIGYALEILMGLANIKDHGLDTKMLWRFIISLLIVTDDNHEQLCFISSSILIKLLKLVPLLLGSTCRVTNDSLETLLTALLNRLSKKCDTIINTHITVLFPSSSDQILHQMAFEDSCLPNIDLNKSILEKTVDSQLLLEFITCTAQILSFMKSNDYDILTAFQSNYVKSPNEDKASKKKRKTSFSNKTREFAFNVVASPTPVIVLSVNVYLALLLLVKYDNWALNLASLNLIAFYLKNLKPSQDGDKALIFRSYKKLFPRIISMLELKNDYTGCMNKKTKNPTSSASGLNSMASFANKIKSLNQTEFRLHDYQIPMFLLSPTRILSDLCLQYPRLNDDIHDTNIDYKLVEKLQICYQSSKLLKILKSLKSSSNHGKMLVDFTTMLTIDKDETEVSDLLLLLSVYTANREEYRTRVVNVPQEYNINVAEIIFEIVDDYYFLLNQLHLAYRLLSPKKRRNLNGTTRTTKEVPDSDLPWFGRNLGIISTLHDASIFTNCFYFIRSVSRSVATLRTFFVECNSFKSFSTTDDATDNEQQPSGQASLRSGNVGENLANNADSLTIRTTASAPRVTSGANTNSNSNAAVTSSSAGSTSVTNGPPGGFIFDILQIIHKYEILMQIFEFFYGVNNTSDNYDHTEMDIAKCKKIVMTNKSICIGSLANFILDFSSFRYKIIGHESFLSSLLTIYQNSSTDNEIEESIPITSSKGQSTLEEIYQNNDIQLKILQVIKNFMYNEATENKKEVLDCFSLNFILQKASYGLGDNNESISHHKSRLVDNTHITQIKLQQKITAFEILRNFISGSPHFNALLIDAYENDFVQFEYANGNTGIPNTWFQFLIQNVSNVNIFLPDLNYKHNASGRIRNPEAQLKLFYENDEVLSKLIQDEKYVRLIRAINHTEDHKYSVIDKSKRNWFPNDGLLKIWLRLLSFKIPESILDELQNDNDKVNLFNNLYSIQSSIIWIIVNLTWKYSRFGYNVHDYSKYDVYQNVDGSRFPTSSNHRIYIDEDDDQGEDVIMDDPSDMPEPQQRQQQDTTSSSARISSSRGNEKRKLEGQTNTHESSVYERAKHLDEMGFTQVIKQLIKYYTDQANDNLFNKSSPDESRMENVSVLSTVLFGKGHDILEKLDTALRQITALLNTKTNNNNKRGRDIGVSGVDGHPNNNNDNNNDNSGYMNRELRLQIDGDNVSIIKKYSDEDIERRANQRHQERERRDNDRYQISQRREAIDSEDNDDDDDDDDEEMEVDQDQQQAGGGAGGDDDDGDFDYAVEANYEDRDDSESEASDEIPDEYWIM
CAN46,MTAADTHSITSADVQEHNRHIIRPPKFTWPAIRKYAITRVTSLWVGWDELKQYSWHEVLNPFEPLVEMNLHQWNFFFLGFWAWTWDALDFFVTSLNVSNIAEDLDSTVKDVSWGITLVLMLRTVGALIFGAIGDTYGRKWPYIINLSCLMVIQIGTGFVTTFQQFLGLRALFGVAMGGLFGICAAEALGDAPKKARGVLSGIFQEGYAFGYLLAVVFQRAIADTTEKTWRSVFWFSAGPPIILIIWRFINPETDSYQRQKERFDQGAVQKNSKAAEFKSQAKKALNQYWLIIVYLIFLMAGFNFSSHGSQDLYPTMLTKQYHYGKDKSTVVNVCANLGALAGGIVIAHLSTFIGRRTAILIGNVIAGIMIYFWAFHPMWITAFFMQFGIQGSWSVVPIHLSELSPPHFRSFVSGVLYQLGNLVSSASSTIEATIEEQIHDYGKTMAIFIGAVLAYLMFVVFIGPENRGAELGVERDDEYSAYDSDREDRGDSDLEEGNITQKTLEKPEVEHKE
CAN45,MNFGTSHSSSSKNSHNNNVVGLHYKIGKKIGEGSFGVIFEGVNILNNAQVAIKFEPRKCEAPQLRDEYRAYKQLQGSKGIPNAYYFGQEGVHNILVIDLLGPSLEDLFDWCGRRFSIKTVIQVAIQMIRLVEQVHQQNLIYRDIKPDNFLIGKPDTPEANQIFFVDFGMAKQYRDPRTKQHIPYREKKALSGTARYMSINTHLGREQSRRDDLESLGHVFMYFLRGALPWQGLKAPTNKQKYEKIGMKKQTTSINELCYGFPIQFAQYLTYVRNLKFDETPDYQYLVGLMEKALISAGIELDGHFDWMDLNGGKGWDAALNKKANLHGYGNPYPHPSQGQRRAAATTAGTISTTTIITKISTIQFTPSTITWEFSFKR
CAN44,MTKNKHNFTLNNSSDGVNNNDDPSDHHDYSDDSMPPTPTISTFNKFPRQSSLRFKTPLPNDTPRSSSLGSTSNNNNHNHNQKSPFLDENEASFDRKFGYNYDKDKVVEEEDENEDEATYVVGEDNEDNEDENDNINEMDPSNLKTKRHRWGTTRHKHGRPKNENINRSKTLKKILAPHKSKGKSHSKNSHSLNKRLLSIRKPNTHRVNFPHDNQPPPQDLDFEEQNDPKNRKSEKRTVTFNRPLPPHLVDPETNKPLTNYPRNKIRTTKYTPLSFFPKNIWNQFMHNVANIYFLVLIILGAFEIFGVPSPVLAAVPLIVIVIITAIKDAIEDSRRTVTDLEVNNQITHILTQVNEDAANGYHYENVNVDDEQVSYWRQFKKWNTRLLIRFWGALKRNLTKEGRANKIRERYNRENNIDGDGDQQQGRKSFDSDIVSNRTSFEQTENPFNDTLRQSFQQQRQQQQRQSSSYRHKTMKFAKKYWKDVKVGDVLRIYNNDEVPADLVILATSDEDNCCYVETKNLDGETNLKVKQALKYSSINEKIHKADDLINHDFEIDSEGPHANLYSYQGNLKYTNRMNNSQSYDNHEDSQEAITINNLLLRGCTLRNTKWAIGIVVFTGDDTKIMLNAGVTPTKQSRMSRELNYYVLLNFILLFVICFISGLVNGIYYRETNTSRDYFEFGTIASTPALNGLVGFFVSLILYQSLVPISLYITIEIIKTAQAFFIYSDVGMYYSKLDFPCTPKSWSISDDLGQIEYIFSDKTGTLTQNLMEFKKCTINGVSYGKAYTEALAGLRKRMGIDVEIEAAQERELISRDKEVMIEKLHTINKNKTYDDEITFVSLEFIDDLTDSSINNQLQRESNHHFMLALALCHSVMTEPDPKQPNKLMLKAQSPDEAALVGTARSLGFNFKGTTKTGVIVDVHGETKEYQVLNTLEFNSTRKRMSSIIKIPGEGPNDEPRALLICKGADSIIYERLSATENDPSMLEKTSKHLEEYATEGLRTLCIAERELSWKQYVEWNKRHQAAASSLDDREAKMEAVADSIERELTLLGGTAIEDRLQDGVPDAISILADAGIKLWVLTGDKVETAINIGFSCNLLGNDMQLLVIKTAYNDDENGSNDDNSSEDKNSLQGLKFGHNASEPEIVDTVISYYLRKHFDMTGSFEEKEAAVGDHSPPDERFGVVIDGDALKLVLLSPDVKRKFLLLCKKCRAVLCCRVSPAQKAAVVKLVKDTLNVMTLAIGDGSNDVAMIQAADVGVGIAGEEGRQAVMSSDYAIGQFRYLARLLLTHGRWSYKRFSEMIPSFFYKNIIFNIALFWYGIYCDFDGTYLFEFTYLMFYNLAFTSLPVIFLGIFDQDVEAKVSLLVPQIYRTGITRTEMSDLKFYLYCLDGIYQSAISYFFPYLLYMVAFPNMNGKPVDHRFWMGVLVTCIACISCNCYILFHQFRWDWLSSLIVAISILIIFIWTGLWTVNYQSSGEFYKAAPEIFGMTAFWACMFVGILCCLIPRFFYDFVMRIFWPKDIDIIRECVARGDFEAYPFDYDPTDPNRPKISTYSSDVVHRMSMNYPSPPQTQATSTDSNGKSPSSSSLDNGHQSRNSNNLNGNGYYDQDNSSGSNLTYDRSIIFERVNESPINAHHQQPPTPPPGIIASPIRKRKGFVPSVFRNSSDSHIHHSNGHTNGSSPGVATEEIPLEDFDDEQKRASRISYENQKRVSSMN
CAN43,MAQLSSQGNNAIIYLSYAFMLATGLFLAWKFSSNKDFLSSNGTQRGIPLALNFVASAMGVGIITTYAQIANIAGLHGLLVYTICGAIPIVGFAVVGPVIRRKCPDGFILTEWVRHRFGMVTALYLSAFTCLTMFLFMVGELSAIRSAIETLTGLNALGAVIVECVVTTIYTFFGGFRVSFITDNFQGVCVLLLLIICAAGMGSYIEIDTSKIGPSGLLKANKLGWQLVYILFVAIVTNDCFMSGFWLRTFASKTDKDLWIGTSIAAFVTFAICTLIGTTGFLAVWSGDLIVGDENGYDAFFILLSKMPRWLVAFVLIFCIVLSTCTFDSLQSAMVSTISNDVFRNKLHINYVRIMLILIMVPIVVLAVKVADNILQIYLIADLVSAAIIPSVFLGLADTWFWYLRGFDVMAGGLGALLGVFIFGTVYYHSAREGGKLLLIWNGLYDSSDWGPFGAFVIAPVGGVIITLASAALRIAVLYAYSKVTGKEFTALDKPVTVEVENQDHTYGSIDDDESDTKKVV
CAN42,MLSTTQSVTEPTEVTLKKVEDIEKENDEETPYSIFTSYDRLVLIVILSLIGFWSTISSPIYFPALPTLTSYFHTSSSIMNISVVAYLIFQGIAPTISSNLADTFGRRPVILASIIVFCASCVAISQTNVYWLLAVLRCIQAAGIAAVISISSGVAGDVCTRANRGSMVGAVAGLQLVGNGIGGLVGAALISSFNSWRSIFIFLTIGGGVTFILAIFILPETSRKLVGNGSVVPKNILNKSPYIYLPHFKKRMNNDITTIVPATRFDLLGPLKIFFQKNVFCTLLPVGIHFAAWTMVLTSLSTELESRYHYSVMHVGLIYLPQGIACIAGSLVVGKSLDWYYRYRKTIYDQEVECLPLDERPQFNIVATRLTLSVVPALLMIIGLVIFGWCIQYKRHIISIIISTILVSFSASVFIAICTTMLVDLYPNNGSGSTSCLNLMRCWLAALGAGVLDSMINAMNVGGTYTVVAGFCILFDLALIYVLHNAKKKFSNSGPTTTKSPPKQ
CAN41,MSKEKSKQIVIIGGSYAGILALKTLLKSSPIELNITLISPNDSGYFNAAAPRLLIEPESIDKTIFPIKPTIEKLTSGTIHTAKFLQGVVTKVDLTNQKVFVDNESEIDYDNLIIASGARAKSPAFKLTNNNDQNYTIKAILELGDEIKAANNIAVIGGGSTGVETSAEIAFKYSDKNVVLYTGASRPLPSFPKSTSSKATGKLNQLGIEIVNGERVNVKDKTIEFADGSTKSFDLIIETLGLLPNTDFLPKKVLNEYGYVDTDEYLRLKDHHNVICLGDVVALGANSIVDLVYTQKPVFEKTVEFEVVDNEATQLKAYQKASGITTFIPIGRNGGVGLLFGYCVPSFLIWFAKARDFMISKAGEHFT
CAN40,MTDLAKQPLKGYDNLSTPTLFNDRNLHPIARSFTTNILIVGGAYSGLSALRSLQLHLAEQIQRFKQEQPSTPIKKLSLTIVEPRNGLLNILGIPKSIVDSAFAKTQFIPFKDLNNCKFANIFSDTPDEYDISWFGDDNEWLDINYVHGRVTYLDQHKAQYTFGSPVSEKAIIEFDYVILATGRDRNWPTTPLATTYGQYMLEMDNARQEIANANTISVIGAGAVGIEFAGDIKTEFPHKTVNLIHPHECFPQEPLSNEFKRLTQDSLERAGVNVYLNTRIRAESIEKRHGDLTTTNNKTIHSNLNIWSCSKHNNIGFLSQHIYENYVTSNKNISINQYLQLYNAEANTTIENFFVLGDLVELPIIKSAGWAMYMGRQVANNLSNLIFNGIFVEPFPDLNAIPYGMVIVGGNNEIISELAGEVEVDNEHYKQEYEDYCIGKIRATIDM
