MAL399,MAL,MLDVFRELNNYTNFLPKNIKANVNKEKYEILSEIKRIVFLKKRNSYNVASVIKLFNTYEVINTKKYKSFHFYIFMIRYLWNSLQNKSISPNLKCYICQCISSIFKNIKKYILYDFFFEYDRKLILKEENGKNENVAKCVESHFDKGMKSDCTNNSYAYMSDNYYDEYQNLHEGSELDSSINDNKLNIFNDVYVTCNGIYEKNKKKEDETFLNEEVIINGKDESFRLYIQKCIFNIIDYKYLFNLLYEYLSNNNNNYINNNNNNNNNNKHDEYSHNAYKSYMGAILNLLNHIKYFCYYNIDVHNLLVEFALNNDYSYLYEEYVDSNDKEGLFSEEDYFDKNNVIFLINRKLNERKNIHNNNDDYNTNCDEEYIKADNIININKDGQNDSCDMLEKNTNVKNIDNITNEYDNTLMEKRHVQNNYLNIDKSVCDIKDLEVCTRYNTIFLNYVLLSQLSSHDLCYKLIKYKKVLYLYKKIRRFNWNCINYAFVNIIYKGLKYAYIYNLNIENEMQEILHVIYFLFLFYIKLPSNVQLNSSKYFIPEDYNLLVNDNESVVKVISKIFVFLLNKKYKKGNHNPSNKNENDPQELLYKFLSTMNEKNFTMTEMNTNNSNTNFMYNNTNGNNNNDNKNDNNNDNNNDNNNDNNNDNNNDNNNDNNNDNSCDNSLRENFFPIFTNIDTYEYLNIITSLFMPHIHPSNIGKHIGNINLFINSFLYCFIRKMKREEIYLKRKNKKTEFCKKMENNKINGTSHLDNTNTNNEYLEQKYMNDYVNNFFIMEDDKKFVIEKFMALAVQGMFPKSNKGISLFENILKHLCIIDINCLDIFVKKIMDCLMNVNISTQICNCLLSLCLLLPLLIKYKSKYLKDILYVMNMGIDICDVYKSFTIFSFLSILFSYI
MAL396,MAL,WQLTNVPPEKQKLMYKGLLKDDVDLSLLNIKENDKIMLVGSAESLVEKPKDIIFEEDLTNEEKQKIHTKENIIFEEQGIVNLGNTCYFNAVLQFLTSFDDLGNFLRSYKSKESKLIKTNKDILFDSFIEFAHSFEKSSEPYVPVTLLKSFRDVYPKFKSVNLRTKQYAQQDAEECMNAILTCLNEQTDNKIIDKLFSFQIISNMKFVETVEQHEQKEKKDEKKDEKKDEKKDEKKEEKKEEIKNINITSNNNNIDNNNDNNDNNNNNNNNSVQQNDHNNKDISHNNIFETTQEFNNKLICYMGTPNTPVNHLHEGIRLSLHEKIRKNRNEDNKECIYEKKSEINSLPPYLIVHFLRFESKKIVESNNSGVSVVTAKICRKVSFPDTFDMYDFCSEKIKEELKIARDIIMKRKDKETSLSPQKENIQNIEQNNINNQYNQNNSNDNPKHVQEHTNQINKEELIELPTGEYELISVITHKGRNEESGHYIAWKKMKKFFSSNSNIDQNESSNKKTKNANDSLWLKMDDDKVSTHKFSSIDFYGGCSDYNIAVLLLYKRKNISCTPDEMNMDIKE
MAL393,MAL,DSLQRVYGISFQKKSELVEYLKFLEEAKKRDHRNVGKILNLFFFEKETSPGSCFWLPHGSKIYNKLIEFIRKEYRIRKYEEVISPNVFSCDLWKTSGHYQNYKDCMFLFNVENKEWGMKPMNCPGHCLMFKQLNVSYRSLPVRLADFGVLHRNEISGSLSGLTRVRRFQQDDSHIFCSMEHIKQEVLNTLNFLFYVYNLFGFKYELFLSTRPKKFIGQISTWNLAEQHLKDALYAANVQWKINEGDGAFYGPKIDILVKDSLNRTHQCGTIQLDFQLPVRFNLQYKNKEYVTNNEKNEKNEKNHDNDDNVHNNNNYPINHDDLHNNEKKEFKDSQNHNEDKEHNNIHDNHSLKPNINEEGLLKKGFERPIIIHRAILGSVERFVAILIEHTAGKLPFWLSPRQAIVLPIGDKYNDYANYVYETLHNNMFDVDLDTSVNTLNKKIREAQLKQFNYILVVGEKELTTNTVTLRDRDDQNNQHVYTIQELINKFNKLLDVNSKKFNQIKEFNSNQTI
MAL391,MAL,VYSKNKPSITSHHTQTNRSLCECDTQSTNYNNDEEIKSVKENFDRQASQRFEEYEERMKEKRQKCKEQRDKSIQEIIEKDKREKSLAQKVEKGCLICGCGLGSVAGSVGIFGTVAVKELTKAAIAKAVVVAKEAGMAAAKAEGAAAGKEFVIAKLQEMGISTVGVQGLQSYFVTTDYTNALTIFRAINNQYSPSSCIFVSSGTRQAFCTWVTEQSKSVANIREMLQGNSVSYTKVTEKAVGTIVTDAKKAAGEATEKAIEEVIQRSTAAAESTYAGCQSAIIASVVAIIIIALVMIIIYLVLRYRRKKKMKKKAEYTKLLNQ
MAL388,MAL,LTQEGHDTDGITSFGVSPLMNNNNMYGNNYIHNNVYYPCNGINNYYNNNVVNSQNNYMMKMIMSNYYSESFLNLTSGKNYPDIIEKIRNKLLYKYNNNVEKSIFHNFYNNILNLIQPVNAIVPVYSNKYDEINNASICTNIINMFSNGKWIFTMPLFNPNKRKCEVSEYFNHKYELKKPKHLFLVKWMFLNTDNYKIKKNKQKEHVMDTNNALVNNNSLGKNVSKNDIHRDNINDYSLNDQEDQQYNKGYYYDDYDDYDDYDDDDNNDDNNDNNNNNNDDNNNNNDDDYLSNVKVESDNNNTHQNNPDGYEGNDSSSMCSDNNKKSKQKKMKCNLNFRSVLGFLSMCPFNFDTKRNIYDNQTADIYAVCSSIDYSYTNDTYTWVNYVTVLPNKYFLTFFLSSIPYHDNVIIQTRTNLYTSDILSIKIFDSKEIILKNMKKMKHKNKTNTTNYYDTNSTINNPNITKHDLLRVNYLRYVMSKLLLSLTLSFNRQEIEQNTQPLKLSEKSKRKSVIINKDGPNNDNRVDANDKNVNGNDKNVNDNDKNVNSQDNQGNQKDHFDDEDEEYFSDEDIMSDIEENNILKENLYLKQIVINMIEENNMDYINYNKYSMDNMDIDEHFNLQYLYEDEHFINLNEKWYNNKGEILMNTYDYLYNSLKNENDYNQYNNNNNNNNNNNNNSSYMVKNIKEKALNSLEAVKSSYLNNNFSVQVQNTMNAYERTNSEDFLFFQPINISPIKEANYKLRSMYYNEVAPTLDKFRRTNRQV
MAL385,MAL,NHFVDFKENNEQIETNSICSIKFQKTKTSVFSFTNENNNKDDKDMTQERRVNNGLSKKIKTTIQKFFTRKLSQTLLLSNKKKEKKKQKKDDHSLGSLNSIYFNHKKKKPFLKQHDKYKNNITHEKYLCLKNKEAYFNKTINFNMKINLLETWFIQDDLFMYNNQENINKNIKMSYFLKKSRKKKNNNEVMKKKYTNKDTYEGIKTISEEMDNSHRDERKKQASSIDTEVGEIMKVVKKLRIKSLSSSNSSNNLNILKLLCKSKIYNNTFMDKKIRKQIFYLAKRKRSMNDEVLDEECIKKMNLNKYSLKNTYKGKKRITLDMDKIEMESEDLNRSKMVSQIDSNNNFMSNEGNDPNNNYDNEHDLDDDDDDDDNDDDSLCYLLKDPNRDDNTYDNNYDNDLYIHRKNHVQKNFENELFDTIIDNEKSYRRRKKYFKLKQMEERKRKKEQERKRKKKENLKENKRNVCLSIIFSININHKEKKNEHLFYLESEVNNFNIMLGKCYSFNEIYDKLKLFKGKTNMKSSINDSIIFDLNYMNRNIDYIKSRSSFYTIRNNNDNINNINNININSINNNNDKEQLKKELEYLFYDNSNFYDIYYNEMKQTERLKIMLCNKKLKKERKNEIKKDKKKMCINNKNDYNNKSYDNDNEKKRTRKKKYINIKNKKNKKDIVNKNMFYRNNLIYNTNEEFNESNRHSIYYSNGKNINSSNILFLLTYKTKVLYEDKYNIFLNENNNIFMPNIKEENEWFLNMNNIYFMIKSREVKKSYKIIFKELLINITIDNIKELYKLYNNFRYNIYFASFYKNYFSFFKNIYIHPFKNKNQSLLKKSSEKLEIQNIYLRNMHKFKMLKNHIIYNKLKQMSKNKIYRINKNKYIYQQEIEGNKKFSFQMNKNKYIHKNNNCDIYYSDNENDNLDIISSNQNDRHYKYVNRNK
MAL383,MAL,NGQEHILPNNHDIYGHNNKNDTYMNNASFCVNTLNEENIKIKKRYVKDISIYNFCCDDKYKGCNLYLHIAKTKKLKNCKMNYNIPYEHFLENYDIIKMYEIKKDKGNDDKRNDNVKNDDEMNNHVTNDDEMNNHVTNDDEMNNHVKNDDEMNNHVKNDDEMNNHVTNDDEMNNHVKNDDEMNNHVKNDDEMNNHVKNDDEMNNHVTNDDEMNNHAKNDDEQINCREKMNSDNQINKGEKKRNLIGKLFEIEKDWKINIDMHIDIEKLIKEYKKCNNRNEEIHISDNNLTDDKNEQKYKSNKLHYMIYNFYKNFDCLMNLINRLKNNSIKYEYYFPKMIGDVNEEIRKHYDKKKVILLKKSNIKYIRVFNNEVKRIMILFFVSYNSKILDLACGHGQDMLKYNSVQNKVYVGIDLSKKEIELAKERLNQNDMKGLCNNDNFIFLQGDILNNKFYRKWKSKNIMFDIISINLALHYVIYNEKSSKKFFKIIENFLENDGLLLATTISTVTLTDFLMKRSNIEMNGD
MAL382,MAL,VHIGTKNLENKMKRYVYTRAKDGVHIINLAKTYEKLQLAARIIVAISNPADVVVVSARPFGSRAVLKFAQYTGAQAIAGRWTPGMLTNQIIQKFTEPRLLIVTDPRTDAQSVKESAYANIPVIALCDSDSPLEHVDIAIPCNNKGKESIALMYWLLAQEVLYLKGVIPRSEPWNVMVDMFLWRDPEQFELKNLANEENTPTAPHLIENQYAAEAPYDEWTKKEEWNDNTNEDWKNPIAAEEW
MAL378,MAL,MSGREGLIDTAVKTAKSGYIQRCLIKCMESVILHYDGTVRNEDNSIIQFLYGEDGIDPSKTAYLDLSKDLLHNYHLSFSKYLNNNMHSKILNNQELFLKHEKDNDTKDNEEPLISKYNPYTYIGSVSDKFNNKLNNTLLWNDLNFPEYENVPMNFDTLSSSLLKSKYYNSLCNPGESIGILVAQSFGEPATQMTLNTFHLAGTENVTMGIPRLKEIFLTSKLTSKPMIYVPIKLQVDNLKNDANKMKNYITSIADKILSSYKSIFLTDVIYGIGVDRKIILKENQNEQKHTINLSDIINMNDEELSGDTQLAKINNVLKNCNINFDMKKEWNYEIIIQFENLYHFCNINKHLTISFILYKVVNALLNSVLNKVHETFVFHNLINMNSLNHEYYDELYDFISKKMSEEFNFNMDKYEYKDDEHQINAKLKFMEKENERYDSKRGTNNNISGEYQNASHTIASHMEDDSPMKSYNDISNKENMSPYDDGKGKDGDRDQDDMSDIELKDNSEKNSNSDQASKNADSDTDEEEEDDELKSEKEKEEDEKEYDEEGESDTNSKIDSDHKSDSDNKSDSDNKSDSDHKSDSDHKSDSDHKSDSDHKSDSDNKNDSDNKNDSDIDSDSESEMVSSNKKEIININNKDNYYTNRNSSNESKLSECSNTKGSTVNYFSSETSATHHILVDEEESGIFPNLKNKKLNNMNDNKNMSSTTVSSSLSSSSLSTPLNKKNIEDDEHINNIHFIEKNKYNEEMDNKEEFITKSFTRLSYDYKNNINLISSDDDQENIEENEEGQKMKKSEQRYVKNIIDKIKSSLLCFIKNIHFSPVTWILKLNIGWDINFFPYPIDFLNHIKSEINKEVLFKVKDLNNPKILKGKDITHSGAEYELQIEGKNIYKLYNIKDKYIDKTKLYCNDIYAIVKTYGIEAGRLCITKELKKVFDAYGIQIDFRHLSFISDFMTHTG
MAL368,MAL,KLDKEKKKNVIELKEYLEDLKKRMFDMQKRLNDIIITKSTFLKNESELNMKLFETSAIDYVNNNSNFEVFSTYIINDFMLNKKRINVLNYDSNLFFKNNFMYFNFLHNYLKEKKDEHVLNVYIYLKDPLIQEYELNYFNYYVVLDLYILDVIIKNVDLLIEKKGKKRKNVNHILVCIDNYVVKYNVLSSNIYLDIQQDIKSFFHESNRNVDGSKIQDMLFHFERKNNSIYQNNMFHDKYYKKKIKKDIKEEKKQNDSLQKYNKNIDPLLFIRKKNIFFDSQKEYYKKFLSSYTYEEIVNILCNKSSRCNNRIFQLINDVNKNTFILKSHLALKNELKKFFQINQNKLLKNKTGVGLINSTKDDINRITNMNLATNTNNAMGNITNDSNIINTNNNNNTSDINNNNTSDINNNNTNNINNNNTNNINNNNTNNINNNTNNTNNNSNNNNNNNIFNNEDSLNKCSAYTYPFSNDAEKNYQENRNQSFSNSDHCFKLLNSIQGANKSSDFINMQNIDDYLNTYYVAYHESFKVVKKEHYYSVISHIFESYLNIDESSNDDDHPIHKKYPHLKGRNVSINFLGQLPEIMKVYKTFRYCDSLNVLAKSYIPKSPASVQSLDKGEDNNDNDEKGESGEDTQVIEKDDSGEDRQMIEKDDSGEDRQMIEKDDSGEDRQMIEKDDSGEDRQMIEKDDSGEDRQMIEKDDSGEDRQMIEKDKSRDDNKAQNNNSTDNEEHDEITEQIGFLKNHNQKYMRLFQKHLLEEIKFINFFEFLVQKKLGVILEKNEFLKLYIFYGQKNLPSMPYTPLFFTCRTIIKIEVLRDVNTNQIIYSSRSFFLETLITLKEYKIKNESAYIVIETTDESSTIKKRLKMDMLHKISPMSHINAYVISNKGKEIVYHKGNIYQRSASDIKNVISDIRNDFLNIILPQYHLFDLFDNYVYIIICLKNENC
MAL360,MAL,EDKHYESDDKTYYEGIVDNSKNVFKKMKENYDMFKKNNMSPYILEDCEKYINYYYGIEKEERIKELRKYADMDFYEIMGNGNFGIEDYNMLIKSKILFNKEEEGFHYFNLLKKYDIRINIETYNSLMYTCIVQKNSKLSRLIYLQIIKDLFIPNKNTFCILIKAHILDKDIKSAFHLYRKMIKENIEVDIVIYSTLIDGLIKNKLYKRAEQFFNYIVNYKNVVPDEILYTIMIKNCAYNREAEKCLNYYETMLSQNLRITDITLIEIINCLSRREDYFYKVFYFYHIYLSNEMKINQRLMLYMIMACSNKGNIKRLKEILKTMNKNKIKISDEMYCYIVRTFANNCKDKRVSLSERHNNIKYAWRIIYDLLKGSSHMKKKEKEKEKDIYIDKYIDKEKEKYIDKYIDKEKDIYIDNYIDKQIDERHGEMISTKEHIKKNPTDDNKNIESYNKNDHISFDRVNHLYKGTELHSSTSHDCINTKILNSLILLYINCEYYEYAINMLKYFSYFECVPDYYTFNMLFNMLYYKMKDYGKVLCLYDYMINNTQNKPNEKILNLILNSAIQTKSSKNTLFILRQMFTYKIYPSPKMVKKLYHVGRYITEIQLLINSMIRQQTKDIYEVNLKENQLIRLNIDEYELNLFKEGKTFKSKTPLDEAREQFFKRKQRMEKEKRMSKNKKSSDWLPYGQYLQSKKKGGEIYAKRVDRPRPLAFDD
MAL359,MAL,ITENRTLFAEKLKEINERIAPYGSAKNVNQAIDIANKIGYPILVRTTFSLGGLNSSFINNEEELIEKCNKIFLQTDNEIFIDKSLQGWKEIEYELLRDNKNNCIAICNMENIDPLGIHTGDSIVVAPSQTLSNYEYYKFREIALKVITHLNIIGECNIQFGINPQTGEYCIIEVNARLSRSSALASKATGYPLAYISAKIALGYDLISLKNSITKKTTACFEPSLDYITTKIPRWDLNKFEFASNTMNSSMKSVGEVMSIGRTFEESIQKSLRCIDDNYLGFSNTYCIDWDEKKIIEELKNPSPKRIDAIHQAFHLNMPMDKIHELTHIDYWFLHKFYNIYNLQNKLKTLKLEQLSFNDLKYFKKHGFSDKQIAHYLSFNTSDNNNNNNNISSCRVTENDVMKYREKLGLFPHIKVIDTLSAEFPALTNYLYLTYQGQEHDVLPLNMKRKKICTLNNKRNANKKKVHVKNHLYNELVDDKDTQLHKENNNNNNMNSGNVENKCKLNKESYGYNNSSNCINTNNINIENNICHDISINKNIKVTINNSNNSISNNENVETNLNCVSERAGSHHIYGKEEKSIGSDDTNILSAQNSNNNFSCNNENMNKANVDVNVLENDTKKREDINTTTVFMEGQNSVINNKNKENSSLLKGDEEDIVMVNLKKENNYNSVINNVDCRKKDMDGKNINDECKTYKKNKYKDMGLNNNIVDELSNGTSHSTNDHLYLDNFNTSDEEIGNNKNMDMYLSKQKSISNKNPGNSYYVVDSVYNNEYKINKMKELIDNENLNDEYNNNVNMNCSNYN
MAL347,MAL,MNMINIGYLLLVLSFLLLEKTFYGSDTFRVFEDFDVRRKNKIWCCNLNHEKSYFHNKTINTSYKNRVLKESILLNLDLDMKKYKDNIITRKKTPENIYKEIYENNYEMKYDEDIPNNMSEEKRDEKEVIEHLEIDEKNGKQYKSDINKPVSLSHLKQYKNIYVNNNNKINKKKSIDKHLPSYNLERKNNKYLNFLLVDNRNESYTFMVPMKFYINHEMYNISDEEYNKLMEDNSVDVYLNNILVEYKYENFEIKEGEVDGEVEGEGEVEGEVEGEVKGKVVEGIENNMNEEEKYNKDNKDKENQINSNGQDENTEFQENDNNDSVIMKYTIIISGLVLLFCISFIIYYFDIIQKVKMKLNKKRKSNATMAINRDKIQEEFM
MAL343,MAL,MVNYKNDMDNYNHHMVNYNNEKNESNHHVVNYKNDMDNYNHHMVNYNNEKNESNHHVVNYKNDNKEYNHDMINYNNDMNNYQHDMNNYNNDNNDYNHYMNNYQHDVNNYQHGVYNYQHDVNNYQHGVYNYQHDVNNYQHDVNNYQQDVNNYQHDVNNYQHDVNNYNHCVNNYNHCVNNYNHEGSNDSTDNKYNGNNNYNGHNNHHGDSDHNADNNYNDNNYLNPSGRNNNSSNNDGGNDDESTDDNDENDKEEDEEKDEENEEKDEENEEENDEENDEENYKKDNEEDYNQHKNCNDQFMKIEGDNIFDNSTSNSLHNICYSYKNRYNDSHAYLMSGENEIMAHNKIYRPQEKDIPITQDNSFVFQNKNNGNQYDAQMSDFYNFHLNSMNSINDTNSINNMNDINNMNGINNMNGINNMNNINNLNNINNMNNMNNLNNINNLNNMNSINNIHNMNNMNSINYTNNINNTNSVNNMNNINNMNNMVTINNMNSINNMNNIQNVNNLYNFYNENQNNISVPNIHGEFMSEKTNEEKISTNDLDTYENLNKDMINDLSINMSLNNYNNEMMNNEICSSYFDMCNNMDESYNIMNNNNSTNSSNNNNNNKKNENENENNENNNNINNNNNDNNNNNNDNNNNNNDNNNNNNDNNNNNNNNNNLFECDKCNVDYDIMNFTNNTYMDIQKILQNDDILKQEFANIEECFKIHTSSINYMKVKGKGECCHKNQQIMYEHYDAGKHSNNNFIRNNDDMYKNLSMDEFFLNPNNIEANIINNDIINENINSDIEKIMDIMTSNNNNEREDNKNHSRQEDDKGRQQTKGKEKCKEKD
MAL341,MAL,NMDMNNVNMNNVNMNNVDMNNVDMNNVDMNNIDMNNIDMNNIDMNNIDMNNIDMNNIDMNNIDMNNIDMNNIDMNKVDINNVDINNVDINNVDINHINRNINDTNVENISNNNMDIQISVNNVDNKNADMNLNHMEKKIIENDINNNIIINDNIINNNNNISSSEHMNTNYEMLEKMSAVENNSSLNKTLRDNNFMNSNILNFNIKNNTNNSNPFNISKDINILEKHNLERNNNILEETSSIKNMTNNVILNCNKNIIDKNIISNTFDNVTSENISTLQKNYYENEKNNLINNTINNVNNNINDDNKNKNMQNYVPEIDNGSSLINSPYFSNQYENVMTHMYVDKSVMQNENFNNMGNNKFSIINKMNNVIHDKQVYNNKSNDNNNNSNNINNNNNNINNNINNNSNNNNNNNNTNNNINNNINNNINNINSNNNTVVGEYNEKNYKDLSFVTNNNEHHHDGSVIPNNFCNNFSMYANMMNIQNVNGGTIKGHISTTFKTNLDHIDPNKNEMSVYNQVNEYDVINEYDEMNEYNEMNDYNELNELHEIFVRYNFNSDSEEKPCLHERTCKINEFITVCTICHDYINENMECKLVSCNNIESEENLGHKLNEEDEELLVHNNNINNYEQILVEKEKIENIHFDENIYEAIPMENLKNNLDDSIPKNNNIVNTNNSNNVALNYSNNENIVNSSSINNNNNDNNNNNNNGDHDCLITNNISILEGNEGDMNYIYNSYEEFYINNNTMDDMKNNNNYMNNLFYQEHNNYSTTADNFASNQTPLIKHQKFYYAENSNNNYLSDSANYVNGQSFSNNDELFKNDSLYSDNNSPLISNNNNNNNSNNNNNNNNNNSSDNSNNNSNSSNNSISSNANPTNNDCNDNYQENYDNFIKSECNNNSCYNIVQI
MAL337,MAL,GLDLFFTKLNNITSNHEKLNYINFLQQIVEDKAYEHLLFSNNYMRIIIYILNEKCLVIKKNEEKYDDLDYEIIYRILLIFKNLTRYKSFYHVILNDYTHKNKKISLLYTLMNILNEKNDFNNYSNNNFDKYKEYNSIFNYFTSFFKNAEDTKNYMTQDSSTELDSKMKNEEQEENEKINEINKMKNKIYDIGRNILLKLKDEKLKVENKINSQYVRGSNHFTNETSTDLKSTKDQEDILLEEKKKSDDEYVDKDNYNTTENNFKQEHMNITHKNQNNQDHLYDDTPQNDNISNVDDNKNINGIGKISNVIDPYNKENEITKNDTKELFLKKQSDILFVPFYFNKNTKDNILTSIIINFLNKENIIVSKKKIKNVKGKGNIIDHIGPDYNCNNYFDIYENFVEDDKDILKYEKNNNINTLNNNNSVQNVNKEYKSYEDDQFEYEIEDEEEYSNDDDFNEKKEEDKKIYERKLDENDINIIFNEYKYESSKLKIYNENKTNSINMGLMILIRKNNVHTNTFVNMHHHNNNDIEKSINNKNQDSTNSMKNIEISSDKEYNKINDTNQIYEDIYVKSHDQIDRKETDNYVLNGFIKSNLDLLKPFNINDEDDTTTTTTTNNNNNNNNYSNNNNYSNNNNMITSECLDISNNTCIDIKSPYLNFVLLKNYIESLFTHINLNDYFTNKLLKLLYEILIENKNSIIYNLYYYTILKDENIKKVTHILSKNVKNNLNKANTTLLLRIFYIMCFQKSFYINTAMHYKTNEKYAYLYKNIAKYIQDIKEGQFIKQLQKQEDIIECLKNLSHFFENKYKNQNSFYISDVNKDQYLYEKKIFKKKLNNIYNRHFICEYKDLIIIRKTNIILKSLGVNMYDLYNDIIFLDREKKTHEYLMKENYIKKNIINYINDVFFNIFNKFKNLFTYQYKEEPPLSVTPNKTTNSNNLFNENRNQTNKLKTNDNVSKDDNQIKPMGNKNNISSLDTKSDQN
MAL333,MAL,NFNKKKNQDHKAHGSNVFLDGGLSLSKNMSFSDINDLSESIQNYLYLEKFLADSNIPSIPYQGFSVRRVNDGMHVTYNNRSTTPPLYKDNVLDQFELVGKSLISEYFQKVKCSFIQYPFNLYYWLVLNPGKPNISLSSKTGLIKEDDLIPKTVEEKLKEEEEHDIKIVENILSEDIFDFKDKSDDDQSTTADVLSTDTDDSETDAEKTSNNSNTLHKKETPAMKYNMNIAQDEINRQNDVSKNTTYAENNEYTSENITKPSDQNTENYGTKMPSPSFIQIDKVNQQDQQNDAHIESSKNTQENLNYDDNTNMYEENKNDKKNKKLNNNTKEISFLERRETNPIPFSSNMINEKNKEAHKEHYGNFNRPYNIYVPKKDIFRNFHLVVKVVHALISLNKFSMVSPDTILKKGIESMKKKHSLKMIKNINPFIHKMILDMNETIQKLKSDSEKAYGGPKADIISLYKIVEFQLFNQYIIYPPLKRLTKKELKYILDVVNQGYYFYLKNVITKLKRENLQKSKVVKIFNNFQEFSNLLDDDGVDKLYNIFTETFKCKNIKCFDLLFQGFLTEQYNNIVYRYTHDHDAMNSYNDNIFNNKELLNKIFRRAYDNYFITPVKNNQPKKLISLEKPSLEQPVLTLEEFAYGFHEFGNKIEKWRSMLTLFNIRHIYINICHMLLSVKHSIQRSHRVFMHKFGFFGIFRRKREIYIP
MAL328,MAL,TFLKIKPFSNPIPLPIGSIFKAGQCKIEVCSHDSAQFIQYPERSISLHNTNNPPNTDNNNNNNNNADNRNNDNDNNNTNNNNNNNNNNNNNGGSNNSSGSTNNNGGNNSANNHTNNNNNNNNNNNNNSNNNSNNNNSNNNNNNNSNNNSNNNNHSSSSNNAPNSSHANNNHSNDNNINNNYRNNHVHTCISNNSYHRNSGNTNNFSNNMHSSYNNIINGIYNYQNNSRNLNNSSSFGRTNILQDNSHHENMSNMANQNNNFEAIVQNLFQRNVNTLGRENNPSLFSSRNEQLRLNNNHNIMNNNNTNNNNNNNNNNNNNNNNNNNNNNNGNNNNHCSHGDTYFYNYLRYSVNNNGRNHNNSGSIDYLNDNEESDNNNNNNNNNNSSTKERNNNRSSVNDSCIVENHQHYHQNNNNNNNDNNNDEHDHNNNNSSGHGNNNNNNSNSHSNSQNNNNNNNSNSNSNHNHGNGHNNYNKSHSNNHNYNHLNVNTPDYPFNVNTRFREHAYNSSLGSCFLKNKNSEMQIPQLNCTLNSNHNNMNNFVNCNDNNYNFIPYNLDQSNSKYENNISFINNNNNNNNNYNNNYNNNNNMINMINMNSLNNQHTAALDNTNSLFNIDKFTLERRNINICANINSIFNNINRDSPCLDNRVNLASNETIQNAPIRNMHSLNVNKKSEKPKTNDVYKNINKNNIERKNSKNGLKKFLINNNKLDILLKKKRNHSETFLYTNQMSTTQDEEETGPNTINTTNYAEAGGIYNEMNSLKLIYNYINNLNINNKKTNVSPTNNIIECNSDLKLENNANTKNLNSLICSGEFNHITENNHNNNNNNNMNSMINNINSHNHIYNNNQNNINHFNDLHHSYNNINDPIIIGDIKTKKLLFSDHNNVNQNSFFQSIKMNN
MAL326,MAL,LLNSIKENANSKLPALLWNKIIGKGNDNEVNFEDKKMIEGNKSGNGEEHNKHKRRQVDNQEDDYDVDEYGNPKSGAPYKSEEEHAEQQNYYGEHHGDYEDKNEYHGKSNIENNKDFPEQGQKDEEKEKEAKKKAEEFEKRKQLHEEEKRKARETQQALHKKLQEQLQRLKEQEKKKVEHQKLIHKIKTQGDVDPAVQKVLNKYNQKEKDEEQQILKIRDLQVQLRHIQQRIQSLKSTNNGQPKTKDEYLQLKDLQKEYYDKEQDEQNMIEHLEHLQGEMQYLYEELQIVYDENQAKTAQAKDEQHELKPQAEKDASKLTTTYDQTKEVKPQAEKDASKLTTTYDQTKEVKPQAEKDASKLTTTYDQTKEVKPQAEKDALAKTENQNGELLPQAEKDASKLTTTYDQTKEVKPQAEKDALAKTENQNGELLPQAEKDASKLTTTYDQTKEVKPQAEKDALAKTENQNGELLPQAEKDASKLTTTYDQTKEVKPQAEKDALAKTENQSGELLTQAEKDALAKKESEAPKGSSTSDKNTTENQLNAEAQSEVKPQWQKDYWKSKNESQTETNNTWKKDSWKKKTEEQQNAEAQQEVKSPYEKYSYNKETKPQNDKYTLNKEVKPQNEKYTYNQKVKAENTESEKSLLESSVFN
MAL324,MAL,NHVFQKKTEKCISSNDDKHSFSKQNESNVSKEEYDFINTTSMYDKYQEQFSKLVKTPHNKKKHTKVGMKNKNNIYNNNNKMYNHKNNIYNNNNKMYNNNNKMYNHNNNVNNHNNNVNNHNSYYYNYYNNVYGFGETLKFMKYRELLRKYMGTFYNYSSLKCASYIIIYSLIVKIITQISKNITTSNLANDTNDMNGINGNKLNTNLFLNIYDADGIIQSICYIVLLICIILLIKLGIPSTYLFAGRLTILFMLLFVIQIPIMIYANFLFSKQESTHINNNNDNNNDNNNDNNNDNNNNNNDNYYNYYNYYKMGVKYIYDRKKDYFNLQLQKLWSLFYIDTMNLLIYTILITIVSLYATYHKLIYPHLLKFYLDHFFLSSYSIVKKEIIHFRVPNNIDAYYLNKMNSYLFNTLYKKQQHGYKENVESTTRRAIGYNIVIKKEKCSFFLNLFTKHVSNKIFPMRNDKHLNFYIIFYIGELDKKGRPHGFGYWRGINLEGEVLIGYWYHGIPVGPFKCRDFKTGSGFMCIKIGYGKTNCELNDLEIG
MAL322,MAL,MNMFENKRSEDESVKLDDLKHIFENSFELHLLIDYKKKLEDLLESTEKVDSFLNDKNVLNTMKIRKRTLSFLMENKKYIDNFIQMNEEKDYAKINECEKKKEEDIIHNTTCRKVEKLEDRIIQNSHNNQLANPEYCSTLKGEEDKSVSLIDNKSMCERVDNHSICNEVNSSISSTYEKTLYNKSNNIIRNLKEMKKYERECQNNNSYSNMYCSYMMKLSKKILGFPLIKDFSKGLSTLEPSLPLNDHLKKLSVCSNCYSKHHDLAKAIICRVTKMHFEANYNDYLTDEDLFKTSSEFIQSVIRELANTVKEYRKKELNRVYLQHATENDSMILDRVNKDMSLELNYNNVTPTRTSIHNCSCTKTNKEYNESFYKIVSPSFNNDTVEKSNIIIQENNHIRNNEILQLGEEEVGNYECQNKEVIGSDTKEHTNERINDQTSEEKCHDDFYSKDMHILYKNTFLPREEIDNCSIEKINDVEEKKMTHQHEENDILKDVINDTLNDMSNDVPNDMSNDVPNGMSNDVPNGMSNDVPNDISNDVPNDISNDVSNDVPNDVSNDISNDVSNNVPNDVSNDVPNDVPNDVPNDVPNDVPNDTSITNLYEQKNDLNSYEKSCKLNNFIPLIGVELGKTKFQREFTNGTFVGRVTEQIKDENNNNFFVVTYEDGDVEWITPSFLFQEILKQSTNNTTYPLASTFKDIFYEDFKKDIKLNNHSYELKIEKKKRKSMFEYVPNNNVTKRQRHAFEENVLKKKNTHQEVNTSQRSLSKLKNVVFNDSLKKTRKRTMSTS
MAL309,MAL,ILNNLGLYTYNLKNNNNNNVYMKTIKLTLCCTHSNEHDTKAVMNIKLNTLNNKKYNNINCIFYHYYNSFLHSLFYSDEYIELIRKEERKEDIEKEKIKRGKYCHQEDRDDNMNNNDNNDNNNNNDNNNNNDNNNNNDNNNNDNNNNDNNNSGEDQLINEDNKKRKINNLSTHEHTHNMSDHNKEPKKKKNKSNETQINDDTNKKETHKNEIDHKEQKDTNCDNGIEEKKDQVSKSNNIISKVFHFFERKNNNIKKDEHKKEYNERNDKMSECDMLLQNKRDNDHNNNNNNNNDDDNNNNNNNDDDNNNNNNNNDDHNNNNNNNDDDNNNNNNNDDDNNKDPTLDGETRSYIDEINQKEINIFSKYIDKIIENVETKCIMKNNVCDGIYYLIRQENGLNICQKVNNNIIKNKMKQEKFYKKKKQNKNNHKNKNKNKYNYDINIFNNVPVDIQKRNYINTNIININNNNNNNSNSNHSNHNNNSNHINLSDLKKKININKYTYLFYRLPLFLFGDKYINDIDDVKSIYMIKNFFNQYNDVTNTSNNILYVIDLLKKYNTNHNILKKNNMIQSPKNYICEKEEQSNDPAKNTHVPFNHNALDTSHPPVDTTNTNLLSDVNIETNEIQEHINNNIRNDHNNVINNQQMEPKNNNTPNEEKIILESTTQRSEQRMEDRDEEDGKSGEDTRLVDVETKVVDVETKVVDVETKVVDVETKVVDVETKVVDVETKVTDVETKVTDVDHKMVDVETKVTDVDHKVVDVDHKVVDVDHKMVDVDHKMVDVDHKMVDVDHKMVDVDHKMVDVDHKMVDVDHKMVDVDHKVVDVDHNVVDVQTIDAPNRKPIIDDCMKIKKMKKKKKSETLVQENELSCYPNKNVNVIFSLFDNGNNCYLLIYESEKDNKKKSGKNKALKTKKDYNNIDYFFKDLYH
MAL306,MAL,AELLLADMEFKESDLPQQKELKLQVLEIYNSKLDERIYRKRTVIERGLLDSKAQMQKEKKRTKEEKELYAALKPLSRFHSPQHHEYFIQLLLEEQKLRQRLTKLQEWKALGLQNIEQVQEYEIEKNRRAKEMVKQESNSTTGIISMNNISSNNNTVTTEKLGKSLKTSKKDYKIKNKEEETDENKKLNIDTFVALDLLNEKEVEFCKNMKLPILFFLLIKRLLIMEVSNSNLNMLKDINELKLKGYKVGQLYDFFLSFDINQKDEFLNNGTVNTSYVKKNDGKRKKSKNNFDISNSKEIDGKEKLVVDDKDEKNDKNSSNNNNNNNNNNNNNNNNNNANVDNYNVYVDNNNSGNYSLMTLQGEVLNENEKKGKSKNEDKNKTSNLATKNSNKGCNKLKSPPKDDMNDINKDAKDIIIKNTNDMILTECVNDKNMQSIFVDNNLESENNDQLKENEVKGDELNLTEKELNEHILNTVVVDENDKKGKNEKGKNCETQKNMDSNLLQNEVDMKSNESLFNEKKKGSIKRKSSIINNLYDKVHENNENVDILENEVKDNVTVDDIKENKEIPNGITETFESIENIEEEKDMTMKDIKNDNKDDTKNDCDNEKDDDDYVAQEEILEDDKKRRKKKKEKKSEYADDKNDELNSIKINENECTSNDIEEDIKSIKSLRKKSYEKIKGFTAHLKTNSNNKKKTNDNFDEIEKETTVSVNINDSNNRKAKKKTPEKVETNNYQAHVEPLENNSKKKNTKMRKTSEYSVTRNESKINNNSDVYNDNSITKDDSNIDLDDKPSKSKKSISSTSTVILNKNEKGKRTKLTKEKATVDIPSNVDTKENDKKMKNFEANLKKKAKKRKGSVSLILNPKKSLKL
MAL301,MAL,MAKNKTIEERYQKKSQIEHILLRPDTYIGSVEMHTQLLWVWNKEKNRMVQKNITYVPGLYKIFDEIIVNAADVKAREKEKSENPMTCIKIEINKENKRISVYNDGEGIPVDIHKEMNIYVPHMIFGELLTSDNYDDAEDRITGGRNGFGAKLTNIFSKEFIVQCGDSSRKKEFKMTWSDNMSKFSEPHIKNYNGKDYVKVTFKPDLNKFGMTEMDDDIESLLFKRVYDLAGTCSVRVYLNGQRLAVKDFKSYVDLYLKDNSNDNKNNKGQNDNNNNNNNNNDENANQNNDNLDVSLSNEPADGTPTKNNNNNNNNNDEDEIVKIHEKQHRWEIVVSKSDGSQFQQVSFVNSICTTKGGSHVNYIVEQLLSSLSKKANAKNKGGMEIKSGHIRNHLWVFVNCLIVNPTFDSQTKETLTTKPVKFGSKCILSDKTINNVLKSPILSNILLWAQAKAQVELKKKMKAGSSKARERIIGIPKLEDANDAGSKYSQECTLILTEGDSAKTSCLAGLSIVGRDKYGVFPLKGKLLNVRDASFKQLMDNKEIQNIFRIMGLDITDKNKDDIKGLRYGSLMIMTDQDYDGSHIKGLLINMIHKFWPSLLKHKGFLSEFVTPIVKVQKGSQEYSFFTIAEYEQWKENTNLLGWKIKYYKGLGTSTDREFKQYFSDIKNHKIMFLWTGDRDGDSIDMAFSKKRIEDRKLWLQNFILGS
MAL99,MAL,YFSNVIENEISISYLIFKINNLHNYHCLYNIFKNIYMIRNKGCMHINNTDIINLYNSILRVLKVFNGQKLLLFDSTYMFDDMNRNERLMNRDEHVQTNNSIYYKNGGYDKLPEDNNCGDIHGDNHSNDIFSYNESSFLNYPSNFSDENRSTLEEYTRRCSINKINEHNLPKEKNISTYTDKMDAKINDKQNNDKMDLANSEQNYLEGDLTSDMYECTEEKVIDKLNMDKLNMDKLNMDKLNMDKLNMDKLNMDKLNMDKLNIDKLNIDKSHTDKSFINSESFNFSENKIKSGVSEFLLPSASQYGRENYNYDKEFLRINIYAEKIPLIHMRDIIFINNLINIFVNNNNLFSNNMYKVYGKVLIFLTTYSPYEYVYNQYYSSFFEKKKKKNSFKKYCTSFFDIYDDRMMVGTKDKKKNKKKKKKKNKNKNYNNNNNNNKILEDDEYVDNIYYNNTNNDHQSYEKSNESSFSNDTDNEEEKKTDSILNVKNNNDDNYTIKKMNPEKKIENNCLDEFNNALITNGKDNIIGLKDNTGDEEKTNLNNMSDKNLLIQNQINEHEEKNMKEWDDNKKKNSKTICSIKNIIDRNKKEEYPNNIDDLFEIKTEAKSCHEIKSSVFLNIKSKKKLKTNKINKKKKYYFYKLFHKFRMSYNHFIKYTQNEIFHIYEIIHGNYSDVQKDKMLIRKINSNLAASIIYKYIYNNIYEYINNSKINLIYPKFILLKYIVDKYPQKRYLTLHFLK
MAL95,MAL,HANSSKYTEMLLNTSENSHNKIDKVKSHKARKNVFKYLLRNERLLFKRRRMNNNKNKVKKYKKANKKNNNMDDDYNNDNNNNNNNNNNNIIIRRSRRKGLRAFDNIKIMKRFRLFNKTIQSSKLKEHEDELERFDDTEGEEMEDQEFEEHYDENNDENDVYNDDYNDEYNYDDNNDDYHNDVHIHNDQPPELNRSINSSPHYEDDDNLITEMRKEKNKKDKKNEKGKMKNYIFNRNSYTLNKKDKKKISSNKKKGISKRDSNQFSKKFNYDIMNIYNEEDVINDIENDQEISDERADMEASHKSKKSKLFKNNSILSLNINKKRKKKITIKNSAKRKNNKNIKYGLKMKFSINPFFINTTEKKKKYNEEEENNYDENNINNSDNFNSSEKLTDSSNSKQSEKNGIEFISANDGYMIDKKLSQFDEKELNTNKNIRSIEKNNYITNHVDEKIENEDDPVNDKEENHNEHKKEDVSNKEKKEMLYKYSSKKKSKERRKIKINTKDSNEGGYLSLGICVRYAEEPFNKSKIVTFVNSYIFINRLPFDIKIVTDSVRKKSETFFISQNVNKLEINDTYKNLFQLERKKLNEHKCNNISSIQPLIEENETFFEKQFNNSNSLGKENSSNYEKSINQNRDEESCKMNTSNIENNIINNNKNTDIYNLGNDNYKNNNEHDIYHINNDHNISKSNSLNKHNSSINGNITYVEKNVSDNNVKKDSSKYELNEENKDNIKNEGDEKGGKNKSNETYIRKGEIVSFHYHRNHIRIKDSENKYSSLPFSLIPKNVPSNFQIELFNVNKSQINNTNNLLVEINICSGIFGDKQQLPYTYNGYFYILSLPVRPQFEIINATKFIIAYATDINKYTKRYMNSSNYNTYLNRYNKDGDYSVKMIY
MAL91,MAL,MASGKGKENISTKDTRNDEDNTNKKYFVDVIKRLNKNDNKKYYLDEENKTEIQDAETKFKNELNEEIYNKDDYIIYDDGNPEIQFFTNKQKLKIARYSWKAENPKAYVFALHGITSHLRNEYLNYYGRPIWAHKKDEVHDNNISSDDNNNIPSDDNNNIPSGDNNNIPSGDNNSNNNNNNNANNDYKPRLDKYTNELKESEKNNNDYIIKDNLTNTINYGYHRGNVGEDINNDIEKTHERGKSIEVKSEVNIPKYTSTSSLNKVNGNNNIECENLRKNSLKSRESYFMNNEPEKSVLNEGDVYESTSSLSCSSSELMDKKTLEKKLTMFLSCSSCMSNYNENTNGLNNDKKFETGSDNEMNSDDNMMVDDDNVLLIDENYNSSNSNNNSKNNGSSNNSKNNSKNNSKNNSKHSSKNNSKNNKNNNKNINNDSNNNNNYDGCNDNTVYYCSMCGSVCNYCNCGERTLSYKNSWIEKLNENNFSFFGIDNQSHGLSEGSRNQRCFVEDFEHFIS
MAL90,MAL,MVSFFKTPIFILIIFLYLNEKVICSINENQNENDTISQNVNQHENINQNVNDNDNIEQLKSMIGNDELHKNLTILEKLILESLEKDKLKYPLLKQGTEQLIDISKFNKKNITDADDETYIIPTVQSTFHDIVKYEHLIKEQSIEIYNSDISDKIKKKIFIVRTLKTIKLMLIPLNSYKQNNDLKSALEELNNVFTNKEAQEESSPIGDHGTFFRKLLTHVRTIKENEDIENKGETLILGDNKIDVMNSNDFFFTTNSNVKFMENLDDITNQYGLGLINHLGPHLIA
MAL88,MAL,TNVEMDNLNIMNKEEDINNLSDHSILSYKSLTSTSQDNNIDTASSLSSKSFSASYDEDEHSNISSYHFSDCSSTISDTSVISTFSLSYYNFDENISKENNEHNKNEHNKSEHNKNEHNINEHNKNEHNKSEHNINEHNKNEHNKSEHNKNEHNKNEHNKKDELNKCDDNSNNILSEKDKYSNKKYLNKKSFYLYDVFNIEPIKYKYLPSPPIINEEKGVIIACLFAEWYFIYKNYLNILKMSISNDMQDVVNQQHKVKCINFFRKLSKNGFLNMDEETDQFLSHSINISVNIALYNLEKDNMLQEELFERIQNKENNENELMDDDMKEKNDVKNVYTPLYDDEKKDMNKEQKNDNHAKVQLMDLPKNEIDKNDEENLKECPSVSELLNYNYIDSWTKMIITMLKLVDIEKISPIFILQKVLNLICRVIHKKYESEKKHFNQRPYFRLLHCLLIDINEQCIYSNDLLIYLNCFSEIFLLLSPLRIPAFCFSWVELISSKYFMPKFLSNICGWDNYKKLLIHLFTFLKCFLKKIQVSKAIESLYIGTLRILLILLHDFPEFLASYYVTLCSIFPINFIQLRNLVLSAFPRNIKLPDPFMSDVKIDLLPEIKIVPKILTNISFLLFKNRLKFLLDEYFHKKDYNLLFQIKDKLLLPKNKIYQSFIKYDVDIINSLTLYVGTYICKAKVNNLFKFNNNCDPINLTKYSDDSTDDNTAILQELILENEQDNLNKGKKKNNKKCNSRTISKKEQSKLKNEKNNLSKKYVELMKDEYNEPNQANEEEPKTSTKLNSNINGSIESRKEKNKSVIVVKNNLSYTLFLFLSKELDMEGRYLLLSNIVNHIRYPNSHTHYFSCLILFIFSQSNDIIIQEQIIRVLLERILAHRPHPWGLLITFIELIKNTK
MAL87,MAL,YICRIIRKKYSVLRTCNVRNSRILSGPRKNFFFGSCNTNNIINDLEEILRDEWDIEVDNILRDDDTSTFHGNTSSSENSNYLSINAIHRIHRGDDTNIFEENDVVSVSEIVESLHDSDEIDHTDNIDNINSMNNGQNEDVDYSDVSTCATESSLSNHDTENYNASPNTSDDNVNADISNDHSRNVERIQNTYNLFIVRPNTCQNSYPLMINIVNEHGEPCDRHPNIRNTVGHYEMEYIRHQSREDMNTLYEYALIRFPIYNENKDMCSLDEDILYERNFLKDFELLKSKSYDMFIDIHFRLRKGIQCTDMLSIFSFDNNYGYGYYYNNNFSTDGEQNNSRDMHNEQSSLNQDVQDSFSNGNGTHTSENNGRDRESTNICMNDRCPYDNYNIFDRDHTGNIEKVLDHSEKEIDPSKSDINKDKDKKENKQNDSTEGKEENKEESKEESKEESKEESKEENKKESKEQSKEENKEENKEENNEKNNEKNKEENKEESKEDNKEENKEENKDNNKEVCENSTGDKKEGNEHELNNRSGNVIEVYNRTDTIFDNNEQNVNEIIGTRPDMIPRELNVPFDRYEVDSLCLWSNMSSESSMNYNYRPNLVHTQNQESSNTSVDMEIVPPYMPDLIITESPTNTSGTNSSYTIPQYYYRREQINDTKESPVTDYDDLYSSTDSYERDLSNISSSSDESEESDVSATTSESEEAIISVTSSGSVCIMSATISDCEDTPITTYSEYSEPSVHNRQQEESQNNNSVSKSDKDSNFRAYHVEIIYNDIDFNLLQHFINYNGYKDTQRRKNLDSLLKALENLPKKDKSLNVWKYGLKVSLEIIEYVSNEMFALAKVIRDDCKDDGCKWCMAHSKFKIDILTLNFFMGSKRSNPNLSYKYLTGKEFILTRFKKLVYDSIDAIETYIAIVECFLLGSIFDTIKDS
MAL85,MAL,MNKKHNNSAHFEKFPCTTNIPYSVQNNFNLEKDTLIKNFEDKNEHINKKSFNKNLGNLIYNISKLILHNSNNNNSDGNNINSKNSDTNHNITNNKSSNNNTTNHNTTNHSITNKNITNHNIANPNNNNPNDNPKNNYKDKNNNKNNNKNNNKNNNKNNNKNNNKNNNKNNNNNKNNLNSNITCSEYNLLSTNKKNQDITQALGDHITSITMNNIESNNFLVGDENNGFYQILNNVDYNKKEKKKNFINNKCNSNIHMNNIENQLYNNVNNIIPMVSKNKYNLFTNNENYNQENDKYNEKLFNNSVNFCNIPNYEQEKKKKEIEGSENYKMNDVSQLTQMNYMYRNIDYSKEKVEEESFEKNVVDFEENVPEFMNEYKLYNEKVKHDNINNQIIKEIKKNKGNYNFKNIVITNIFLGNIPPNITEERLKNVLEIFGYIIHIEYKWSIDKWSYAFVYFIDEKCAINAVNFLNQKKFFDNSPNHKLICFIVSKQIPHQNTMHYSKENFSLLKDGPPG
MAL79,MAL,TSTIINEQSNESNNNNNNNNNNNNNNNNINNNGNKNNYGNKIHLNNPYGDTHIGHINSYSNPNHISIQNDIIFFSKNSNLINLSFNDSFATKKILSYPYIHKMCISKDDYVLKKARKGGRGCYVNKKKCIKEMNETDEVIEMNEVNKMNETDEVIETNKMNETDEVIETNKMNETDEVIETNKMNETDEVIETNAINENYKNSCDNDEYVNKKNGSNSSYNFPYHVTFGKVLAVVVRIKYDEYYCLKKLLKKRINLQKDEIKNNTLYENEEIQCIPNIYLDDCINNQYTHQIKRFLPAHTEHTTTNNLKDDHILRTNNKLIQSVQTYTKYYKLLLFHENSKHVYGYYIFEHSEEIQCVSFGYLNNKEYIYISSGININERIETQGNIYILDFSNIFFKFNKNHLDSYFNSSPNMDNFGKSLDAHQKNNENDDVMNQIGINKYETNNNHLNNDVDVDVDINHISDANPNQDLLNTDNSNNKAESTKKGKLLVYMKKTYNNCVSQILPFYVHTDNYNSNIMYAGRNFKNPTKNEGKEYFLNNEDKYNLDKNNTYWNDMKDSNNNCYSNILHCINSKIYIHEVNDNDFTKGAFLDNNFYISDIKIMKNFIIIADLFKGIFINMYNYEEQYDSRSIISISKNFYSNNLNILCCHYIIFNSFISIIAMDVYNNFIVFSYKNYQDIDNLYIFNYFNFNRRIVKFINALNKQDNSNIALSLSNDGSIHLFHPLNHKRFLFFKEIYNITKKYIFPNLAVNVHTHLKPDFFIQSIVLNLYKKTDSYLVKNILFDDLLR
MAL73,MAL,RSYPKSGHKGHTKLNQPVVRTLADFNDMFANQKNTFNFLKHINHYKNEQDTNNTHTPNHDEYSHNLPKNHEESNANMNNHNSFNDKSVNKKEAFDQFLQTLLNNYEIMHKEDESKESNQHNYKEGPSYEDKKNMYKEILKGYYNVFFENYANDTESNVHNKPEEVHKHEEIHKHRKLHKHEEVHKPEEFHKPEEFHKHEKVHKHEEVHKPEEVHKHEENHKHEENHKPQMVGQAPPEKEIRQESRTLILGSFPQAGEILREDLWNKEDNKFSYALDPNDYASIEDKLLGSIFGYFKKNHDNLVKHLLQQINTYKHKYMELKEQYINEVMKLKKIYNKSIMVIFIASCISILGPVMLHMHQNNPEEFFATILSFSISLGLHNLLLT
MAL70,MAL,MSSQNNNKQGGQDINNKKDSDDIKPSVSKEDLINSLKNDELNKNTTMDQNDMKKNENMNIKKNEVLNNSNNVEDGDNENSKFMNKSKEGLNNINGEKNDDNNSIVKVEESPKSIGYNYYASESIENLCKEFGLESINTGLNSEQVKINRDKYGENFIEKDEVVPVWLIFLSQYCSPVVLLLLVAAVASLALNEVVEGVAIISIVTLNACLATYMEKSSGDAIGKLAEMASPQCTVLRNGQKVVIPSREVVVGDVVLINTGDSISADLRLFDVIELKTNESLLTGESEDIKKTIVADNLSTPFATNLCFATTSVTSGSGKGIVISTGLDTQVGKIASQLKKSSKGSKLTPLQVALNKLGGLIGLIAIIVLVVIISLAVIIKYRDPAHADKDPTFVIIIIGVGFAVSSIPEGLPMVVTITLSAGAKDMVKKNANVRKLPAVETLGCCSVICSDKTGTLTEGKMTAINAVTICKNSSLSDENNKLTKTFDFYPTKGFEPCGGLFDSNELTSEKKKEIVIAKNQNTSYDKVLYNYGNPSNKSVIVDKTRSLMFAAYLNSYDTTLSRDPKTLKWGIHGNMSEGPIVVAAAKVGYSFINNPNHKSYLDNFQRLDDLEVTFNSSRKMKITFYKLKTVNVFENVYLDKPGKVYTHVALIKGAPDRLLDRSTHLLEETSMKKVQVSWNSTITQEERNVLIKKNLELSQKALRVLSICIKPLTDQNIEELKKLEDADERLKYVNYDENGGFIPMGYVASFDPPRPGVKEAIQTCREAQVKVIMITGDQKPTAVAIGKLIGLIEEKSEQ
MAL68,MAL,MKLTKGCAYKYIIFTVLILANILYDNKKRCMIKKNLRISSCGIISRLLKSNSNYNSFNKNYNFTSAISELQFSNFWNLDILQKDIFSNIHNNKNKPQSYIIHKRLMSEKGDNNNNNHQNNNGNDNKKRLGSVVNNEENTCSDKRMKPFEEGHGITQVDKMNNNSDHLQQNGVMNLNSNNVENNNNNNSVVVKKNEPKIHYRKDYKPSGFIINNVTLNINIHDNETIVRSVLDMDISKHNVGEDLVFDGVGLKINEISINNKKLVEGEEYTYDNEFLTIFSKFVPKSKFAFSSEVIIHPETNYALTGLYKSKNIIVSQCEATGFRRITFFIDRPDMMAKYDVTVTADKEKYPVLLSNGDKVNEFEIPGGRHGARFNDPHLKPCYLFAVVAGDLKHLSATYITKYTKKKVELYVFSEEKYVSKLQWALECLKKSMAFDEDYFGLEYDLSRLNLVAVSDFNVGAMENKGLNIFNANSLLASKKNSIDFSYARILTVVGHEYFHNYTGNRVTLRDWFQLTLKEGLTVHRENLFSEEMTKTVTTRLSHVDLLRSVQFL
MAL66,MAL,AVSIQVPVKDVDDKRRKLNNSKIKKEELNEEEKKKKEELELLITRLRDEDVNVVNLSISLLNKEIIDTSGILTSSLLALKVLKTHYNTLIEIFNEMIFEECKKKLSNMISALSTTIGDENNIVKFVITGNKHDLINYGHEYIKNLITKLLVEYKILKEEENNQNGLTTTSTTSNKLVTINHIYDIVNIVVPYCFAHNTEYEAIDLLIEVDKINDIYLYVDEKSCDRSILYLLNLTHYSSSTDEYYKLMDVILNILKKHNKHVECLKILLRLNKIDKIKDLIFECNDILICKQIALICSRHCVHIQFTEEEIKKYTHLNLNEISTLTSGEHLSPIFLKLAKDLDVEEPKLPEDVYKSHLEEKRNTTVWDSAKQNLSSTFVNAFVNAAFCKDKLMTVNSSLWIFKNKDYGLMSATASMGLLLMWNLDEGLSQIDKFQYSSDQYVKAGALMAFGLACTNIKNECDPAYALLSEHIDAENALEKMGAILGFGYAYAGTNRENLLDILIPPLVDNGCIIECSVYAALSLGLVFVGSQNREIAEYIIDTVLEKEKINNSLDTPIAKLYAVALGLLFLCSREKCEATLSALEIIKHPISKYMIATVEGMAFAGSNDVLKVQKMLQVLVEKRGDKKNNSDNKTTTANNTDNNKSSNADINKTTTTDTSKKTDNNNNNSSSNNKNTKSNEEKSSSSKNYVEDNLDQCVAILNIALIALTDDISSDMTTRIIDHFLQYSNVNQKKAVPLALALLFTSFPKPNIVDILSKLTHDQDPDVALHAIISLGFVGAGTNNSRIAILLRQLSAFYCKDTNAIFVVRLAQGLLYMGKGLLTINPLHSNRSIINYVSLGSLLITIHACLQLKSTILGKYHYLLYHLVPCIYPRMLVTVNEKLESLPVSVRVGQ
MAL65,MAL,MFTFLVIIVNVLVCICFLNTKYQIQLDYSVPSTLINLDRSLKYTNITVGKDSFLCILDKSDSFDTCEQYDLLKEVDDFYPNGFDEHKEINNNNNNNKKKKSYNNNYKNNYNHISNNGDNQINNDYDTTYNRYDYIEEHLNKNFLLKYQDNNNMNYNLYLKEDNYEIEYHNAHYWMNVQDENIQASDLTQNIIKDVGDNNTSYKNSNNNGWTCNNVLNKLNNKYSKELKGGKKKKKKKKKKDKKKKNHYDYFSNERNEKVDKLNKTFNCNFKRLYDYIFYKHKINAYHKYRIYNNINDDVLLKSHIIKGKMLTINNTCIDAFNNGNILKICLNKSISFITKRYHTKHKKHITISTYAIGKDLLFSNNTVVQYYSDGKYFFEVLFLCGNNNLRVNSFEKLYNVYYPFIFQIYEHLNTTITKLYNIIIKKLKDNDVYFFKSFSNYQYTEDYYKSLKQKLIHNLNLYYPEAIYLYRITLSGYMFCNYTEKINPPNFFLLKNLMNKCHHFIREDDTMFEICLPYSVIQYKKNAYGKEKYPLVLLGSSYNSLNQGKPFYEKMYDIFPVLKSNHMMKKTIEYYNKLKGNLSTSNPLPTQQNSLSSTNTNNSNISNVKYDYSNKKKNLTSPQMLSSLEEFSL
MAL60,MAL,MVDDKNKDKNCSKKDEKNNKIDEDKEFDEKVKNMSFDDKVRKILDLKLEGNNDYKNKNYEKAINKYNEGMKYMKKIENKNEKIKELEIALYLNLSICYSNVEKYNEAYDNITKVLSLDKTNAKGMFRLCQIEFNRCNFDVAKDKIQEFIKIYPDNIEAKKLLKNIILKQNEHNKKQKEAFSKIFEKASGLYDDREKEIMRKKKEKYEKEMKERKEKNEDIIKFEEWEILDNEKRIKEDEEKRKEKEKEREKQNEKEKQKQKEMEKKNKNKNDSLMSSSTTNNNSSYLDIDEEDQKIINETKKMGYCYFKKDIKEDDKKFFEKNIPKKIDTTNYENSNTLYNNQNNKAISSWNAAGTTYEEKDMTKWAKNKIEECLKNIHFKNDDDSDFLNLNNQNGNNFSSVNYPDILPIQYLSKIQLNDVKNLSVDAQIVVIRGTKRHIFELSCNLDITIFINITELHVHKVLVEIKELSSELEAGKTWKNFITIKKNDKLKIPDNLFNDIYDFVIEKVQQQIKNFTQEYNKM
MAL59,MAL,NLKCNFYYNNNNLSTYVIKHNRFLSEYQSNFLGGGYSAALKLVNSKKSGTNVNTKYNSENTNTNNNIPESSSTYTNTRLAANNSTTTSTTKVTDNNKTNIKLTGNNSTTINTNSTENTSATKKVTENVITNQILTGNNNTTTNTSTTEHNNNINTNTNSTENTSATKKVTENVITNQILTGNNNTTTNTSTTEHNNNINTNTNSTDNSNTNTNLTDNTSTTKKLTDNINTTQNLTTSTNTTTVSTDNNNINTKPIDNNNTDIKSTDNYNTGTKETDNKNTDIKATDNNNITTTTDNTNTNVISTDNSKTNVISTDNSKTNTISTDNDNADTILTDNDNNTDIILTDNNNTDTISTDNDNADTKATDNNNNTNTKATDNNNTKIISPDNNNTKTTSTDNNNNTNTKATDNNNTKTISNDNNNTKTISTDNNNTKTISNDNNNTNTISTDNNNNNTNQYVFANNYNETTSDDELNKDSCDYSEEKENIKSMINAYLDKLDLETVRKIHSDISTCIEKKNNPRNQITHLNNLKNMYNIIKFIVVIYIAFNWSEVIYKYVGKLILAFALYMLIN
MAL58,MAL,MVLELVVNLENHKRRIWSICWSPDGNYLASVGADKYIMIWVKKNNEKIRKTNNSNKIMKKALNIFGEKTQIKSNIEFDIYDIIETQHEKSLRHIEFSKDGSFFVVASFDSKCSIYKKNNNDKWVYYKMLEGHEKEVKCASIHPSNKYIVTCGRDKSIWVHAKGDVGKTDMKSKNHTNDKNGDSVKNDDSFKNDDSFKNDDSVKNGDSVKNDDSAKNDDRVKNGDSVKNGDSVKNGDSVKNDDIYKNDDRVKNDDNYKNDDNVINDDSVKNDKNNTSDHILQDDQALTNHDINNNNLQNSNSLDFHFDAYLTAHTEDIKFVSWCPLSENTFISLSYDNSLKLWSKIMNEWNCIQTLNEHTSVVWCVTFNFDGSQFATCSDDKTIRIWKSDKKLNYNLHKYPFLYERTIKDLKDTSYSKETSKNMDEEKVTGNNNTCENKNVGQNDDTLNNNNNNNINSVNNNNNHVVGGLHQTQTCEGKELAERTNQMTEVKSRSKENINNTDINKSNSQEVVKSKGKSENKIFKKTTNFFSKLKEIKSKKENEQKNILSNITIVNYSEQKDDLGTLSKVYIQHNFVPLYFNNGLFKYVYNFSQVEDNTNINNDLKKKDQHNKKNNIKDHVTKNLDNDITNNIQSDQIHNNDILDKNSNHTNIEIEYKPKREYVEEFQETSLHISEDTNSTIKQNILKKDQNVNDTNFDDWRVNNVIQGYHKRSVSYIDWNSYEDLIAASSFDNSLKIFKKINEEWELISNVDNAHMSDVNCVVWCPQKYQDYFLLATAGDDCVINIWKYTKG
MAL56,MAL,TNPYAINNSVCSQIFNFIHNMRKEIRQIKYIIHTILFFKNNDPMKHMLLNNNNLNDISMCLFNYIQNENEINNVNNYVNEINECDDKYKYTQNVYNKKVCVHYISPINVKSSNDDNINSFYNNEKSECNYNVCFDEGKRKNDNNIRDDKINGYSNNNDNNNEHNNNNDNNNEHNDHNNEHNNEHNNEHNNEHKNYKESTDKLNFIHFYNDSNQKKENYFHNYTHEQNDHESSSSQFFGIPKNQTSIYFYKKEKKMINFKEFMKNYEVKNIMIFFICCIFYLNELYIKYNNSLVTNIKPIDDNTKRDIHQGEERTEIYYCKSDKINMNQVDNSNNTNCKDEEQSNNTNCQDAEQSNITNCKDAEQSNITNCQDAEQSNITNCKDAEQSNITNCQDAEQSNITNCKDAEQSNNTNSSHMNHLNHEVVIPNDKLYMNTYTNNINPFDVSIFKEAEIMIEEYRTCLHENKRMNILHDILCNIILCIKNNYDNIHNVFLLFNDDITKSDILNIKYIYKLIDNYSKIDSYIKHINNSCNEKIRNTENNFKEIISNKEDLINIYKENIKNKIQLIEEKDLIIKDLKLEIHILLKDKEITNNLLNELTEEKNTYFNMYMKYHHEWILNKKEIIMKDDKDEYTYTTNDEHNNHKKINNCINQINKLNDEIILLKNKNKTLLHKRDTNKNTSSSVCSHMSSPSPSRISSNSIFHFKQTDNQNVENADPNIIIDNNNSNTKEKKKNSLTNLILKDKNDKLKNFHIKENITSTIHMKKIYKILFLLKEKIILFIFYIYKKIYKNAYINISYIKQFYTQIINIFINIPRYICSSYIFVKENEINYNMYIKNNKNNKIYLHTNHSHILQLTDDNTSLNKQKINEKKKKNQNIKIKKYSHNKRNLYNHNFLENTSIQSSTSPQKKKKNNNLQRAIGKLSDE
MAL50,MAL,PLDNKSKIVNSAEVKETLALAEAAANKYKSPKVDVEHLLSGLSNDELVNEIFNEVYLTDEAIKAILKRKFEKTKKDKDGKTGTLYIEQFGSNMNEKVRNGKLQGIYGRDEEIRAIIESLLRYNKNSPVLVGNPGTGKTTIVEGLVYRIEKGDVPKELQGYTVISLNFRKFTSGTSYRGEFETRMKNIIKELKNKKNKIILFVDEIHLLLGAGKAEGGTDAANLLKPVLSKGEIKLIGATTIAEYRKFIESCSAFERRFEKILVEPPSVDMTVKILRSLKSKYENFYGINITDKALVAAAKISDRFIKDRYLPDKAIDLLNKACSFLQVQLSGKPRIIDVTERDIERLSYEISTLEKDVDKVSKKKYNKLIKEFEEKKEQLKKYYEEYVITGERLKRKKEIEKKLNDLKELTQNYVYSNKEPPIELQNSLKEAQQKYLELYKETVAYVEAKTHNAMNVDAVYQEHVSYIYLRDSGMPLGSLSFESSKGALKLYNSLSKSIIGNEDIIKSLSDAVVKAATGMKDPEKPIGTFLFLGPTGVGKTELAKTLAIELFNSKDNLIRVNMSEFTEAHSVSKITGSPPGYVGFSDSGQLTEAVREKPHSVVLFDELEKAHADVFKVLLQILGDGYINDNHRRNIDFSNTIIIMTSNLGAELFKKKLFFDADNSGTPEYKRVMEDVRLSLIKKCKKVFKPEFVNRIDKIGVFEPLNKKNLHKIVALRFKKLEKRLEEKNIQVSVSEKAIDYIIDQSYDPELGARPTLIFIESVIMTKFAIMYLKKELVDDMDVFVDYNSKAKNLVINLSKT
MAL42,MAL,LKCFSFPRKGTNDKTKENETFEKGEVKEEEEEKDKNVKRKIINESSKNKRAKVKNENDVIKKGSLFNCVVREDEKVNDLSSPKFNPVHFNINDLYLSEKDKEKHKFKDSLLFTFLTNAFNQIEELKGSGTGSKKNVSIILSNIFRVLIYYSPNDLIPAVYITLNKVAPDYLNVEAGVGEALILKTMSEAYSRTESSIKKDLQQIEDLGIIAENCSCKMRTIFPLPRLTIQSVFHELKSIPNLIGSNSQQKKREVIKKLLVSAKTSEAKYIVRFLQQRLRIGVNSATVVQALSYAFILTRPSIPDDIIKRGKEINENLINGKLDGTNNLINKSNNKTEEWLTQSGDRNCIKEENLNDELLSKDDINKCENMDSLINEIRIRNEKINKPNIFYNLIEKVGDTRLLPLFFKELKNIYCEENNDIDIFECMEKSVKSALCELPNIEIIIQNLLNGDDMNTLSKKCTVKTGIPVQPMLAKPTKGVQEVLDRFNNVTFTCEYKYDGERAQIHYIDKDNIKIFSRNLETMTEKYPDVIQIIKDQIGENVKECIIDSEVVAYDIVNNKILPFQVLTTRKRKDVDIENIKVKVCLFPFDLICCNGIPVIKEPLAVRRKLLYSLLKSKDGVLSYATHSEMNNIEDIDMFLQDAIENNCEGLMVKTLVENASYEPSRRSLNWLKVKKDYVEGLSDSVDLVPIAGYYGKGKRSGVYGAFVLAAYNSETENFQTVCKAGTGFSDEILSTLYETLSEKIIPNKKSYYEVSDKLNPDVWFDAHYVWEVKAADLSLSPVHTAAIGIYADDKGIGLRFPRFLRLREDKNAEQATTTQQIVDFYEAQFSSNKNKNIDYNDDTESE
MAL39,MAL,MRIIILALLIVCTIINYYCAVQNNGNKSLNVMPTCSMPGNDSDSNDNETGDVDNDKNNELGNANDNNEMNNENAESKNMQGENSNNQEQLNENVHANDDAMYEGTPSSDNPPQENVDANNNEQEYGPPQEEPVSENNVENVEVATDDSGNDNINNNDNFNNNDNYNDNDNFNEEPPSDDGNKNEDELTEGNQSDDKPMNEEEATINEMGKITNPFEDMLKGKVDDMDIGKMMNKDNLQSFLSSLTGNKDGSGKNPLSDMMNIFGVPQTGKEGAEGGVNKENQMKQINELKDKLETMLKGAGVNVDKIKDSIKNNDLLKNKQLLKEAISKLTLDPSMMNMLNNKDGANGKPFDINPDSMMKMFNALSNENGNLDDLKMKPTDGSFDSFNDGVDNNLVPSNPKGQNNNEEDDEEGGDDDDYDDKSFVVNSKYADNSFEDKFNTFDEKDDDVKYELFGENEEAEELNNNTTTASSKGDANNSVNTQEGEGEEESFSANEENINNNNNHNNKNYNNYNTSQQEEDDNSFNENDEPLISSSQFDNNKKNKMSVSTHNKKSKNLMDSLDLESTNYGSNSSSSMSNNYNSKNKNSKKNNKKKSSQKDYIRTDGKVSFDMATLQKTIKNFGGADNEIVQNILKKYVTIDNDDDNDADEDEDEDDDDDDDLDEDEFSVKDIKKLIEEGILDYEDLTENELRKLAKPDDNFYELSPYASDEKDLSLNETSGLTNEQLKNFLGQNGTYHMSYDSKSIDYAKQKKSEKKEDQQEDDDGFYDAYKQIKNSYDGIPNNFNHEAPQLIGNNYVFTSIYDTKENLIKFLKKNSEYDLYDDDDKEGGNFKSPLYDKYGGKLQKFKRQRAFNILKQWRAKEKKLKEKKKKEEMEENKEFDFSKNYNFSSKNDGGVTMFSKDQLEDMVKNFGGKPSAHVTDSFSRKENPFVPTNTKNNSNDDDDMDNGYVTFDGKNKVSENDDDEKGNNNDDENDNDDSNDEEELDEEEDDN
MAL38,MAL,DYYAVLGLTKDCTQDDIKKAYRKLAMKWHPDKHLNDEDKVEAERKFKLIGEAYEVLSDEEKRKNYDLFGQSGLGGTTTNDEAYYTYSNIDPNELFSRFFSHDASSFFSQGFDDFPSFQGFASMNSRRPRSSRSN
MAL27,MAL,MSMCCQQLTMSFPTVDDAKYVYDQLAVIAPLFLALTACTPYLGGFLTETDTRWRVISNSVDCRTEEELSYICKPRYSGISLYISNELPLKRNYYFYNDVDVILDKNVYDKLKKENVDEYLARHIASLFVRDPIVVFEGSYSERDIATIQKKIMELSNDEDKIKGMVEGSSSNSLSSKVLLDNEDRNKNDSSIKEMNKSNDNNHNNNCHIEYNNKKDINMNKIYLSDNFEFIEDYEEKVLSSHQHFENFQSTNWNSVRFKPPPILDNHFKGPSSIGWRVEFRTPDIQITDFENSCVVTLVMLLSKFILKERLNLYIPMTLLEENLFRASKREALTKEKFYFRKDLSYDTLNNEFEEKSIYDIFFNETNGLFFLCYKYVDELFKEGLLNQSAKNKIDEYIEFVKQRCSGKICTGAMYLRNFILNHPAYEKNSYINSKINYDICKLIADIGKGLIIPQELLGVFVDPYKERIKSDIRQINESQYLKSLAYKYISGEDYTQYLLLNEVLKDDQDYCTCTRRTIYEESMDNTVEFAKKMYELSA
MAL22,MAL,MKHILYISFYFILVNLLIFHINGKIIKNSEKDEIIKSNLRSGSSNSRNRINEEKHEKKHVLSHNSYEKTKNNENNKFFDKDKELTMSNVKNVSQTNFKSLLRNLGVSENIFLKENKLNKEGKLIEHIINDDDDKKKYIKGQDENRQEDLEQERLAKEKLQGQQSDLEQERLAKEKLQEQQSDLEQERLAKEKLQEQQSDLEQDRLAKEKLQEQQSDLEQERRAKEKLQEQQSDLERTKASTETLHEQQSDLEQERLAKEKLQGQQSDLEQERLAKEKLQEQQSDLEQERLAKEKLQEQQSDLEQERRAKEKLQEQQSDLEQDRLAKEKLQEQQSDLEQERRAKEKLQEQQSDLEQERLAKEKLQEQQSDLEQERRAKEKLQEQQSDLEQERRAKEKLQEQQSDLEQERLAKEKLQEQQSDLEQERRAKEKLQEQQSDLEQERLAKEKLQEQQSDLEQERLAKEKLQEQQSDLEQERRAKEKLQEQQSDLEQERRAKEKLQEQQSDLEQERLAKEKLQEQQSDLEQERLAKEKLQEQQSDLEQERRAKEKLQEQQSDLEQERLAKEK
MAL15,MAL,VSRAGYPVRLSHAECVQDYKILLNKEDRHKLEMYNKDNKSWSYKANFILSSLYVTKEIQEYINNLKLLKDKKKEEENKFFGKLSSKKNKKMQDTTTTMNEVSNNVQINNKDETNNNNNNMKDIVYDPVCGDANEEEEKNNLFIWSVGKNLCFFKSDAYNILSTLRSDLRSLKAIVIQKNYKTYTQKKLYELMKRKIIIIQRWFRNRLNIIRKEKLKRQEAEKLICSYIYTYIIRKRFLHKRNCCILIQSHIRRYLMVRFYKTYRQNYYASKIQATWKAYKEHLFYKKLLKSTKKIQLKWKSILARKQLRRLKMESKEVGSLLSRNQVLMKELKKEKNEKIEIESKLLKASAKIDKLIKKIDNLEKDNKNNEKVIKDLLEKVSLLSYKQSNECISPRHVSKKNENIKQKKNNKELNKDIIMSLKREDTEHVDSMEIMSIQGNNTHDDPNNVRNCYSTDTNLTNYLNNNKSNNNKDHNNDHNNNNNDDGDGEDIYMDNNLTFTQEKIGDLKIRNTIRNEKNEEKYNLLNKIKKLEIQNKEYIKQNVTLNDKYNKLVSLLGQIKDTNNNVYNDVLINNINNYHSNGMSNKLLLNNYNNYHNNNNNNNNFFKNLTNLSSCNSNSLIEPKIENNINYDNKSSFKKNDGIVDILVCGPRNVGKTSLLEDLFVRLGDEDNLGLLRKNKKLVNNDLSCYNYYNTYIITHKC
MAL14,MAL,NEAYQVLGDIDKKRWYNKYGYDGIKQVNFMNPSIFYLLSSLEKFKDFTGTPQIVTLLRFFFEKRLSMNDLENKSEHLLKFMEQYQKEREAHVSEYLLNILQPCIAGDSKWNVPIITKLEGLKGSRFDIPILESLRWIFKHVAKTHLKKSSKSAKKLQQRTQANKQELANINNNLMSTLKEYVGSSEQMNSITYNFENINSNVDNGNQSKNISDLSYTDQKEILEKIVSYIVDISLYDIENTALNAAEQLLSDNSVDEKTLKKRAQSLKKLSSIMERYAGGKRNDKKAKKYDTQDVVGYIMHGISTINKEMKNQNENVPEHVQHNAEANVEHDAEENVEHDAEENVEENVEENVEENVEENVEENVEENVEENVEENVEENVEENVEENVEENVEENVEENVEEYDEENVEEVEENVEEYDEENVEEVEENVEENVEENVEENVEEYDEENVEEVEENVEENVEENVEENVEENVEEVEENVEENVEENVEENVEENVEENVEEYDEENVEEHNEEYDE
MAL10,MAL,EMFILNNLNNYNHFVHYFLTKNSYYNVEENTLYYKYGYVNEYINERIKISNLTDVNTNIKIEMKEIDFSSLTNKSKKNKEAEKNKKNETNISPNSDIKYNLKIQNYNEEKYNWNCSYIKNDNLSNNINEQFSNKNNIKTCASDHIIIYPYQHKFIDICFHSTQIACKKFLFNIYMMKPEHILCYSFYINIEFFLPSAQLIIPSYLLKLTNNVHDKVIDIGNIHINSVLSFKIQLMNSFKYPVMVKVIFHRNENNHDNIKNEFIRNLPYINQNEENNIILDKKENVSIPHNNLYRRQKEDENIFTQQNKKLLQSEIKKKNILTSDVYQNIYPNEKNIANESFNNNIGYPRVEEKKELYNNITNNDTILFNIYNMKIKKKNNITYFNYENVKDIIYNHRCWDRTNNMYSIGYLCFIGNINNLLRENEVAYFKIKLNKNKLKYIESNESQNETNPEQIHVSEKNPDISYLDNLNKKENKYKNDIDITNVNGKNKTNNINKNKEDYKNNNDNEKKNLDDNSSNNYINQIEKTNDLSNDEKYKKKKKKDKNVQNNNNIYNKNEKKTLGNIQIKILNNNYECYNLKFIGNIIERKNYWNLKHLKHHIKKIYNNNFYIFKNHINFDIVPLNFKHTYKLLYINENNHTLFFHIEVDKKIKNIIDIKPINGSIPSSSSLYFYFTIDVKELVNFMDRPILCKFSQHEISINKKNIKLNNDNLKYDEDDLYISLRSEEIKVSYKQKKIHFKNIPLFNYSKYKFTLENTSNVKLFAELSITPNNYMDDILST
MAL292,MAL,MNIPLIITILLFLFYQHYVCSTIKPYEIDKRDLLKIYEDYKNLELSKEVVLDNEESFHNIKYLSLCNINNKNSISGISNILCKNINFGYHIKIKGVDLLYGEIVHFGTSKFIKEINFICKYYIYDNSYEIIKCNYVIKLDEHYDFYLGFDMEHIYEPKYKIDKNQNNNRNNNNNNDNNNNNNNFIQSNNLQNNNMHSLKEQEQIVLNNVTYNENMKIDNNTKNMSRNNNDDNNHNIFYQNDYLNYYNSHNVKMCNLRIPIYSYITNVEETLLKILIGLCIKLGYKRFMIYSENTFVISSYFENMYISRDIFHQGFNITCRKFYNSNNIYIIKSQNSFIQNKSNHNYRSNNNIDVVRKEVPKIYVKFFANKSYLLWRGIEQNKEIFNFKLLELKNLLKKVKYKERIYICYTKELYSYYEQDEIYIKNFMSSHKIKYRNFRSLQNKDKKNLDIPYSYILLTFEYFCDHTIILFEECVHIIMTSKILDEKYKSIMHQFLYESFLCSQNCSYEDDQLNIFHNDMIISTFQKFINNSNSIIDKMKKQSISITDQIKKKEEFYNNILLPQDENIYKEFYENIMFSIEFKSFIPLIKDELDKLSRRKNIRNDSNNSNNSNNRNNRICNILKFIKYHERLYESNSHNSIYSRLLNESILLNKLVFENHKGDHHFDDISIINLKNNIKLNKENINTKTNNVEENIKTNEENINTKTNNVEENIKTNEENINTKTNNVEDNIKTNEENINTKTNNVEENIKTN
MAL289,MAL,ILRNKLIEFNNVNTNQLNISKFLLEIIKFYDKNFSIFTEEPLLLYQIKNTYMNNNINEIIFLKYYIKIDEQKDNLIHSKDDNIIFEQKFAKLFLYSNEQFNKIFFIIKNYNIQNMDHNQSDIDMDQQTDEYTDDGKKETKKETNINKIKNIQNVQNMQNIQNIQNVQNVQNAQNMQNMQNVQNVQKVPKIKNIIKNKKLIQKIFFHLLNYYYTTKKHISYKYENQNLPYPNDYNTYNLILTPPVQNGQKMEDDIQTQKSNMNIEEKDLDGKLNEHSKILNMKYKEQQHTEIKNKQVYPNTYNYFPLLIINNIYNKKQFKNNIYTLCYKTGEKNDINFFHDINRLLVQFSINRINTYINSQLAKEMYDKFYYFLLIQNLHIDKNIPYLYILSYIYNSFYSFYDFFYQYWKKNHLNNFNKMKNNDDFNVQINEQISEQINNKKGKKKPEQFRKNKSQKKKKKKIIYDLQFFDYFINDEKKKKKKNHVIINDNNINKALYNKGVFSSTNNNIEKDKLTNKSSICVDKKNKNEYKTNEKVISSNNIQKNIDQRTNITYFPYQSTNTYKVDNSFDNLKDLQCHNYEYLKIMEGIYKHHCSFQNSNSLIKYLPFFNNDYYFVYFLEKNIKLIKTIFIQYYHKGYIKKPILFQTKIIPIRTANHFIDLFTQYCNFPRYDVFWNLLIKKEVENFLYLPQFRKSYDYKYNKYIYSLFTINSNYYHNNYYICNNYDKIYHIKRYYKMKRKHKITRKEPSQTFFKKNINKIFNRNFIHNIYYRYRIDITQSKFFKFNKKQFKKDDQKYKFYLYNEHNNFQMKKIKSQWIYKIIKHKKINKKNSLSSIKQEKKNIYGYNTTHTNLIFTHILNIIKINFKNKPCQLRIFLLKSYIENNTFNISQFFKYWYEKSQNLSNIIIDTSHITLNSKYIHLLFTDILFCFFIGNL
MAL266,MAL,YFPTKDMPSLEDNFYEHLKYPDINTIHIYYNASPVKLNEVNDLKTIIIDEIKSKIFYINSYRVGDQFFPTYSNLGKDDHDLEHSAKNFYNISNENGDNTFNNNNNNMDNKKRMYNYNKHKDNDSRYTDNSNKNRDNSNKNRDNYNRNKDKNNTNRDNYNRYKDNNYYYNNSDNNNYNERKRYIRKKTYNKLSYFNLPSLKSIYNNKIKGNSEEFSFDNELPEQTESFPLNKPQDHEAFYNLKKHHTNVYEPNDEEKQNEQKLKDQIKITSDILYKDIEENKNTEDVLLIETITINNGTTSNTIENNKDSNKEAENSNTEQNDNNNNDNNNNINNNNNNNDNKEEDMNENNNNSKVTGDSVENINEQTNNNQYPNTEYNTIQRSINAKYLIFFFKNLHVWKTDLFCQNINYMNNYLNSIQYNKTLTFDINYDTNAVTIYFTDNITYTVKVNLEYLVFLLEKISLITFVEDLCSLFDTDKKRNYKNLTEFLENTERINTFVRNHMMLSNEQFINKNKYAKELAEISTSNLFYPKKDIILRSTPYNNIILDEKDIYQTIFIYMDDMLTEKMVNDTWITPYAFVVYSKSKKDMQGNNIKIEQNKNITKYSRSAIDKYVHYEYKRISENLNRFFMESNSNAPQFNENYKEYTIIIYNDNPSMPNIVLTTTINVFNVSFLQSIMEMLLNIKANQQFFSYKGKFIPINAFITLENKINYIFFNYIPLENYVNNGDALDFRNP
MAL260,MAL,SLGVVYKGHVNESFMVLSTHLPYNDVSTEIANNINVGLAPSGVYSEGGSLYALGLIHANYNTNDKKVKNYLMSQLKSNMNDEVLQHGCCLGLGLVCLGDSNDENTYDELKAILYSDSAVAGESAAYAIGLLKLGSGDDKCIDELLAYAHDTQHEKITRACSISLGFVMFQKEREADSLIEELVSDKDAIIRYGGMFAIAMAYCGLSNCNKHIIKKLLHFSVSDVSDDVRRAAVIALGFVLCNSPNQVPKFLNLLIESYNPHVRYGAALALGIACSATANEEAINMLMPLLTDTTDFVRQSAFISLGLIFQQSNEHCNPNFKKYKEEIMKILSDKHEDIIAKFGAIVSAGLLDICGRNAISTFFTRRGNIIRPQAAAGFCLFSQLWYWFPLIHMISLTFMPTCLIGLTEDLKVPKNFSILSTSNNQNFDYPSFLSKEKTQEKKETVTAVLSTTAKRKTLKLKKQKNDSKITKERTAQDDNSSVLSDGKSMKNLEILSTAATIGQSSHVSHAESVEGSANDENSHDHAQDGSNISNVQKGKKSEAKSKSGANENSNNNT
MAL255,MAL,NILYKLFLKKKKKIQNIKYGHNQNCTSIPLENLYQFLGNKISMKQNYEKKHFVNNESNNKNISINNSQNTKGSNIPNTNQIKNMFNNINVVNNKSVYMDNVLNTNIEKGNIKNKNSHTNVGNNNYDVNYDQSFSQQNKEQEYNNTKMLLETKNGNKSSSEQEDYEKYSYSNNISSYQNFYYYDDDDYPYYPFEIKINESDVAETCYETDIISNHSSNELNNEKCTNMGNNSFCDEDIEHVINSHHEQTNNTTSSLGSSSSDIDMMKTTTTNIKEKNIYINNNNNYYYDYYYNMYDDVVSSSADEKTKCEILEKNNKSFFKKIRNHLNIFHFNNKTIYDNDNNSLIDFIKRVQKKINKYNICKWDIEYILKVIKKIERFFITIELEPNMTNDYFHMYYFDIHEEKKKKKKIKESYDDNNVKDKYNEQNIIYNKKMKNKKYVTNNQMKEYLYMSLFSNDNYFSLVHLLNIQDYYTICLYIKKIILINSISVKKKINIFNIILWTIYNFMNNKKTIMMEYKKDNN
MAL252,MAL,MKVLNFPFMLNKRSYFSIYNFFISLRKGGESTLKNDIKHNYIKELLTYEKEKRKMKKKITEYDGNNISNKHFNEYLKDMEEKIKTHNDLISDDENNKKVKHLIKMNKTEGGIRIKCSTSLIYMLSLKCRYIESIWLNVAKNKKCNSLNCLRDILLNIEWNKYIHYEDLKYIPLKIICTQSTLFDISNLKNEIYKYINEVILMSQGDQNILSKVEIIKNIKNNINSEYSYDHLVTSKKFIDTQNDIYSDDHIIVQDNNCFTTTEKINIENNLKNIWNLLSVHIHNNICNVDIKFTGKLSPRFYQYVNMKELKDIPNIEKYENINFSSLFYKNPKINDEKIKNIVNQTIPHWSVCEEKKKIQIDYEKEIKMDKNNDDIYYKYNYFLDPYNKKLGVSNDNVHRNIYSSLIKKETINNNLFSLNDEQLLLKKETFEKNKNRQNNNYDNNNNVIHYKNPHIIGDQKENKTYNLEADLSKHFNITKHDMINYLNDLELRRMIYYNNNFFLSDDSYDSSSCIYSLIIKKCLHNKKNINIIWDPFCSTGNLIFELLSYLLNIPLYNQDEIVPFMNLKIYNHHEFLNIYNYNMKHLINNYSNIHIIGSDNRDMMILQCKKYLIRYALYYKKILKYIKDKNKNEITTQKDIHIPFNTKNYTNLADYTRSNYIKKNSFLKNVLKEDLETYDGVDSSTDDMNDLFYETSPWNFSTDMDELRKVKEENIKNKNSVESIRNKNILNSSNHRTILKNAEKNVNTSDQCNDKINAPDMDIISISTEEDKKYNINLPFDVSFHKAHFFNLSPFIKNAIIITKIPHFNFCK
MAL249,MAL,MPNVYLPQILWHSKDNKRSDRIYSLDIQPYPNYYSVKKLNRKYELFIKYLKEKGKIECNKFDTLEEKQKIINDSTLPSNNNYNNSSNNNNNNNKYETLKLDKELNQGNEDNIIKTVIGNNTEVSNNNLLDDTNNKLNEIKTNTSTEDHQEHNLVNKKNETNSSSNDNISHNKTPMQSNKLLTSLQDDKTKKKPIKFNIATCGADEFVHLWRIFIKDDISIKCLGRFIGHSGEINCVRFNKNGRYIASGGEDKFLYIWEKSKKPKNIPLGYDISFLDYKEWWNVVGSFRCSGVINSIIWSNNDTLYVANEDNNINIIDFVKNTNCKVQVLEGHSGIIQGISFDNNYEYLASLSADQTLKIWKKKNDGKSWKLENSIKNIRRDELDKLNNACTTCTEYDFPDKNNTDKYESNTLKQENKKLINYDLLEQEAYKKKTKNKKEKADEDEEEANNNEDVEEQQTDVGEEHIEGHLNNNIVLNSNINKMNNSNNLKMNNSNTIKMNNSFNQENNVKPYQQIHTKFMSKKHLEDGEEEQEEEEEEKKFKRSLFSS
MAL245,MAL,MKENYMIRHLFKKYGLKCYNSMSKGLLSNIRNGNSIVLYEKNVNKNLMNLLYKKHYNTYKNRVFNSAMYNNTPSNYMNNPENNNMNHLQNNSNYKYENPNNYYQPKYNNNLNNETNENNTTYQYFSIFGSTAMCLIKPIFPDYITNKNKVTIYGKGGFQFVFMRKQSNSNKYDKNNKMNIFIKINSLSNVLSLNDVEKLKNPIIIKGSNNNYLTIDKHKEKKDHIVIKYKYQPSNSPENNFNDMNNMDTDINENMIINDVNDEKRNNFEELHVSFSFSEFLLFQKAANLLLPQLIGWAKQY
MAL238,MAL,MENRKVLRIGKSVVHGRTGPLRGDMEAEEQKEVRKKEESNKKDIIKENNSDNKKDEQSKVETQNTEDILNKHYNKEDTENNSGNIFEQLLQRELAKGTLGGGVVEKNTNKLKFQIEENNIMDTADGNIDEDMEKLSKISLQERINSTIVKYRMHAYNEILKCFNNQDNDNQKNFLIDKKIHIVNNFFKDEDSIFKYLSDNNLICQIKTSEITEAYLHIIKDIYFHNYKNEYNNEEELINSFVNEYRNKLHNMFLKIYILLIEKILINTKSFDFGCNIIIKIIEYCSYDKITLSIITTICEYLNSIFLKANKNVSNIKGVKIKVIASILLLFYKLLHSFGPHIICVKTINKYCLKFNEMMDKAVKTNFYSLYIEILTQVNIQEFHNSILNELSSQQRNYINKELQNKPKHTDNTTNATTLYKATYILKTNDHNNSYNFMKNFNGNTSAGNGLDNHIVEEFDVFKDICTKQWEKRVLEGCIDKNNSTNNTNNNSNSNNNNSSSSKLLSNENLLPWKIKVEAINLLCDKMKSKYNIKKTNYLSTLLNIILKLLKSESALPVVVSTLKLLHILIEKFDKDIYNTVKNFSFILCSKLKDSNKQVSNACMECLTKAISVYNIDLFLDDLSKNLKDKNNNTRLVTLDFLLKTFQYIDKKSISSLIDITKHLLNDTVANIKNTACKLYALIISYYGESVDSSFFNSIPSNKKKSILSLCVKNDKLNDANDENISNDENNANDENNVNHINHGYNDDHLNSPKNQFEDSSAKKKKNVDNINKMTTLKGNNMKHTKNNISDDAEDIISGGKKNINTAHNNNMNKSCNINNINNVEYYLPKDMIKNLGSSNIPN
MAL231,MAL,NDIIRDTHDKSDIFKNIKIDNNKKYEIYNLELEQEEINEKKNYNKNNNDSNKTFFLKIENEFKKDLLLDDSQIFGDSLLADIKEYNYTADNLDNNNENKSLYEDGENFITRNEPITNEYEEKNNIIYISDEQKYNEEDIIFKDKIKEKEKNNDTSSDDFENCSVQEKIYVNEKIEEYNNKNDDKSSSSSSIILEEIKYKKEKKDELVSPNLCVLLDEFEHSNDLENNYISVSSDDMKTNVSKNNITGVKENKVDKTNVEYDKKGDDGVIEISFEDSHKLEESKFDDNNNIYDNDDELEKNLSKDYISDVDKNHVNNIYNIERGEDERENEFVENKIQSTESHKSNEFICTENKSLRKQYMSKEDISNVRILKSDDINNLSKQNYFEILLDKKQVMDNFQMNIEQNNDKLKEDKLDEGAYFEYLEDNKIIDSYIKETNKENEELIKEYKKLKKNNIEINDEMNDDIKLLLNFFGIPYIQSPCEAEAQCSYLNNKNYCDAIISDDSDVLVFSGKTVIKNFFNKKKTVEVYEKKAIEEKLGLYQEELINISLLCGCDYTIGVHGIGIVNALEIIKAFPNFEDLKILKDIVSNPFRKIDKNMYNEEIQQFLNTHKNYKLNWIFPNNFPDREVYKCFKYPKVCTDIKKFEWHVPDIKSITKFLHKTTNISEEKVLNVLNPILQKYNVNVRTYQSKIEDFFPLLEKKRKTVDDLIDHIRANNKQKRQKNKTVHLDSKISPLIDINPAGIIKSKRMSSALDHIKRRKSSKKKK
MAL230,MAL,KNYHRPECGMIDLFGRVMCGTIKKGQSVRILGEGYTLNDDEDMITRVITHLWIYEGRYRIEVDEIPAGNFCLIGGIDICINKTCTITNVKIKTNKNKEDHVNLNWYDDLNDDDNNIVKYKNDKDIYNLDKSALLNDNENAEIFYPLHKKFRYLNCVNSVFKVACEPINPSELPKMLEGLRKIDKVYPLSSTKVEESGEHIILGTGELYLDCILHDLRKLYGDLEIKVSDPVVQFNETIIETSALNCFAETPNKKNKIYMIAEPVQKELGDDIVQGLVHLNEDQNLNVNEYISTMDRILNKNNESKRNIYDEKDDSHDDNDDGDNMENHMNGIENKKNIFKDKEQKDEHQINDLDKEKRKSTLNYNIDPNVISLLKNKYNWDILSIRSLWAFGPENNSPNILVDDSLFQETNKENLYSIKDNIIQGFSWATKEGPLIEESMKGVKVKILRADIDDDPINRGAGQIIPTARRAIYSSVLLATPRLLEPILLTEIICSGDSVSAVYNVLSRRRGHVLKDFPKVGTPLYMVHAYIPAIESFGFETDLRTHTSGQAFCISMFDHWHIVPGDPLDKSVILRPLEPAPIQHLAREFLLKTRRRKGLSEDVTINRFFDDPMLLNIKDEFSEYF
MAL224,MAL,MKKIYSIFFSLFILNLHIYIKNIKCNDLINYNDSNLRNGLLNNSLDLTNGLNNKDNSFIDSKIEEHENKSYQNKDNNISIVGQDVPITSVYSSKIINANDLEGNSIDDTKGLSVTNSGFDDGSAFGGGLPFSGYSPLQGNHNKCPDENFCKGIKNVLSCPPKNSTGRNGDWISVAVKESSTTNKGVLVPPRRTKLCLRNINKVWHRIKDEKNFKEEFVKVALGESNALMKHYKEKNLNALTAIKYGFSDMGDIIKGTDLIDYQITKNINRALDKILRNETSNDKIKKRVDWWEANKSAFWDAFMCGYKVHIGNKPCPEHDNMDRIPQYLRWFREWGTYVCSEYKNKFEDVIKLCNIQQFTNQDDSQLLEISKKDKCKEALKHYEEWVNRRRPEWKGQCDKFEKEKSKYEDTKSITAEKYLKEICSECDCKYKDLDNTFKEFKDNVTLLKAVIDNKKNQDSLTTTSLSTSINSVRDSSNLDQRGNITTSQGNSHRATVVQQVDQTNRLDNVNSVTQRGNNNYNNNLERGLGSGALPGTNIITEEKYSLELIKLTSKDEEDIIKHNEDVREEIEEQQEDIEEDEEELENEGEETKEEDDEEKNETNDTEDTDDTEDTEDIEEENKEKELSNQQQSEKKSISKVDEDSYRILSVSYKDNNEVKNVAESIVKKLFSLFNDNNNLETIFKGLTEDMTDLFQK
MAL223,MAL,MFVKNVLNVLRRIEGKSFKGRHYLNTSAIHFKIVKCKLFDIGEGISEVEITKWHKNEGDQVSEMESLLTVQSDKAAVDITSKYNGVLVKKYLNENDMLKVGSYFCEIDTDDDIIERDEEEVEKEENNKKEEDGESDLSLNDDISNNDYIKASPGVKRKAKEYKVNLNKVGDYFNKVNISLEDLELYYNNVVKNEYSNNINNNDMDIIEEVSLKGIKLAMCKSMNESLQVPLFHLNEMCIINNLIKMRKEYKEQQKNLQTKETNITITCILIKLISNVLKEFPILNSKFNFKTNTYTMYKNHNISIAVDTPHGLLVPNIKNVQNKNILDIQKDLLSLRDKANNMQLDKSDITNGTITVSNFGAISGTFATPIVFDNQACIIGIGKMEKKLLLKDESNNLNSLNDILVADTINFTFGADHRYIDGATLAQFSKMLKMNIENCASLGPLLE
MAL222,MAL,GGVSQERQINLACLQCPRLFMKSQNTEKVEEPLAWESREFIRKMIIGKNVSFCLEYTYNNRQFCSVFYEEQNLGILLLEKGYATLVSNKNVKSSVYADLEPYYVQAKERKVGIFGNNIKSYVRNIVYCYNDKNENKKVYDLFVNRRLKCVVEHIRDGANFRVYAEKEAANEKREVLVSTNNNNNNNNNNNSGEKNKKNKKNKNNNNNNNIDNTELNGMIEEDTGNSKKKMKNKNKKKTNEDENAESNLNPNEKYLTMYYFSFSLCGIIVDMFKKEMVDNEETVKEELYAMETKRFVESRLLNRDIEIEIKHIDNNFNLYANIYYKLGNICTLLLKSGYAYINEYTIKFVPNPIEYKKALDEAIQLRKKKWTNYTEKEIDYEKEYFSRVIEVLYGDVIIIDYKNEERRLYLASIKCEKHNNTDIKLNTLCLMAKDCLKSQIAGEQIKIVTEYVKTPQSNSDGYIPQCSDDKGRMHFVSIYKIQKKKNKNDKNKNHINDDVYDGLTNKWNEKKNTKGNTKRTLAHNNNNNNNNSNNSTSKLNNISKKKN
MAL218,MAL,YNVEDDNNKKDNDNKYNCNNNNNDDNKYDCNNNFYYDNKYDCNNNFYHDNKFNCNNNYYHNYHFVEEINQFPSFQIDTLYMKRKRAREVDTLYAYDFINLINISLNRSNKNRESHKICNYINSIKEFKLKSDMICYNSNSDNLKNHAMNIKSAHIPLEKKEEYLFEHFDNLSNYEIKIRKSLYLSDKLDIGQNKRSVVGLLLNIRTDEYEEGRDVIFIINDISTQGGSFSIFEDELFYGISSYAREKKIPRIYISCNSGARIGLYNFLMDKIRIEWKDEQKKELGYKYIYITQDVKEQIDKEDIIFLTEIIENNEKRYIIDAIVGNLKNPVGVENLRGSGLIAGETSKAYEEIFTLSYVTGRSVGIGAYLVRLGKRTIQKKGSSLLLTGFNALNKILGENVYVSNEQLGGVNIMMRNGISQVQVESDQEGMDKIIQWLSYVPRTSNDYYDLIQNIYKENNRKFLQNNNFLITNKQKTMNTYNNLFIHNNKNVSNSVDIKDNIKNQIDTNINTETNINVQDLNIIKKNGINTKSKQDENVYEKKDKVEEIYKDQNTYSTNNSKTSKPNDNSMSSYNFELLHINDMDYDHIDDSNIIDLIKGTQEEQGFLDKNTYFEYMNEWGKGIITGRGKLGSIPVGFIAVNKNLVTQSIPCDPALKTKAQKLIQAPCVFFPDNSFKTAQSIEDFNKENLPLFIFANWRGFSGGSMDMFYGILKFGSMIVNQLVNYKHPVFVYIPISAELRGGSWVVVDETLNSQIIEMYADVNSKGGILEPPGIVEVKFRYPDIRKLMHSIDTTIIALNEKMARCE
MAL572,MAL,MKVWGACFFVALLAGLIKKKVECIELSASEISPHENKSTSSSIFQEELKFDKSLKNFFKQNNKNEDEIERDNFFDENKNFIRGEILSDINSKFLVDILNNSTLNFLENLNSDNEGENKDYQIELEENCSPFYCEKIMKAKEIERLDDTSSSENVKNDDNKNMSGDNNNDNNNNMSGDNNNNMSGDNNNNMSGDNNNNMSGDDYVEGKQNINRNERNIERHNNNDNNNNNLVKNMNNMEEFYNNNYDNNTDDGVDALYLRSVDDGEDKQRIVLTDGNNVYILEEVTKNENNNSTMNKDENNINKITSVEQEIKMHVPSEQNYNEDNILESFMDYINLEDSLLNNIDDVTNIQTGRETNIRPHNNTNDHNNNTKDYNNNTNDEQNKQQSLFDDNIFNLSEEELSKKIFDDIKLNSEDKIECHNFSDNEDKCNSFKKCTYVNIDNKDTCFLDYNYMLFLKNNNCALQSKSSLLSISKDLLK
MAL565,MAL,MSQPQKQQNEEGAATAANTQEKKFNPTRNPSQSGPYRHHGPQGRTPYMQLHKNQNNNMVNKISNYLGIENKELVEFGLNLFTYIIAIFLALQIYDY
MAL201,MAL,MQNNKRMDNYNCRSFKKEEYYKNYYYNQDHYMNNNNNNLYNKYNSYDEEYTYNKSSNKKNLLFNYYNKESIGHKKKKASFVKAQYANNRIPSNNTKLNNMRDKINYNKMDYDYILTKKKKKRTSIEKNNKHNDMIGDVYYKIAYYLKKNRKYMQRILKKNYVIKIYLVRHMEALHNTEVIKNSTISRDMIYRNKDFFDCPASEEGKIKCEQLKSKDNKLYQKLIKLYNESVHGKDEQTGDINTNHQKYNTKNINNNHNNNNNNNNNNNHNNNNHNNNNHNNNNHNNNNHNNNNHNIYSNSLHNNQSYNNLRINEHAKGAFEKNNNFVIITSPLRRCLETTKYFLNFKKNIIVYEAVRETAGNYYSDQRSKTSDIKKFCDQNFEDYELICFGETDALSGNKFRETSEQVYCRCLQFLKLIHALAINYFASLEKINEQEEINNKNFENINSQTCTNDIDENVENEKLCSASQNDNSFENKGNKVINNLNNSGKVNEKKKKKAEMKDDNEKKEFDENNIKEEEEEEEYDNDDDFTVENNKYVDDEKMNDEMVKKPKNKKGVYNVVMVSHSSFIVHMLALLDYLDLD
MAL200,MAL,MAKLSLTINNVDDDLKRKIKKAKFEGVEDLKHKNKKLTISYNPKVVDSYGVIERIKHLDINGEILKDDNDISSKNGNSFTFSMYKEGVEENVVKKANIFDDNENMQNTNNYIDNNSNNCNNLYGINNRDNYDKLDCNGNNADNNFDQIYDMNNMVNNYTYPNGEDLYEQLDNAYDDKNYKDNYKNYETNHQKCEQNYKNYEAIHQKCEQNYKNYEANHQKCEQNYKNYESNHQNHEQNYKSYGDNYQNCNVSEKNENINSNYNSTNNKGDLYDINYYPNQVEKVEESEGVDENRKSSKFSVLNLFNNIKKSKDKKKMKKEIKKDYLNEDYNNLDKRILLSNDMYKNVENKNYNNSNDNYNSNNNYYYDYNEEKLKKKNFNFRDYESYRDKQNIYICELKIYNMTCDNCGKKIINFLKDKKLILEGNSFATDNKIKLKIDISSDIIHCNNNVKMFVNTIMNEIKESGFNNDLLDLYKDDKNRCNLSEITLYIYRDDIKKSYKLLKDIKGISNVEYDLKKEYIYFLYDPELVGIRYILEILKKKKNVDAYYDEDKEKYFRSSQNNETNNTWKLIELSICIIISIIIIVLNKYQMNMGSMNGFYSYTKKLFDNSNKIDTDNIKHPSIYHNIGNGTPVDQSTLDIYFENVTKGKTLNEYVHKQSRRDEKGTFFINSNFKFIKKNKDSPINRKWVDDDIKKGQILNGKKNKSIEYNNTINMLNDQIDAGHYNNQEGHKDYPLDNENNVSKYIECTNSENRRKNYLLNEKDDDDNNKEKNINNNDNNNDEKNDNFNNDYNKDDYYDDEHYDIIPIGDFRKSDISEKHPDNKKGDN
MAL543,MAL,MSRLFSFLFFCLIIVFFSSSFVFSRGNQISKCVFYDKRNKDLKQVFYVPTNDVNMYKETIRKLLSREISLLEEPLNENSDSHNMSNKKNVSNFEEIKKNDENNNRKRKEMEEKLKYIEKYRNYAKGVLKNVEFKCENVDDLKSKVKCNLCVYTEIVNNKHIRQGQIIQIFMNECMYGFYYYDNINQYTQNNEYNNKSLKDYNSTQKLDDIYFNITKDISEGNVNGINFFKQQSSKYHPVCYVTE
MAL542,MAL,VHLVLKCCPPPNEKYYNNTKEGTTEGTNIVSHMRENEKVERNEPIGENKRIENNDGVVENNQMNESGRNGSLDEDLNRDEREGINISNESNNRVSLGINNNEENTPMVISPLDGSDDRLYASPHFSIIPTFFLSDIFEILYLLYELDLFKSPNNETLMNYLDIDLFLAFSIFTMLSENHIKSIHLRCESAPKTFSFLYKLDNLKKVIEESELTKKYIIKSLTNVFIASQKGEYTERMQTRVRIVENFNSFFLNKTYVNQFTQLVINNNNLFVHLIHLLLNDVSFLVEEVVSYLSEIKRREENNKKKKDSQQENEQEANSNSYLNATTRNNRTSNGSSNSVANLNYSSLNNNNNNNNNNNNNNNNNNNNNSNNFNDSSFNSDNNSDDGEDGGMDYDLSNESMRNLAAKTKMIITYCYKSCIFLNLLCKNYPNNILTSNTILSQIVTCLNCYFDYLVGPKCLNIKVKNMEQYNFRPQLWLTSIVESYLFLLNSDKEHEELLIREIANEGRYYKAEIFNKAYYICKREGLLHKEELNKFKNFCQEIVDMKDEVELFNDVDDIPDNFLDPILQDIMLDPVLLPTSGIIIDRKNIERHLMSEPNDPFNRAPLSKEQLVPMPQLKEEIQNYINKLRQEKKKKKKKIDNIDFDVENEEFPNFHQEQNGEVQKNETSNM
MAL539,MAL,EERKERERIEKEKQEKERLEREKQEQLKKEALKKQEQERQEQQQKEEALKRQEQERLQKEEELKRQEQERLEREKQEQLQKEEELRKKEQEKQQQRNIQELEEQKKPEIINEALVKGDKILEGSDQRNMELSKPNVSMDNTNNSPISNSEITESDDIDNSENIHTSHMSDIESTQTSHRSNTHGQQISDIVEDQITHPSNIGGEKITHNDEISITGERNNISDVNDYSESSNIFENGDSTINTSTRNTSSTHDESHISPISNAYDHVVSDNKKSMDENIKDKLKIDESITTDEQIRLDDNSNIVRIDSTDQRDASSHGSSNRDDDEISHVGSDIHMDSVDIHDSIDTDENADHRHNVNSVDSLSSSDYTDTQKDFSSIIKDGGNKEGHAENESKEYESQTEQTHEEGIMNPNKYSISEVDGIKLNEEAKHKITEKLVDIYPSTYRTLDEPMETHGPNEKFHMFGSPYVTEEDYTEKHDYDKHEDFNNERYSNHNKMDDFVYNAGGVVCCVLFFASITFFSMDRSNKDECDFDMCEEVNNNDHLSNYADKEEIIEIVFDENEEKYF
MAL534,MAL,MSSKYDNQSFLSTGSDKYGEQENSVLLHDEEDEYINENKKKRNERDKKFRYYENFFNRRRSKKWNYFIIFFLGVCLGFAIWPFFMTIITYRLFYKDNFNNTNYRTNNSSTSLKSYGNEKNKKSDNNGKVPMKDQSPNKVSPHFKPIRFEEIAGIDESKLELLEVVDFIKNREKYHEMGARMPKGVLLVGPPGSGKTMLARAVATEANVPYIYTSGPEFIEIYVGQGAKRIRQLFAHARSVAPSIVFIDEIDAIGGKRSSGSVNGAGQREHDQTLNQLLVEMDGFSNTVHIMVIGATNRIDTLDSALLRPGRFDRIVYVPLPDINGRKKILEIYIKKIKSDLKLEDIEKIARLTPGFSGADLENVVNEATILATRNNKSLVTINELYEARDKVSMGPERKSLRQSDHQRRITAYHEAGHAIVAYFLQPKTDPIHKATIISRGNALGYVEQIPVDDRHNYFKSQMEAKLAVCMGGRTAEEIVFGKSETSSGASSDISRATEIAYKMVTEWGMSDKLGPLNYKKRMGDGYSSNRLSAQTVSSIEVEVKSLVEKGKSLSEEILRRHRKELDNLAFALLDKETLSGEEIKNIIDPNNSKNYSGKVEMLKNDTKKNEKKSNSVSKNKSTISEDYDKNQNNVEQNYQSHDHTLVKNEENLNNMKNDIDDNNTRDGQVNSDSFVKRKEVTDQDINGKELSEMDNKEIKENKKLDGEELNKIIIDNDKMGDMKKNIKEVIKKMKKKQSKGSYKTYKNVLKSVSEHKELKTQKKADENKIVADNNEKSSNNSLDKNNTQGSIDEKGYKNNNNNNNNMVKNINELFEENFPEYKKYDNENNDFVKTKENYFDNFNEVIDISHIKNVDEMKKFNIFEHNLNKLFLFDIFKSD
MAL528,MAL,MNILCILSYIYFFVIFYSLNLNNKNENFLVVRRLMNDEKGEGGFTSKNKENGNNNRNNENELKEEGSLPTKMNEKNSNSSDKQPNDISHDESKSNSNNSQNIQKEPEEKENSNPNLDSSENSSESATRSVDISEHNSNNPETKEENGEEPLDLEINENAEIGQEPPNRLHFD
MAL522,MAL,NESYNEENNINQKKDYISQSNSSHNSYYNEIHQGDSIDYNNNNINNDSAISNKLSICEKLSMDNKLSSISNNSNHQDILPNCFKNDEENIHKDKNRDEIINCNNTNVIETEYLNKICENDNYTNNYEENYKNNSFLNSNNSDIFNLPYRSYSSTVYSMDDCNDVNTFTDINCGFAAIRPPGHHCSRSHPSGFCIFNNISVACKYIFKKYGIRKVFIFDWDVHHDNGTQEIFYGDKDVLCFSIHRFDKKVEEKNKKKRHVNKKKKKKKYDIKKDDDNKKDDDNKKDDDNKKDGDNKKDDDNKIYGDNKIYDDNKKDDDNKIYGDNKKDDDNKIYGDNKIYGDNKISNLEKNLKYEKTSNNYKKYKRKNKKSRKRYEENLFYPRTGAKNELGEKEGYKFNINVPLEKGYNNCDVYYVFKYLLLPILEKFRPEFIFISCGFDASINDPLGKCNLTHNLYQWMTFQLKHFANIFCNGRIILVLEGGYNLNYLPKCALACIKALIKKNKSTTTDKEFIKKLYQNNVNNKETNILNNQKECISNQDSSKRFLDAHEEKKKKNDEKNVNRCDNMNDAQHIHGSNNINDAQHIHGNNSMNDAQHINDNNSINDAQHINGNNSMNDAQHINGNNSMNDAQHINGNNSMNDAQLINGSNNTNDMYDKHYLNNHNLDNNIDEKLKSNKTYESLVSTNCVQKNEFLNYPKNNFINKKNMSDHANFYKLKYSSYDKYENKDINYYFRRLHTNNNIVSRTKKLITSGLLHYSTYKVIKYFLNVLKGEPYHLDIELPTYNEFIKKKKLEGREINPERKIKI
MAL516,MAL,MSAFEELGLHSDLCAVLEKNGIDLPTAIQQESIPLTLGGGDLCACAETGTGKTLSFIFSSLQIVHELVRNIGNYEDVSIRKNNNNMENNNDSNISNIIDDNDKNKKSSYIKTINKNSKVIIKDNECICNNNNNNNSNNFLFEEVKVDCEITNGLYAYEIEILSKSYVNVGFCPSIKETLKYNYTYCSNGNKYNNNRQEHYGEYFSNNDIITCLINKNNNTISFKKNGKFLGNAFKIFYKYNDVAFFPYIWGKYFHIKLHFENLKYGDRSLHFNELCILLTSNCNDNDTLSDRKIFFSSENIRDEKNFKLEKANMQTHNYQNNNSIINEYTHNYNQQNFNNKKKLYCIVLCPTRDLAQQTYNNYLTYSECFNNPSINIGILVGGEQRNKGHHMNDDGSYNIVVGTCFKLIECIRKNSIKVNDIRLLILDEADELINNDEKTVLEIKDSCMKYGHRVQTLFFSATLQDKNVKDCINKITNKPIFVDLKYGKNSIPSHIYVCLYYVNDENSNLSYIIKENDNNNHNKEIYNILYNEKLYHMNTRELYEYTDKVHILNNSNSNLKKNDKEQISLNIKMNKLKKLVQIINVFNMQNGIIFCRTNLDCDNVYNFLNAVGDGKAYKGTVESLKENKYSCVILKGKMSNDERKNNLQAFKKGEVRFLICTDVAARGIDIQNLRYLIIMTLSDNINTFFHKIGRVGRDGKNSLCIVLSADNEQEEKVWFHTCPSRGINCYNRNLKENKGCTVYIKESDYIKTINDMLEVPIHVLDSKYYYAENVVDPLNYFKKHPVSNKSRRNKNQNANSIFQESSHIDVLSSFASNINSIKKLQSAISYKHYELLNFQI
MAL513,MAL,MKNNEDIRSNNNSFTCCLENDRVRKEILLTDICRNETYGSEKEMKENEESKENIKNNKNIEIKKKNMSVIQIHKFINKLKNTSITELEKNHLKLLQEDIKRLNISKYIGEILSYIFDLCYHVNKYSEIYLLIHIIKYIYETYKNVNEHIEKIIFLKFFKLEENDKNFFFIIFHDLYNNINDKENKYGINRTTKREDKKEHNKLHNNNNNDHDDDDNKDKNNNYEVKHNKGITNSYISNINNVSNIDNINNVSNIDNINNINVQDNKFKNSQNSENYFSGNGNNNQYENGYQNDDKNNDENEDEANIYNLSKFNKIKNDIFKKLTSSFMLKENEEKDNFIFEFDIFENQHSDIKLIKKLNVDKKVYIKEMFNNVNIMKNIEKKNKIRKILLCLYFELLFLKICNNKNLFLYMFINITFFFSLKFYPYIEEQNKITNCTSQEKKENNTILYGNNNNNNNNNNNNNNNNNNNNNNNNNNNNNGCDLLCNIKKCLLINTITTYDYFFNNTSSILIDESFFKSTSTCTKNDDIKNDDTKNDDIKNDDTKNDDIKNDDTKNDDIKNDDTKNDDIKNDDTKNDDIKNDDIITNDPPDENTNISLNMSSLLGNIKDMKVYITNFVSTFYYTSMYSSLVYFYAEHVINEYSNGNNYTNILYINNNINQNNTNNYSNNCNNNNNNNNNPLSNNYNNHNVIINNSNYHHISNSTQHNLFNKKHMLYKDEYDFFKIYERSKNICNLFKLTHIKLEDIQINAINILGLNIESYNHIKIFDHIKNKNEKDKEIIIDENNSVWINDEEKAFYTIFPDYSNINIFINEDDEEEDNQNENGYQNSVVHSDKIISTLTTNHTIMSSNTQNKSDVQKIKYSILKRETSKKDKVNLMNGLNITYSND
MAL511,MAL,LYSNGKQEDTDMKVVQASDGMITNNNMMIHNNNNSDFLHVQTKKIKDNNYYNMLLNVWPEQVKNIVRKHPGFDVALVSEEDYLNNINNEDDYYVDNEQNNDIFNYDDKNNNGHGYIFLILLNKNFFVDEFMKSSNYEQAKKNYFCDKIKEIMEDLEKLLDDLKHKYCPVDDNNNDNNNNHDDNHDDDNHDDDNHDDDDHDDNLPTERPVATFYNYLTDKSNYKKINPHVLGEIAGITKHLRCEDFPNISDRCVNNISIHHKYGGWFEFGGAIHLKNMNYVEPTYEQHDDIMKETFEEVILAQANCKCQSIGLWRDIPEKDMSEYRYPLNVFVLENPKYNLLNLQDIHPYLVVDILNKGLHAMKAYASGKMYNIVTPKDISNNNDEEDNMSNENNTTYAYLNDYHSDSTHVPDEDNEAQDEEDEKQEIEDDEEEKEDDEEEKEEETTSQPKDVDDNGPNDPFYDGTFNVLNKENVQTTSQPKDVDDNGPNDPFYDGTFNVLNKENVQTTSQPKDVDDNGPNDPFYDGTFNVLNKENVQTTSQPKDVDDNGPNDPFYDGTFNVLNKENVQTTSQPKDVDDNGPNDPFYDGTFNVLNKENVQTTSQPKDVDDNGPNDPFYDGTFNVLNNDIKENEQDADIIAQGSSGQTQEYIKDVENNVERNNENNIKKKNIDNNDNNDNNDDDDDDDDDDDSTNKNGNLLKGTISDNQVTSNFREKLFIFIILCLISVCLALLVSIAIKVYASVMKKKIGDKHDVVLSFKDREEIPVVSGIPAPWLSS
MAL507,MAL,GIHSGMTLYNIHRCICICLGVKKEDTDNYLHVFILNNGNIYGSGKKCSVSIIRKIQINTDRHITFKHIIKTPLYLYKSKEDKNKNNSNNNNNNNNSNNNNNSNNNNNSNSNSNSNNNTNSNSNSNSNSNNNTNSNNNSNSNSNNNNSNNNTTTNNSSSSNNSNNNNYYHNNYKNEKELNNSSSLEHSSIIMNNDNIHNNINNNHINNITDLNNMNVNQSNMKENNNIIDYMNNNNNNDNYSNNHLNNCINKLYTNNIYFTEDSQKRNPLQTYNTSKNTNNFLNVNNFTSSYNFPNINNMDSNIYNHTTCNNFNKNINNNINDISINKHNNIFNNMNHLNHLDNHSYIQNNLYKNHMNVNTNILYNNPIMNNINNDQINNLSIPNNKNEDNNEINHDDSNDDDSNSSHITLNKSDKNKNYFALNPKYQNHQNHNINNNIQNNLNEQIKEKNDQQNHNIKEIKNKELLNDTISSIEDTNDNSYSKYITSSDISQNNTLNSFQHNKEISVNFMYNNIILDNNNNINDDNNNNNNYFCIPCGYNTKEYKYNIYNTYNYPNNANHIYNNMNISYNNSAYNNNYVTYNNFHNSYHNNYILHNNFHNPYNIYDNIQNTEQKKLYNIYQNDERQNNSFNHINTDPHKVVNSNNFLPINTFHYNNNLNHNILTESNNLNRKNENDNIPSSYSQIHNHQICKKVEEYTYNSINQNTNNFNNNVMMLMNTSNNIPLDNNTYNSNKNKIIYKHIINDHINQKDNNVEYENLNNSCDNTQNKETFCNQDLINSSNINNNISSYTFQNNNDFYTKKKSMQYNHDNIYKINTTSENVGSPHTNNKTSIYNHKKGGYEQHTEQNNEQNNEQNSEQNIEQNIEQNIEQNVAQNVAQNVAQNVEQNVEQNVAQNVEQNVEQNVEQKAEQNSNNESIKTNTVETFKRNKNQITNSNN
MAL192,MAL,NNKSNHNNKNNNNNKNNNNNKNNNKNNNNNKDNNKNNSNDNNNINMDNNNKNNNNKIFDPKNISNPLHNYHKKKILLCDNLNVMGEAVYESVDTRTEDYKLKSSVIRKDNNSPFITVFELDINIGNFDIRLSNDDVEILLKASSTLFGDVPSSFTNIVVGPVIPPLTFIHKKIKNKFMQNNIYYISTNIKEETELFCGSDLQITSINILKKRRKKIIRKKEKKDARNRKEMERNDHNKIKNIRNDEINMNEKKSIVDCHIEEKKLDQKEYNEFSNKDEIYTDSSNMMEYVYYKKISDVSSSTNTLSYSNTSLSELHGEKNILYKRGMKYDDISDINNNSSSNNNNINNNNNNNQTNSYRDIKINIKLHNVMCTFIDNIRNSIVPILRMIFSMNISINLYTDECSYNISDLNSKLEYFNNCIGEWEPFLEKCNISLDIHNIFPNDEYDEDKEANKSPISIIKINSIKALWFNITPQLINLLFLFVPVFSEKVSNGLRKNAKKEIDHYNDKDNKYVSECIKNDILMEDMNNKLNVRNTSINKDIETSEQMNSLNDFSRCDSGSVELEYKNMSVKSKSIFEDCSSVFNSFPCDTDGKEANDFHLDDFLKKEENRSTYYNRIDNSVIYYVNLTSEYFYAFLMPESKIEEIMKRKKSVTMKNVYKSVNEADGTNMTIKSYKWDEKKKKVEKGFIQRENVTKANGMKGNDIKQNGIKQNEIKENIMMEHTLISSDDNSTHNEGNEDYISEEDLFNMIPDVYAKIITTNELISLDRLLINEIENNSLIEKKCLYLYLIPIPPTNVVNIVHDMFSNISKRDIVLDLMITKNPKKTIENLLIYNQHKEHIRIRRNSINSIWTENMMYDDNNKKKHIELYLKKMRMKAEEDGGNKVGTDNIHLLEDQNMYLLNKEMWNDYKNVKGIIKGEGKYTNSTISKTDHTSRSNNMDNNVKGNDNINGNHSDRESEKRQDMNQNNVNENILNVMVEGNNEVLDNEQRVDKSLNLYTKGCENDDANEDVN
MAL189,MAL,KYKYLESKDYDKLCKEVPKFFYLNITFRKKTDHSNNTYYNENNFKHVIDSNVLQLLIYPSFFFQNNLDNDLIIKSNGNLQKIKKKSIMFFGDVDNSKVILQIVYNNQIFLSKKIKINQVCLNKKIILTSKNKKENIFLSMNITLNGNIYNTKTITINNRYTIINNTNRTLYVQEVNKDFKIIKKKEKKYMTYSFSLENLQNQNNHSNDENMEKLYIPSSNDLTNIKRNYNQKEKNEKNEKKEKNENLNKITINKRSDLTYEHENDETKIMDTCEISDKKYTEKGMTKICEFNKKHIKYNKHKKYNDKKYNQKENNNNNNNTTSSNNSNSNSNSSNNRPNIISIKPYESFYYHPINTNKCFLTFSYTNIMECKNDKNFYRRRGSYEFTHTQNEITNLFNNYLKKKIMKSQNISIINDKEENINNNVHKNQEFYNLFYTSPIEIEKVGNYKIFHKTVHKIDVTYNNEKDATDDQPTYEDDIIQKEIKQQEKEIEEEIKREIEELEEHREKETIIVFSNLKDSYEKEMQKKKKDRHKKNNFLNINSDHINDKNIINSYKNEQTTEMIYIQHDYTDNIPADDEKKSSHNETILIDDLTLFNKNNKHSINERENKENIFNETVLTVDNNDTEHIKSDYVNIKGDCINIKGDCINIKGDYVNIKDNWVDIKDNCVNIKDNCVNIKDNCVNIKGNCVNTKEDSHNNYQQND
MAL183,MAL,MSLLTNYRGKNNNETMITERSVNNVNESDKVNNIKEMNNVNDMNNINNAEKIIEYNSINDLKYCKSIIDIVNYIITIGIWEMYTYEWVFNRKTFLYYHTLLEKYYFYDKNNNLTLFNEKSFFLYVCTFENNEFVSDFFFQRNKKKKELKLTSYTKTMQGRRKKQEDRYLVITDLTKYIDSNDYKTLYFYKKNPLYFYSIFDGHRGIKACEYCMSHIIKNIIYYFYNQNMEDDQSSTTINKLNSNDINISPDKRRKFDNVKNEDIPLGDSTININNINDMCNINNNINKCNENFNDLHIEGDNTNDNNYCMNNKTEEERKENLFINTTSKNDYFLKNISSVNHISNDNILNNIHTNKKDIENNTPIKNKDKRLIDSSYLNTISDDVEYRKKRKVEEMHIIKQNINNKNEYINLNISEECSNNIDQTHNNKKKKISDNSNSYEKLKFLDELTDEQIMEYIKLAFLKTDEQFLKVSKFPNHGCTIISLIIFRNKMFVANLGDCRAIGVVNISNTL
MAL175,MAL,GNFGYNGSSNSGAQFTDRCSRNLYCETLPINPYADSENPIVVSQVFGLPSEKPTFTLEGTPDIDHTNILGFNEKLMTDVNRYRYSNNYEAIPHTREFNPLIVDKVLFDYNEKVDNLGRSGGDIIKKMQTLWDEIMDINKRKYDFLKTKLQKTYSQYKVQYDMPKEVYESKWGQCLKLINQGGDNLEERLNTQFKNWYRQKYLNLEEYRRLTVLNQIAWKALSNQIQYTCRKIMNSNISSFKHISELKSLEQRAAKDAQEEMRKRAEKQKKKKSKRRGWLCCGGGDNETVEPQQEEPVQDVGEHQINEYGDILPSLKVSINNSAINYYDAVKDGKYLDDDSSDALYTDEDLLFDLEKQKYMDMLDGSEDESVEDNEEEHSGEANEEELSVDENVEEQNVDESGEQQSDDESGEHQSVNEIVEEQSVNEIVEEQTVDEIVEQETVDENVEEQAVDENEEQQTVDENVEQQTIDESQVQEEISTIQENIEEVVSEVQQDSEVDRTLHVPDTRFYDILGVGVNADMK
MAL170,MAL,SVMDSSRISVWKKEIGPSLNDVFLKKDLDKIKHGDDENKNNIYLNTINVNKKNINNNINNNNNNNISSSCSSSELVEKKEKYSDFICRDKFIFDMNITCFPNYMHKSSLNIKKKFDISDLIIEVRDARLPFTCTNDFIIDDLKKKLAINYNNNNKKKKRIIILNKVDLIPRRLALKAQSLIEEKTNTMCLLTSSKYNKNISKIRDICKEMKPKFKSFGLFAMLIGLPNVGKSSIINSFKDITYNLSKYGYKNNKIAFEVNRKRVKTNVLAGTTKMIDTYKVSNNPLLYLIDTPGIFLPKLEDKEISLKLSSIGNTLDYKYDHMYVGDYILFTLNKHKHYNYVKILGLDSPSNDIRFISNVISTKLNLCRNYKYLDINGGCRFFIDMFRLGLLGHVCLEPVPDKQDFITYLDFKSDEPLSINSKKYPTPFRGLL
MAL150,MAL,DILNLGSKKVECVQNMDHTQTNINNNMKKNNIKNNNNNNIVSCSEDEGKNKNHKNDENDIINNNNNNVISEMQEQNDLTFYSNNNLAKMFSSEEFSSKNIFLISYIEYIYILLLIIKEKKNTEKDRAICCIIRYIAFICKNINFFLFNSINTLPSTFMIKYYLYLNNVIHNIDMSNFFVAQRKKDPIEMETSVDHTDNHNNNDKNNNNFNNNNNFNNNNNFNNNNNFNNNCNSSISIRCEEKEKISSEGKEHNILCLSSEKRKEINVENEENIHTNKRSMININNKINPTYGLDLYDYDNNVEEEKNNNMNSHNLLSVGFFLNEKKKYYKLYHLFLNVYVKYEYKFEESNFYEGEEKEKRKNNNILQHDINGKHIFFESYSELKEYEIHPNPIIIEMIDVFHSDIYKYTSENKNNNNNNNNDDVDGEDNNNYDDHNNNNNVDKKIILYLLSIIKEHIKNKITWNVLYALKLIYNNFSFFFSYNFYNLHNKILDNLIYTLRNTSVYKIKILSSLALIHIPLYYNIQKNKLKDMWEAILINMSFFDEHVINDGLVIPNTQGIHNEMNTNTNINTNTNTNINTNINTNANTNNNINTNGSVNDNTGINSNLQNNNKAYNNNYISMSKKTEHKYKCTLKINICELLYICIYRSYIHANINTDVQIGNNNTHKINCYEAFKKYTHIFNINNDIHIYNMNHIFNNHIIYYSFYNKKKEKQYQHGDNIQNKININNKNIDNMYNINNVDNCSNDNIKKERQNCVNHMDNNYYDNNICDHLNKEKNFNIHDEEVLQFRIFLYHHLDKYHKVYKNLLSSNKNSIFLNLFMQLHEEIRHSLKGIINKK
MAL147,MAL,MKFYSPFVICFIILKVCLSKNINLNDEGKKKQSGLINENEDGKNNKSNNNKKVQHNKINRKGNNSVTKKTDEHKNDGDAENKKNGEHKNDGDGKNKKNGEHKNDGDGKNKKMDEHLYDIDGENKKNGEHLYDVDGENKKNGEHLYDIDGENKKNGEHLYDIDGENKKTDEHLYDVDGGKNNILEYNNIDQHNEFPESLENDNSYDKLFDDVELRDIIHNEKFFENLKNVNNNDVHNFLLVDKEMERRKEEEKKKSRKLEEDEEDDEDEEEDNDEKWKEENKNNSSSSSSSSSNNFNKNYDIYDNRDLYNYDNLVDITQEEHINVPNINDEINEGRKHDKEDFLIFEKRLNEAEDRNDSSDGDNKMEDLINNHFDDSGDNGSYENIQVKKELYNKNEKIIKGRDNNLNDGDIHMNKNNTSNKLNNNNNNNNNDNNMNSEMKYKTFKEEYEEQILSKPESIKYFFEVITEILIVIRLGLIYRYTNFLIPFKNFLISKTLENVEMVCVTFLSIHKFGREKYPDIYGFFLIILILYILKYVFKKMMY
MAL144,MAL,MNNNFNINVQMDEESVKKYEAEVNNYFAKLYTGDITVNTMLDILKGLSSSPKGSKNNDVYKCMLLVLFNECKFFPKYPPEELDITAKLFGKLIKNNLLMDYGNSLNIALMCILEAIRKENDIKMFNFGITALEQFEEYLLCYPSFLSSLLTMNNLRKYNPQYVTHYNDLLSILPEHIRSMPYIEPSIIIKIKQLYSMNTNKVNPTINNMQLINDEHTNYVSLNRNNNINNNINNNINNNMNNYHNNNNNINENIKIGLHMDRSNYNNENITLINDNTNTNNIIINNNNINNDIYNNNMNGYDINHDNINKRNNSINVVNVLDGILNNNINNDNLLSSINNMVPNYQQQVPNFSQHINNDISSNINDNIILKNKNMNNNINSNIFNTNHFPITNKNNISYNNNICNILNNENSNNNINNNENQLYLNKPYLNSTKDIINQYNKNVNILGTNNNIKRDINSKLTHGFNQNNLETNIPNVIDNSINMGIKEHVKNILDHKKDNMNNMNNMNNMNNMNNMNNMNNVNNVNNVNNMNNMNNMNNMNNMNNINNINNMNNMNNVQSVNIQHNNNNYNLIKAKEQSSDIIETFYDQIQKKLPNNLNANNINGFGLGQIECLMDATELTKNIILPSSIIIGEVFSIFNTLCLFNIDEKIKILKDFMQPDYFNWLAFYIVKSRASKEVNLHNVFLEFIDKLSYPLFIDTIISMTYDCILILFKYINELKEVSAFRTVLKNLGSWLGFITLGRNRPLKSKILDLKVVLFEAYDKGCLVCILPMVCKILESIKLSKNFKPPNPWTTAILCLLTEIHELPNVKTYIIFEVEVLFKNLSLNIQEFQNKTILLSKRMPPQNKKSDFVMSKN
MAL143,MAL,MKELESEEFPKEKYNIEDMEETEKENEIEKIMDENKETEQTEEGNTEEFVQEKELNQETLENEIIVDHIKEEEDTRNVKEQESVLEESPIEELPVENNIGKINEEVEEFILNEIPLEEQVPKELPQEEIEEIVVEELPIDEHLSSEETTVTEEDTFKGQLINEEKPVEEKSVSEEIPVEEKSVSEEIPVEEKSVSEEIPVEEKSVSEEIPVEEKNVSEEIPVEEKNVSEEIPVEEKNVSEEIPVEEENVSEEIPEGGIAIEDVPVDEETVTEEITVDEKIYDKLPNEIETVNEEMPVEDETLTEQISSEHERVPEEIIEEKPFTEGEETESLTDEIVEEGVVTDDIPEEQIITEKVQEEEEFVTGELSEEDIINEKVQEEDESVTEELPEEDIINEKVQEEEESAYQEIVQDGSVTKDVEYKELVNDDVRDKENFVIEEDPFKGQLINEGLPVEEEFVTKELPVKEESVFEELTEEDQSVTKEIPVEEHSVFKEVDEIESVTDEIVEEEGSVNEEVEEEVSVSGEVDETEYVTEEVEETELVNEEVLKEEGSASEKVVKEEGSASEKIVEEEGSVTEETASEEIVEEEGSVTEESSSEEIVEDEGSVTEESSSEEIVEEEGSVIEESASEVIVEDEVSASKEIVEDEASVTEEVVEEEGAVSDEVQVTESVEDEIINQGIVDEVIVEQEASVTDEIVKEDESVIEEIAVEETVTEVVEETKPMDEEIVDQGSVVENVEEKKTMDEEIVDQGSVVENVEEKKTMDEEIGDQGSVAEKVEEEELVTEEVIEREGSINEDIVKEASITEEVEQIEPVTGKVEKIESITDEIKEQLVPEDIKEEQLDFEEIVAQRASVNDEKVEVASITEEVEEEEKSVSEEVLEEEGSTTEKVVKGSSTEVVVEEQGSVTENLLEEESASQGIVEKEEFVDEEDSVK
MAL138,MAL,ISNHKSISNHKSISNHKSISNHKGKNNHKSKDNHKSKNNHKSKDNHKSKDNHDSDKNEEDIENDEDTLHIIDGETNTNLSSDVSEDDSSNTDSEDDSSNTDSEDSGKDNFDENNFSLPYFIFVLRDVNKEEFSKMNLQNDSLFNEEDSNMNGNVNGNMNGNVNGNMNGNVNGNVNGNMNGNMNGNMNGNVNGNMNGNMNGNMNGNMNGNVNGNVNGNVNGNVNGNVNGNVNGNVNGNINENMNNLFNDCMYYNQHSNNEHDNNVNGNNNINSNNNNNNGNNFHYSYDNYSYDSLARQYLDSLINMINDDVTQKKVQCMLKLLTRKNIFMLPSLYTNDNDYIINEEYMKELSKIKKELYIQGKTIDNMYKNNGTYIYKYISMLLYTTNNDIFYTPKQLQKKIENFECKMLYNVLIDNFLLHIRKKIEKKLPMKPNMFLTLINDLKIEFILTFEKFAIGNIKIKKKYKNQLYSDMDVIILKAYKENIAFSCFSFYNIIDQRINTLQIYEKINNFKYENFSQLQIDLDLINDEKVDNLIYNEILGIKKEEIFTHFINVYHDNEKETTDLFYNTDLADNKQKKSYALPKEKKSLTHANSRTHENNDNNKYNNNNSNNNDTSDTLSDTDNNKKYEYQKSKKISSTYLGIDKNNNNNNNNNNNNNLNNYGNPLLYGNSMKKSKTKYEGKFVKYEDTINQDKDTDDISFKEFEQSNEKKSSKINTYNNNSYRRKSTNEMYVNADDSYFYQTKTKLPSKSNYINNNNNNNNNNNNNNYNNNNNINRSMSSSKKQYHKFKSDLGLIYARKKKVHKYNHVPKKYYSVDYSNENNEYIHKNSVLYENVNSSELFPEEGVDIYTDDDNIQDEYDQEVNYNALQQNNKYLSSNSRLYSKNDKLGNHSKSNISRNISNSDMEMVNLKENDDDEEVEENDEDDDDDNNNKIAFIKKKVSSNLSNIKDKLTFHEKNYSESKKSSQTISRKKTRMSCLPKKKSSK
MAL136,MAL,LDVSLINKKVYFINNINELITYIKKIMDELFFIQNDKYSKHIYNEIYKLSKQLLNFKNTLVVIKKIQTYYINTLQKYKNNEIKKCTNDSEYFSSLINTYKYHCEEFFIYPQINKHLEKNYDIQYFYNLLKQLEELITTVNLYILNKRKEFFSFYLLNDENFLNIYLNIKDIKTLNKYIQHIIPSIKKLIYQNEIICGVLSKDNQRIIFKEQIKYKKLEFLLNQINLEIKNWVLKNIQNVLQNEIIQKKDINYINNDDNNKNNKDNKKFESSLSFYPLKEDTYLIFLKITNMQILFIILNIYFTYIMDIFIKNVQKNKYIIYILSQNVIHLVQKIYNTNLYLENEDDNVSVDNILTNEQKTLNHINIINNNNNKNNNNNNKNNNKNNNDDIYNNNDDIYNNNDDIYNNNNHIYNNNNNGVYINKHLIFILLFFMNMKQKLLSILNNDHSKNISLNHFNYLEIDKHYFKNNDYIIEFFHHNIKYKYELLNNYNYTLDIIYHEKKYSFLLYKYLSNHFITLYSNNSYSINYTKNFSILLGFHYFLINNINLNKNDILNFISCSVSSNVSLFFYKVDKYKPHILSILNKQLSIINYHIQNKKKQIIINNQELNLNKRNLIYLSISKDYSPPISLYFSNNHNNINSKFNFSYTIYQSSKPFPLSIFYLIYFSFGYLNPDLLSQATYKTYLYLKKH
MAL135,MAL,MVPPVRSPRAAGPAPAPASASTTYGSVKDLLEDIGKSIQKQAKDAAEKRSNGELQGDLSKARFKDQKNTTTNPCQLNYRNHSNVRSSFENDNPCYGREEKRFSDSRSGQCTYNRIKDSKEGDNKVGACAPYRRLHICDHNLENINDYKNINNHTLLVDVCLSAKHEGEMIANKLKEYDKSNYESRICTVLARSFADIGDIVRGKDLYLGDQQEKLYLENNLKKIFAKIHENLNDKIKSNYNDSEGNYFKLREDWWTANRDQVWKAITCNAPKDANYFEYNSGKFFKFSNDQCGHNNGGAPPTNLDYVPQFVRWFEEWADDFCRIRKHKLKNIKDVCRNESKPLYCSLNGYDCTKTSWKNDFESREHYCTPCFSACSLYKIWVANQKKEFEKQKKKYEKEIPKYVSKKVKTNSTINNYYYYDFYEKLQKNEYGNIDAFLNLLKEGKYCKENLPEEEVINFTKHDEKKTFSLSNYCVVCPDCGVEYKNGRYTAKDQKYPDCRNEKYDPNNAETTDITVLYSGDVGDFSEKLQDFCNDINNGKVKNYQIWQCYYENSEINKCQMTPSSHKVPKHGYIMSFFAFFDLWVKNLLIDTINWKNELTNCINNTNVTDCKNDCNTNCKCFENWAKTKEKEWENVKTIYKNENRNTNNYYKKLNDLFKGYFFHVMYELNNEEAKWNKLMKNLRTKIDSSRKNAGNEDSEGAIKVLFDHLKDIAERCIDNNSIKPCNSHPKPTPNPCGKNNNGGKLVRVKRPAELKQQKAHIQLEKRGGESNLKGDATRGTYNLGCQGDQLDATFCNIDEKYSNRIPRKSEGPCYGKNPQRFYTGKDWTHVVQEKTSYKDVFLPPRREHMCTSNLENLNLN
MAL134,MAL,MKSNIIFYFSFFFVYLYYVSCNQSTHSTPVNNEEDQEELYIKNKKLEKLKNIVSGDFVGNYKNNEELLNKKIEELQNSKEKNVHVLINGNSIIDEIEKNEENDDNEENNDDDNTYELDMNDDTFLGQNNDSHFENVDDDAVENEQEDENKEKSESFPLFQNLGLFGKNVLSKVKAQSETDTQSKNEQEISTQGQEVQKPAQGGESTFQKDLDKKLYNLGDVFNHVVDISNKKNKINLDEYGKKYTDFKKEYEDFVLNSKEYDIIKNLIIMFGQEDNKSKNGKTDIVSEAKHMTEIFIKLFKDKEYHEQFKNYIYGVYSYAKQNSHLSEKKIKPEEEYKKFLEYSFNLLNTM
MAL132,MAL,NNLICNSSSDIMLLNNNYRNTFSMNPNLNNVNNKIFKNIDLYKSTNKNILNTNDVHQKSSSVSKKLTNPNIMKDNHLNTISNYLSNDPNINHMYTKSGSVNNNNNINNNNNNINNNNNINNNNNNTFILNNSMDMYQVDNNIYNNMYVNKNMDISNMMNNNENFTKCNNNSNEEMCVKDVKFSNKKKDKLNEIDFKNNIPKSSNNYNINKTKFSVNNKNETSYKLMDMKNGKLVHNKEMIYYENVMKDSYASSSPSMNNINVKGSYMDSSLFKNMALNNNLEKLKMNEYNNNNNNNNINNNNSGSNNNQYSNSKNNMMLPPSVVCSPYIVGNNEMSMKNHMMYQENANNPMNNNNNNNINININNNNYNNNININNNSVVFNEILNDEILNILKKNLIISPNIQLIKIHPKFKALIYLAFDSSIKEVITSIVDRFVLIGCITTRELVKKDFANESKETIMHKVSLLMATSISSSLVLVSCKKPLKNMLIQNLRNIIEQNFPERNPNLIIVDDFIKTLINDNINLLYLIIEQVAIEKSSIEIEEIMKPIYASRKYARINKLNINDNTTNRYYNALPSFLKAHNITLKHIQVYKNFMNLKIFKKLQQKLLSNNNNMEQGNQEYENENAQMNYPNKRNMDNNPSNQFDQKVGADFNDYNNNVKRESQIEYHNNNNNNINNGNNQDNGLIKIIKRDDAPKDDNNNNNNNNNEKTNSKFMDDNKFYHDNNIMDNNEDNNHNLVTSHHKNLSKINTVNNNGLNFIPCKNNSIKENSNFHIGNYNYINSNNNVINFMNNNNLYNSCNFNYMYNNKNSFNFNYNKSDTNFNTNRYVNVDNVNTGNNMRMYNSSRNMVDTQVGNMQVIQNNNNSSGNMDTGIYDHIHDKNNGNSIENSNGKICNIKNISNI
MAL131,MAL,LKDSTNGEFTKKVKKQLKDYYEMRFDKKVINLPFSTDSINIQQRGFHDYSKDMKLKKNHMNKPLWICSDGFIYLEMFNSCSKQASDFLITIAEPICRPELIHEFQLTIFSLYAAISVGITLDELLINLDKFSKNVLPNELISNITKSAESFGKVKLVLRENKYYIEATNKSELDYLLNNDTIQNARIYSTDNNNDKNMISLYNLNNRHRDNNKNDNKNNNDDNNNIDKTTSNLLNEDQKGKDCYVTYEAPVLDTTQLG
MAL487,MAL,MMERGRSNYRRNNENNNFREGNIKNETGDDNHFWTNIDNYYFCNFDKSIISAFENHIKCTDYICNKIKKRKINKKLFKNINCYKSSVKIKLNGNDKNEHNNKKLVCAGTNMQYDNYMKFNENNMNNVNNVSNMNNKNNMNNMNNMNNMNNMNNMNNMNNMINMNNMNNMINMNNVNHMNNINHMNNLNRMNNINHMNNINHMNNINHMNNINHMNNINHMNNIKTSENYNISNNNNKCIQNNNINDKILNNQIQNVMTFDDKKSILEFMPMAKNELLLNTLHHLNLRNEHPTNPFPNMYRNPNYFNKDENYMFLKNQGPINNLNNNVLPNNNNLNNLNTHVNNQMVENNNKTMPIPLNNLNAYTTNNNDNNNKNNILLNNNEHNNNPVGGTNKLSDKNLEFLQIEELHNKEGNKNTNDQQVILKEEERDIQVNSNNEKTTNEENILLNDLQKNTNNNETSNDTTPFKDVNDDINILKEENEKENVISNKINSINLAHSTIQNDNERINNEDNKNKENVTIQDNYSNNNNNNNINRGCVLNKNQNNINSMNNINNNNNNNNNNNMNNFNNFHLNQNVPNNDMFKQPLLFNKPNMMNMHAYHMNNMNPSEPPFFNGPIINNNKQSVQGYINPMNHNMVNMYNSFNPNMRNDIMNKHMMITPNNLNINDDKNMTTDIDKTGYTCPSNMLPYDNMLINNQFRVKDPHAFMRKSHETRIRKFNENDIKDDNNDDNNNNNNNNVNLDKYKRSTRSSKYDDNFFNPFLNKKYDGLGKLPYIQNKPIPNGLHISIYIPQSYDFTDEVKDQDIKTYEDTNKNNDKVNTICDEIKNTEHTDHEKDRKSVSFEQEKSELISNEEYIYERETLARLLTEITFGDKKNLFNPKMTSENKEKCYNTILNELKTYKSLPIILGNILPYWTKDKNIKKIKKSIEKMNKRKKKVDNPQKYPNLFYKIKNLKRNNDKLKYIHISNINKKIKRAMMN
MAL484,MAL,VKKYDEIKCLKESVDIGLKKLNEAAMDVQKMRESLTSEEEKLKESDEQMNILLEKVKDESLKAEKQSVEVSKFRDKCIKEKDLILKDQEEADKDLKAALPYLHEAEEAIKSITGKDITELKSMKTPSDIIRIVFDGVLILLQGKLKEPKIDVKYVNKQHIDFIQDSFDEYAKPLMADIRFLNLLFDFSKNEKDNINEETIELLKPYIQSTFFKTQIAKKASVAAEGLCKWVGAMAMYNQASKIVKPKMSYLKIQTGRLEDALKQLAEAEDSLLKAQLFVENLNLDIENMFKKKKALEETALKTKQRIEQANKLINGLSSEKDRWTDDSNNFSNIKKKIVGDVFICSSFITYCGMFNTEFRNYLMNDVFYNYTKNIKNIPVSSNIDIIKYVLSSDDTKICDWSVQKLPNDKLSIENALICENSNKYVLLIDPQCQASNWIKNKEFQNDLSNQRCITTFNSTKFKDNLEYCLSEGKTLLIENVEEYIDPILDSVLEKQIIKKGKKNYILIENNLINFDEKFNLFMTTNIPNPNYSPEIYARCCVIDFTVTVKGLEDQLLGRVLTEEQKHLEITLKNIMIELKDNTKSLQDLDKQLLYKLNTSSSNLIEDEELIEVLNNTKLLSKELESKLKDSNEKKKEINEKREQYRSVALRGSILYFCIVDITNVNYIYNTSLHQFLEQFDLSIKKAEKGQHIKKRVESILYTLTNLIISYMERCLFDHHKIIFKLLISLKILLYDNIISNKDISFFLNPLSHYSPSNDMNNEMTNTNMLNDPMGVLKNKKNKKNNKEMINNNNNMSIAINAVINNTMDSSSMNNDTMNVYLGTNENDKNKKDTNTSDVMSSSSSTKTGSRTTTTTTTTTTTNNNNNNNNNNNMDGNSSNNAGDINSCKN
MAL120,MAL,STEGLEEVSSTEGLEEVSNTEDVEEVSSTEDVEEGSVAENVKETKSITEEVSVEEDIITDKVSVEQEVMAEASVEENILTEVPVEEEIMTEKLSVEDKALNEKIMSEEEIVIEDGNVHEVVPAEVSVTEEIPGVEETTNNESHVKGENVVNEVVVDDNSVNDEIQFDDDSSIEIYTVDSKDVFHKEENYDSFREEVRSDENIHIFRKKNENFVKKIENEKSSVGHVPTEYTSKENIAEEVPSHIMFKENVTEEVPKEVKYEENTVEEVFEEVTSKENIIEEAPGDINSEENIIEEVPEVVTSEEIVVQNDVNNINTNIDHMFDFDLDDILKIPEAQRKLNKLRTLVDVHLDVIEKMQRDEWKKNKRDFLYICLKEINKLSEDTLMKFYGSDSNKSANDNDTVMVIKILKDKWGTGRIVDTIANSLNKSYNSLYHNLYIEMEKDLLINKTETFNKWSKQHWNKLDNWKEEKWFKLFKRDLKIDMRNTYESDQNDEENNEESMNELSDELIKNNTSDNMRNEQKTLEKNKEYSNLSKDLGLIEKQKIIWKSWIVKNVNNIENWFDEMWFKNVVNELKEKNDVSNVLQENASEASVENYISDVEDSKDMTNSINDSEKSKIVASSSKTTNEEYIILSRKDLIYNIIVMVHMMVLDQFKYDELKYAKKRFLNRSIDKFIKEKKIKDKETVLDYYIDDIIKRIVEDTSHVNNIKEKAIDHYTSHDWFRLLRQGNKAQNSISQEVDILTEKYKKLISEEDNKKENNNNNDDEVKPELKDNIKCEENVSFNILRRSNKKDQLPLEEKKNKNGDLNNTLTESDGKKININEAIEESKNGNEDKNSGNMEKSRKPRDRRTERKEKDQDLRVQLLQDYENIFEQIQNMENQNKDKNKKETKNILKTSIDLDKNLLREYKKEKNIINQSEKEFSVNEN
MAL476,MAL,MNNEIVNSTIDGVLNTKLHIQNIPPHITDVHLRSLLGNVGFIKDICYFNKSKKQMNNNNFANKKIYNTALVTFNTHEEALNVLKNIKNLIDTSGEERNIDAKFAVPNVSINNNNNNNNSNTFFQKNNMNNTNFSQGSTNYGSNYNSENFQGNNNMNNYNFYNNNSSNNNNNNQTNTQNNFMNRNMKNKNMNNNNNNNNSNNNMMMNMNFNNNQQMNNNPMLNQNNFMLNNNNNYNNNAKNVNDMYRDGEMSPNHLNNNNNNINNNNNNNNNNNNNNNNNVMFRQNNSHLAQMYQANDNSLEDVENVDGLSLWEMYKDKNNNIFYYNNLTKHSQWHKPVHPNKLFQYNNNEKTKQNGPSGSNLFIFHIPSEWTDLDLFQHFCCFGNIISSKIQRDSTGRNSGFGFVSYDNVISAQHAIQFMNGYFVNNKYLKVQLKKGETVENTNS
MAL475,MAL,MMRKLAILSVSSFLFVEALFQEYQCYGSSSNTRVLNELNYDNAGTNLYNELEMNYYGKQENWYSLKKNSRSLGENDDGNNEDNEKLRKPKHKKLKQPADGNPDPNANPNVDPNANPNVDPNANPNVDPNANPNANPNANPNANPNANPNANPNANPNANPNANPNANPNANPNANPNANPNANPNANPNANPNANPNVDPNANPNANPNANPNANPNANPNANPNANPNANPNANPNANPNANPNANPNANPNANPNANPNANPNANPNANPNKNNQGNGQGHNMPNDPNRNVDENANANSAVKNNNNEEPSDKHIKEYLNKIQNSLSTEWSPCSVTCGNGIQVRIKPGSANKPKDELDYANDIEKKICKMEKCSSVFNVVNSSIGLIMVLSFLFLN
MAL111,MAL,DKRNYNICLLCEIPRMYYIFYLKDLRLFLEYLDDGILNVFISKSYKKVVQAAQTKYFLFNFTFMDPIVIIPEDKNMIYNYKGEVKNVSRYFKSSTSNNNTKENEDTNDIAKRSSKEYILSNEKKDTKTEACNNYNNVNNKNIHNTNFDCDMKSNYDKNSIGRNTYNSNNIPYIESYLQFHLSKLKLKNSYTLKCTEEIRVAQRRQMILKKKKYKGRSEKEKINKNKYENESFIRSDIVSKEQLRPLERKRNSVNNDLVKLDFTLYIDILDIESKACENGGSSNIEGEILHKVNLGFCLINARNGIFIYLNGNDLCLDLTVFQLAFLLDIINENFCYKGYFPMCFICDKDVSLDSMINSEWFKKGYMNFNNFNNRKEMKGKTNDNKKEDIMNNINNINNINNNNNNNINNINNNNNNNNNNNNNKVNNYEIGDGAINNNVYDSDRTIDKEMDHGKNKLDMSMNQEKKSDSLTNDKLIIKDSKENVTKKTGLKLYVYINFESLKIKTAFDTNTPVAIITFQYISMSFRLVLLDFYYVYFFDLHGNSLYIDDARKNSINYYKRVAYCCIENEKKKFKRENKKAHELYKNVYNEEAYNDTLNKSNVYEYNNVERNSYQINRENKIYDNNGSHFYNNKDVQDEYDEKVQKLHNNSSNNISVTTQSDIKDYKNLLIYMFENNVFLNEKKKRKKQKGIKIKINSFIEDLLLNIELDDAYICFFFLIFIDIYKFLTTGFNLSTLHLYPKPSPYIVSYKNENKKKKIKGHEYVENSESKSIHRKKKVVCSKTEEEKHIKEQISIRCTRSQYKNTSNENKNKNINNNNNNNNNNSNNKSSINCKENTSINIEENVFKRERIHYDEEIIEQNVQLINEEDNEKHWVQKKKKIIRRSSVLEQSKYIKGKLKEQKNKIITNINEVLKLDNKPFHVSFKVNNGNFIIFTDVEKVSHPIIMWSNNFVFSFSLFNKCIVFRKIYAIDSKVKRINYVSSSHVHYKYDTIKKRNNKSNHNNKNNNNNKNNN
MAL472,MAL,YDDKMTDLTEEQKETLKKLKLYQKEYYDYESKFEYELFLLRQKYHDLYGPIYDKRREALVGNGEAKIGTPNLPEFWLRALRNNNTVSHVIEDHDEEILVYLNDIRCDYIKKNKEKKEGFILSFYFATNPFFSNSVLTKTYHMKCVDCDNEPVLLHTEATVIDWYDNKNILKKNVVKKQHNKNSREVKTVQQTVNRDSFFHFFTSHKVPNSNVIKQLSKHEVAQLEMIIEGDYEVALTIKERIIPYAVDYYLGIIIESESNSIVSDVDSSYSSSENNSNYNSYESNNSAYNDENSNVDTNEYDDNEEEEEGAKSNEDPLTS
MAL106,MAL,FGQHIQGVQFMNPNMNNDMNSNMNNINNNQMFLNNNQNNAHVHMVNNMNLNPSGNNSFFNNSNKHLNMMTMSSKNKKNAILKNTENNEFENIKRVHSNSSNYNNNNNNNSDSNNKKSIKMNSNENNNTTTTIIKNIRVENIKFNESVNLKNIDGLDLSTNFVNGKYISKLNNDEKIYNVVHSIVKDSLKDCLVDFYNNANYIFKDKLDFVCNSNTPTCNNINDLEDNKKDDGHVDKQNYSLEKKDNEEHTNNNSDPIMDGVELDVKKISEKKEDQIEKDKPKNDNTKNDNTKEDKNQNDDNKTNTSIPKTPKNEVKNVITSSLLSSFNIFSAFSNSNTPNSKKNKYDEEEEKEEKEEEEENNKCNDKDDEDKNKSPQNEDNKNITNDNNDNNNNNVDKENNLKESIDNLGNVDTDNNIKRDVLNYNNIEENEQSREYILIEITKSICSIINLQQLMPVNTRLANPNLIYDPNYETIYSKWKTFLRKEQSSGNLISNCFSRDFLHTILLCNYVTIIEDLRKTAVKKKLKYFFLHLCLESGISINVALMLFINATKQSDKLQ
MAL100,MAL,MKRISPLNTLFYLSLFFSYTFKGLKCTRIYKIGTKALPCSECHDVFDCTGCLFEEKESSHVIPLKLNKKNPNDHKKLQKHHESLKLGDVKYYVNRGEGISGSLGTSSGNTLDDMDLINEEINKKRTNAQLDEKNFLDFTTYNKNKAQDISDHLSDIQKHVYEQDAQKGNKNFTNNENNSDNENNSDNENNSDNENNLDNENNLDNENNSDNSSIEKNFIALENKNATVEQTKENIFLVPLKHLRDSQFVGELLVGTPPQTVYPIFDTGSTNVWVVTTACEEESCKKVRRYDPNKSKTFRRSFIEKNLHIVFGSGSISGSVGTDTFMLGKHLVRNQTFGLVESESNNNKNGGDNIFDYISFEGIVGLGFPGMLSAGNIPFFDNLLKQNPNVDPQFSFYISPYDGKSTLIIGGISKSFYEGDIYMLPVLKESYWEVKLDELYIGKERICCDEESYVIFDTGTSYNTMPSSQMKTFLNLIHSTACTEQNYKDILKSYPIIKYVFGELIIELHPEEYMILNDDVCMPAYMQIDVPSERNHAYLLGSLSFMRNFFTVFVRGTESRPSMVGVARAKSKN
MAL449,MAL,MEDNNMNNEQKFNPNMLGMENNVSQEPAAETVVVEPKKKVGRPRGASSNNKVIKKEEKVSTSSSGYPGVSWNKRMCAWLAFFYDGASRRSRTFHPKHFNMDKEKARLAAVEFMKTVENNGRKKSGKGKGGRSKSKQLNDEHFNALHNSDLGNSMNGMNAHNNLHMQLMSMNPAFYMQSLNRNFNMSANERNNMFNSLNNHSGLSGPLKNMQDHNELYMQNQVFNNMHLLNNSNSSLNNNRNNNSNNNNNSSNSHNNSSNNLHYLNELIFNSNLFHGNNMGYHEGNVNTGVSDLLNLDDNVGLHNKDVENLMNVLFRQNYNMNMNISNIDKHYLQGSNILMNGPQGNNNNMNNSNSNNNNNSGSNNNSNNNNNNNNTNNNNNSGSNNNSNNNNNMNNNKNNNNNNNNSNSGNSNSSQNQHMYLSSHNNDIFENNNNNSNSGNNDSNNNNQSNISNFYDYNFDLYRGNVSPNIMDMVHRMNNNMKDGKNLDSLNDDIGNDLNFRLHENSAWINQLRQSHNNLCNNINNNHCDLCHTTSPDHSLKGQMELSKRKKTTSNINNRKNDLLEDSVNSFDLNMPCSCSSHLRNQKNHFCVYYNQSNSSSQNENYKNYLNWNPNSNNNLINNSIDKNDTPLDNSNGNSGRNLGDSNLLCISQNNNGTSSQSTNPKHLSQTIDMNQKQSSHTSQYSNNPNLQDIQNQFSYQNQPNINMDMHSQLNLIKQNCNYSPKCINNNKKKSTTGTSKDSTRKLLSSHSLSMPLEQQHQSSKKNNLSSSFIENNLCTKLNSIINFEWINNDLKMNLNGNKSNSYDNSES
MAL448,MAL,MFESLVEKLLNKFLAPYVEGIERNLHLGVWSGNIVLENLKLKPQITEILDLSFKIIHGNIGRINIQIPWSSLGKNPVCVLIKNVHIYIKPRCYKKSEEVIIEELRKAKMHRLQLLEEEISLIKLQKNNEKSSEKSTLIFKLLNKIINNIQIDIQDILIHFEDPDKNFSIGFILKSSSVKNCQNNDEMSTQANSNAENKTLNHIIEFKGLCIYSNSDIKSRTKKKIRKKNKKRSKDMVEILEDDKNKDNVKNSSNGKNISEMKYEKSELSLSNEKFPNMNKTDTEDMEIFDISSKIKDSVYNNLDSNDNNINSNDNNINNNDNNLNNNHNKLNNNDNNINNNDNNINNNNNNLNNNDNNLNNNNNNLNNNDNNLNNNDNNLNNNDQNKDTHDYSKLSSCDSSTQDDYLKTTLNRISSFLKEEENIILHNYNFEYLIKPFDLVLPVEQSSNKKELKAKLEISDKWEGITLTKTQITKIIEIMNEANKSRNQTNKLLLKHAWTVRLDIESLRNETKNEFINLYNKVLGEEYNISNTELSAQEINRLQILYDVVGVRHLAKWRLHCRTTLEKFIEEKNLKKKFLYDSIYKQQSWWSWVTGNKKEIENKVQNILNSEQDIINENELFMIQEAMTNDDNYDVVMPSKYDFQFKLANFSINVYDDCKKRIIDNRNVNNHHNNHNNNNNNNNIYIRGVSNKSEVTNNRQHIKEDKLNFNDIIKDELSINSSCETLLTSSINLSSTDSKLNKRRVRYERVNILSINFYQIYSSLSLQSVVDHNDHDNFQWKFIIELQNFIAKHKNKVFMEFRNNKNSFPYNMNTSGSLYKNSIFYSLLYSQTVCAYLEINHLVTEKGNTLSTILRLNPLELYLSPLLIKSILSFTFPLLDIINKSHKTAMKKYKSKNVSLSVEKQKQKEETSPGVIKKKESISGTRKRSNKNKKSHHEIGSIKKDVNNEENDTIKQDDHKNMNADSNKNNDNNYDNNDECDDNNDECGEYNDEDDEDKNNDNEDNNNDDDEE
MAL447,MAL,MASLNKKNIVKILERCVKNTLLSEKSRSLCTSKINRNRASGDIIGIDLGTTNSCVAIMEGKQGKVIENSEGFRTTPSVVAFTNDNQRLVGIVAKRQAITNPENTVYATKRFIGRKYDEDATKKEQKNLPYKIVRASNGDAWIEAQGKKYSPSQIGACVLEKMKETAENYLGRKVHQAVITVPAYFNDSQRQATKDAGKIAGLDVLRIINEPTAAALAFGLEKSDGKVIAVYDLGGGTFDISILEILSGVFEVKATNGNTSLGGEDFDQRILEYFISEFKKKENIDLKNDKLALQRLREAAETAKIELSSKTQTEINLPFITANQTGPKHLQIKLTRAKLEELCHDLLKGTIEPCEKCIKDADVKKEEINEIILVGGMTRMPKVTDTVKQIFQNNPSKGVNPDEAVALGAAIQGGVLKGEIKDLLLLDVIPLSLGIETLGGVFTKLINRNTTIPTKKSQIFSTAADNQTQVSIKVFQGEREMASDNKLLGSFDLVGIPPAPRGVPQIEVTFDVDANAIINISAIDKMTNKKQQITIQSSGGLSKEEIEKMVQEAELNREKDQLKKNLTDSKNEAETLIYSSEKQLEDFKDKISDSDKDELRQKITVLREKLTSEDLDSIKDATKQLQEKSWAISQEMYKNNAQQGAQQEQPNNENKAEENKDNA
MAL442,MAL,DYEFYGVDNFPSGTNAVVAILAYTGYDMEDALIINKASADRGIFRTHIYKTEFIDLQKVGESSNFVFGNNIRYLNNNKNNNKNLAYENKGKFLNKDGLPCVQQKITEGSPLYSYINKGNELTTYESFRNHGEYFVDFVSIGKNNSNQVAVVKLRSTRQPQVGDKFASRHGQKGVVSRLFPQEDMPFAESGIVPDIIFNPHGIPSRMTIGMLIESICGKAASLYGKRIDATPFRKYTQQKSFNNPWIDNCGIKGFLEKNDTIKSDLDTCQKEKDKNKNINNNNNNKIKENKYNNSNDSNASIDSDDNTNNCNDKRDEEEKKANITYDEKIDYFAKLLLNKGYDYYGTELLYSGIYGVPLQAHIFIGVIYYQRLRHMAYDKAQVRRTGPVCNLTHQPLKGKRKHGGIRVGEMERDGIISHGCSFVINERFLMSSDGHECFVCPKCGLILSPIMQFNTTGKIMKGRSIGGKSKMAVCKSCDVSCKIIFIPYVIRYLLNELICLNVTIRLNMKSVENVFDMK
MAL430,MAL,YEMFLTAIEKLFSESTNSLKEPLKIHLKNSQSKILHKTRNGKYCSFSDYEMNERIKVGSLRKKKRKKEIDIMKKKEKIKNIYKKGYSDGSSFKKEERYYFDIPKNNTGFRITPKEGIELHVIFKKHDIKALNELKEDIKYFKNVEMCILRHNKEYSSEHHLNNTPRDEMYVKKSCNCYNISKQVSMDENNKYNINIEHNDNNIENFENNNSNSNSNSNNYYMNNNFPVYNDPKQHNVNNINNEIISIDYDLIIENGFKNDVPPTFNNISNYENLEINFTSECFNAFFNFIKYIEFYYLYKGGCTKIFNIVPSIEECIKYSEYRKTFNQKNSKMNDEYAEEFMNKFEASCPIHLLTKLRLLSDERIYSKEYFNNIQKGEWKKLFYNFIKNKKGKNYMIDENLEKLDRWFTHDMLFNLVLPQINFTYIPLNLNHYNNNKIYYNKCFLSYNISCSFLFKQEKLSSMKKRYAIYMHNFNIHSLFVLFKRNKKFLINKKFCPIYLIEKLGIKNHCVYNEISHKCMNPYDIHPHNFNEEYLLEQNFITQNIQNGHNYNKDINDKNYKDNFNQNYDYEKSKKNYKGSILNSLGKNTNNIDIHHEVNNNLPSDIMRSNSTCSNYKIHYEHNYNNIEHYDNTVNYKENKKCSHIITTKEKEAYMRSAGQRGRNHLFYNEYYNNTTKGRYKNMYMNNLNYNKYNDNNCDNNCDNNCDHYCDNNCDNNNYYYEKDYMCHIFFNNDNKVNDNMQYKYIDGNIDTNNVDKKKIPIENLQSFKNEYISQKHNMNKNKMIHENDINYNKNNVDSKTDDKKGFWKFILGKKYKGEDDSIKNNKSNYNTILGTNFDLLIYNKINKLPNCTMIFINDYSNNIREMDIYICKYIININNLIPIMNFIPKNNICLEIFLKYDNIIDKDVIEALTLYLSMGSARKKIVQVCIEQL
MAL425,MAL,MNENNSKNVVVDKPIKNAEEEKKKVEDINSLYDILKNVSNNNDIFNNDDYILKELYPLIKNVIGDNKNICYHYNKSFMLKRWCLKILYTLINKIKDMNLFLDIFNMCSKLIIRENEMNCLSCIKIINVILEENKNNLNMFDVDTYINVICLSILKNFYKKIIYKVKKGKFLKSSISIYMKKKKKKKKIEKKVKVKEKEYKNIIYLQKKKKERYILNSTDSIKVIKEIVLSVLFIIRIYPNVINNVGKYLNILCKILSIINMYDFKLESSFFIETIVEANNYYSNNKNDTNQKNDKSNMHIIKNVFYYQYINKSENTEHKKECKTNHLINVPSKIDKNKCSLLLCNNKSDEFDNNGNLHLMFNEICHDMDKNKMYDGFPFDHNHNAALVNKLECFNKSTNDCICLELEGIHRQELNEKQKKKNKKNKKKKNEDIKGDVKYDVKGDVKDDVKDDVKDDVKGDIKYNVKGDVKDDVKYNVNHVDNFVNDQTNNSSYVNKLLYNNNCLYYEKYKWYDIKNVINIKCCEKKKFCKHVNYNMYELDRNKHMDLLTLQNGIIYMICYLLREDKKNKFCHYKEFVIKKVIYMLINNQHDYIEKKKEFIENIRMFLHNSFDEQMKYYISFFLNPFLYNKRNYIYINKQSLLNIYIFSLIHDMLLYYKSKNVWNYDTINLCISNFVDVLMHKQAYIYIQNVCINMFVYIINILFMIKKRNGTFFSLYFFILNILMNKCESLKEEIYNKIYKRIQRLRRISNNSKGQEKRKNKIKEKENTEFYTDNKKKMICNNYYSDCTYDTNRFVKRSIIKNVNIYKRSSIISSNSICNSICSNINYLSLSRDKKCSHSKNALNLKNNKGYRKTNNNLYIIKKRNYHKMYHILIAYKYILYALQVCIKYNIYYIYIYFNQDIINNNSSNVLIQQGDDIKTYFLRNDDITKDDKITQKQNHSIH
MAL8,MAL,MKDFLSYAENNDLNIFKLYNSEEDCLKNLKYAIELKSEDFKNVNSLELNDDILNIHENDKNSLLYNLHTNIINLKSSEFNINDLYKDVYTENEFENIKNLKINPHILKVVKNTEFYKNFIKDIKNLKNENHYTQYFNDDRKKLFFYNFVKNNLVETKYSCGLLSVENVNYYKKQKNVKFSYLFGLSPQSEGFKGKGLYKNAPLYNKYENKQYGNPFHLYYPYVTLESDKKINEKNERNEKNERNEKNERNEKNEKNGKNEKNKDILSSTNNNVVMKNGIQSYHNNNSINSNDDQKKKNNNNNNYYYYNNPDGLITNVKYKIRVGDYALLNSNEKYFFNDININLKQNFINFNTVDDLSFNIYFNEWYYFSFFIVLEYQFNSFILNYNADILKKNNLLTPRYDEINELNKEREITMEYKKTDEKEYQVNNEYINENVGYDEKGGKYKTELKLNDFFIYKMPMKSMKINAFDTFEKNIFRVVVFLCVCLFIVNICFDINKERKINIENFLCCLKINKYYYYYSWLLFYFIILFFYNIIFTLVVYFYVYKCLMNYFILFFLIYFFLMNSLLFTIICMQFSNNSSINYIATFLLFFLFSSFRLIIHSGASNILTFFVLLIPHSSFCLSLDFIFILIKNNIKIDYKQLFIKFENISLMHLIICSIVSFVLLICILNYIIYYKRKKMNMLNTKYRGKSKSITNDKRKKSQQKTYEYGNINYDMSEKYPTHQLKDNSNDFMLEGSDEDDTCYELDTLHKKQVNSQMCLRIEKIRNDRRESNGHPYDIPMIPLRHNNNINNNINNNINNNINNNINNNINNNQHRNNQCYLIIQNVNKFYGKKHALKDVSLTLRSNRIFVLLGENGSGKSTLINIITKMISKDSGEINFFKNSYKNKKKDIYMDVNKNRRNGLCGRICSNGYIKEFVMNRIFKRNCNDTNNYDNNSNNNNNNDNHNDNHSNNSGINSSFNNNNNVHNKNIKNDLEISYCSQNVILYENLTFYETIKIFLLYYNKNVDKY
MAL417,MAL,NVNSVNNVNNVSNVSNTNNMNNNNNNNNNNSISSSSNNNSSSSSSNITSTTNRNINGSNVANLINNIRNNIQVRISNRALRNVSNNLNNSNHNHNNINIINNINNINSINNMNIINNNNMIVNNFNRSNRNSNRLVFTGGNRNNLNNRRRLNLPLRNSLSNMQRNNFIRITYNENNAPVIMINTGHENYDSLTVTRFIDNIMGIRTHDALASGLPIGDSNNSSNYNNNSNNNNNNNNNSNSNNNNNNNSNNNNNNNNNNNNNNNNNNNNNNSNSNNERSRLFMSNQNRNVHHNNNVDHNYHVMNDDKYLEKEDDMLLNRYLKNLFPSMNRFNTDNSKTSSLYICVEEPVPFQALIDICRLLFLKKEINKKIMFTLFCNLTCSYQKTKVYTLQLFMNILWCASADLHAKKNNPSIVYLNSINFPPKMLYYNMNKKHYGLFSDNYFITASISAERVLEQVQSLLITVPHISSFFCTFLIHPSYFMPNDLDENMITNNDKGNETNINQGNHNFMDVPYYGDKMIKNEKTDGEKKNNEIINYQKEKDVEEEKEYDDEAVILEYELKRKRPKMDEKKKQKNQISDIYKNKTNINDKISTQVDMSKYEYPINILFKLLNSSLYLTSKKLMSHLLSVIYNLLINCAKKNHNYANFTRWVYEENLEEIISMENENNEEEVTSDDNNKNNNNNSSNNNNNNSSNSNNNKMSNDRNGTNPERNVSCTNKENTNKNKDTKQKQNKEKENFLSSTKIDKELLLNIKSLKPIDEEIDKKDLISKPYYLLEVISKDALRNLSKLICNYKTNFLWINNMNNTTNNNNNNNVNNNLEQVHKQDISSLIQIMVMFFSHYKLKDLIVQSLKRHTHVLIKRIIYDLKKIVHSIHNKTFNIYSVDHSDSLEQKLIAFYRVITILFNAPTLIDSITNKNDLNKSDTINLNNTNNSISNVEGVNTPVQENDHINNNISNENDCNINIMNNVPN
MAL416,MAL,MNAENLKGKDEIIFEEKEKNVRNNMKDHDNNNLYSEDIILNEKKDKNHNDDYDGNYVGMKRDKENFVSFKDDKNNLISVKPSTLKNSLIFQDKKNNLKKKVTIKGDYIRKKNDEIYLDKNNLFNEINLLIKKKLKINDVIKLDLFHKDNSIQIKPYVIFDDYKNVNIENKISIEIINFLKNCLENNKKYINIHSSVVELRGTFNDELINLPILNETILQKISNNNYKYKFNIDNEVLNYIYVDLFNIHKSKYKFKILEKIFEIEELYYYDVKQEKEKKNKINMNKSEDYKNDEQGKEFLNSSINENNNENSKNDDSSSSVCADSDVLINLYKEVKKEEDKERKKKDDEIMNEHVHEKLIKKKKKKKKIDKDKLYIEKLKKLVEEGSADESYNSSNDKSSEDYDDRGNDKNQILYKRKIIYSKWKAPVQIKKKEKKKILKKKNKNEIDKKEDDHYDQEYNNNNDNNNDDNSLTNIKIFKEVENDIVCVYYPNSSYNQCLCLSSYEYITNGQEHILPNNHDIYGHNN
MAL403,MAL,SIENSNGKICNIKNISNINNVNSINNRRQKKSEYEMNMDNGNNSNIQVGGNINHFEDKTFRGLTEHNDNDSGFNKNGLFNNNVCNNMNGYIPNMNYMHNKDVLNNQGNMMNNEQYMMIINNTIMKKGIIKNNLFNELNNHYIGTNSNIMNSNDLNKMNAIYKNMISNNENILNNNIIEKLVMNNDMCNGTFTTNSNNISNINNMNNINNMNNMNNINNMNNNMNNNINNTCINKLMNKDNIMQLDSEINNKNIKNNDNIHLNKGAMDNNQKFIHKDSKINTPNSIHGNNIECNENNNMYLKKLKNIDLSCKKKFSFFISEIFLKENIKKINIKEIISLFEFCMLSIKEYIKYIMTYVPLIPTKNTFNDYCKIKTSFFKMERIISTDEPSLLLLSCLSSNHDIFILCKIIVYVCENCTNKNEVYKIIGTKLYKHIQETIKDENSVIYSNKINDIIILNNENINEEENNNTTNSYNNNNNNNIGDDKKNVSSSTYCFNNKKKYICSLSIDNNEYNINKKKNLYSTCTVINEFNVLLELQLCILDMLCKKNKILKKLITSYILSSPSNNVSHISLFIRYDIVHYTNLDKSMSKYLKNTTHINIIQFCTELIYNLIIQKKYLKCEHLKKSIKKIVKIDKILSNDNKYIHIPHAEKMQLKNVQDRLIQMIKQIKRERKYSKRNTQEQGVQQENNEQVEKGPPDLTVQNIEKDKKCGKEEIKLLRTLTEYICITKEQKRNNNNNNNNNNNNNNNNKCDLDGVTNKIHNEEVKKKDNKNEKEVEQQNKLINMQNSKEMVSNNKNKKEHYLLSKLKIEYDNNNVDENTMFLLEKLSYENKIVDSEEIIEKEVVKNINHTKNVNIENQNKIISKDKLDTIYPNVNDNINNKYVTNVEMDNLNIMNKEEDIN
MAL402,MAL,NVLVSNNNDNRAVPFSNICSRNLCEKKPLNVDMKYVKSKCCDSISESNMVDRLKVQMLLKNAFETEDGNVFEQNHDVFKDLLSDDMWTRFHLNLHDKCDIKNGKHEMDNIMNKELFKLCELDDNREKMMNFWKETFENEKKKYNQIIYDLYMYLEFLRRKNKVPHEYAGKQWDDCIKKVKETEDNAKVLLEDIFNFWLENEHLDKNEFITLISACRLLWRKLADDMTKACKVYMGKPFKDVYNEKKKIVNRGIDLSNVNYDDHFKNGKFLKNYSTHENTYPTLKTLLEKYAITDDYSPPDVFGKSYPPLVEEMSTFQSSSIETNDEENESIDNNEENMSDRPNSLSHDKDQHLDETHNEQYGLYVKEMESKVEKLAENQVEKEFQEVNERFSEVAKRFKLTEKTVNFYELGNDSQDDSDEQEDENGEDNDDEEHNDEVSNNQ
