Q197M9,REIESSIGDSVSRALTQALPAPTGQNTQVSSHRLDTGEVPALQAAEIGASSNTSDESMIETRCVLNSHSTAETTLDSFFSRAGLVGEIDLPLEGTTNPNGYANWDIDITGYAQMRRKVELFTYMRFDAEFTFVACTPT
P01426,LECHNQQSSQPPTTKTCPGETNCYKKVWRDHRGTIIERGCGCPTVKPGIKLNCCTTDKCNN
P01586,MVLASSTTSIHTMLLLLLMLFHLGLQASISGRDTHRLTRTLNCSSIVKEIIGKLPEPELKTDDEGPSLRNKSFRRVNLSKFVESQGEVDPEDRYVIKSNLQKLNCCLPTSANDSALPGVFIRDLDDFRKKLRFYMVHLNDLETVLTSRPPQPASGSVSPNRGTVEC
P89481,VIACAGAMKLSNFQGKLLMTVNNTDIADVIVIPTSKGENRCWVRAIDVGYMCEDTITYECPKLTSGNDPEDVDCWCDNQE
Q19AX9,VKITTQDVSQQLKTCLRRSACVYFTEYENSGSKRYAEWVVTTRQAAQLRRKLEFFTYIRFDLELTFVITSTQQPSTTQNQDAQIPYPSD
O34097,MNKKKMILTSLASVAILGAGFVASSPTFVRAEEAPVANQSKAEKDYDAAVKKSEAAKKDYETAKKKAEDAQKKYDEDQKKTEAKAEKERKASEKIAEATKEVQQAYLAYLQASNESQRKEADKKIKEATQRKDEAEAAFATIRTTIVVPEPSELAETKKKAEEATKEAEVAKKKSEEAAKEVEVEKNKILEQDAENEKKIDVLQNKVADLEKGIAPYQNEVAELNKEIARLQSDLKDAEENNVEDYIKEGLEQAITNKKAELATTQQNIDKTQKDLEDAELELEKVLATLDPEGKTQDELDKEAAEAELNEKVEALQNQVAELEEELSKLEDNLKDAETNNVEDYIKEGLEEAIATKKAELEKTQKELDAALNELGPDGDEEETPAPAPQPEKPAEEPENPAPAPKPEKSADQQAEEDYARRSEEEYNRLTQQQPPKAEKPAPAPQPEQPAPAPKIGWKQENGMWYFYNTDGSMATGWLQNNGSWYYLNSNGAMATGWLQYNGSWYYLNANGAMATGWLQYNGSWYYLNANGAMATGWLQYNGSWYYLNANGDMATGWLQYNGSWYYLNANGDMATGWAKVHGSWYYLNANGSMATGWVKDGETWYYLEASGSMKANQWFQVSDKWYYVNGLGSLSVNTTVDGYKVNANGEWV
P10324,MNKFVKSLLVAGSVAALAACSSSNNDAAGNGAAQTFGGYSVADLQQRYNTVYFGFDKYDITGEYVQILDAHAAYLNATPAAKVLVEGNTDERGTPEYNIALGQRRADAVKGYLAGKGVDAGKLGTVSYGEEKPAVLGHDEAAYSKNRRAVLAY
P01580,MNATHCILALQLFLMAVSGCYCHGTVIESLESLNNYFNSSGIDVEEKSLFLDIWRNWQKDGDMKILQSQIISFYLRLFEVLKDNQAISNNISVIESHLITTFFSNSKAKKDAFMSIAKFEVNNPQVQRQAFNELIRVVHQLLPESSLRKRKRSRC
O12347,TITAADDYQFSSQYQAGGVTITLFSANIDAITSLSIGGELVFQTSVQGLILGATIYLIGFDGTAVITRAVAADNGLTAGTDNLMPFNIVIPTSEITQPITSIKLEIVTSKSGGQAGDQMSWSASGSLAVTIHGGNYPGALRPVTLVAY
Q6RXC2,MVRHRIKEHMLKKYTQTEEKFTGAFNMMGGCLQNALDILDKVHEPFEEMKCIGLTMQNMYENYIVPEDKREMWMACIKELYNVTKGAANKLGGALQAKARAKKDELKRKMMYMCYRNVEFFTKNSAFPKTTNGCSQAMAALQNLPQCSPNEIMTYSQKIFKILDEERDKVLTHIDHIFMDILTTCVETMCSEYKVTSDACMMGMYGAISLLTEFCRVLCCYILEETSVLLAKRPLITKPEVINIMKRRIEEICMKVFAQYILGADPLRVCSPSVDDLRAIAEESDEENAIAAYTLATAGASSSDSLVSPPESPVPATIPLSSVIVAENSDQEESEQSDEEREEGAQEEREDTVSVKSEPVSEIEQVASEEEEDGAEEPTTSGGKSTHPMVTRSKADH
P04935,MSASKEVRSCLWTQSLRRELSGYCSNIKLQVVKDAQALLHGLDFSEVSNVQRLMRKQKRDDGDLKRLRDLNQAVNNLVELKSTQQKSVLRVGTLSSDDLLILAADLEKLKSKVTRTERPLSSGVYMGNLSSQQLDQRRALLNMIGMTGVSGGGKGASNGIVRVWDVKNAELLNNQFGTMPSLTLACLTKQGQVDLNDAVQALTDLGLIYTAKYPNSSDLDRLSQSHPILNMIDTKKSSLNISGYNFSLGAAVKAGACMLDGGNMLETIKVSPQTMDGILKSILKVKKSLGMFVSDTPGERNPYENILYKICLSGDGWSYIASRTSIVGRAWENTVVDLEQDNKPQKIGNGGSNKSLQSAGFAAGLIYSQLMTLKDFKCFNLIPNAKTWMDIEGRPEDPVEIALYQPSSGCYVHFFREPTDLKQFKQDAKYSHGRDVTDLFAAQPGLTSAVIEALPRNMVITCQGSEDIRKLLESQGRRDIKLIDITLSKADSRKFENAVWDQFKDLCHMHTGVVVEKKKRGGKEEITPHCALMDCIMFDAAVSGGLDAKVLRVVLPRDMVFRTSTPKVVL
Q53653,MNMKKKEKHAIRKKSIGVASVLVGTLIGFGLLSSKEADASENSVTQSDSASNESKSNDSSSVSAAPKTDDTNVSDTKTSSNTNNGETSVAQNPAQQETTQSSSTNATTEETPVTGEATTTTTNQANTPATTQSSNTNAEELVNQTSNETTFNDTNTVSSVNSPQNSTNAENVSTTQDTSTEATPSNNESAPQSTDASNKDVVNQAVNTSAPRMRAFSLAAVAADAPAAGTDITNQLTNVTVGIDSGTTVYPHQAGYVKLNYGFSVPNSAVKGDTFKITVPKELNLNGVTSTAKVPPIMAGDQVLANGVIDSDGNVIYTFTDYVNTKDDVKATLTMPAYIDPENVKKTGNVTLATGIGSTTANKTVLVDYEKYGKFYNLSIKGTIDQIDKTNNTYRQTIYVNPSGDNVIAPVLTGNLKPNTDSNALIDQQNTSIKVYKVDNAADLSESYFVNPENFEDVTNSVNITFPNPNQYKVEFNTPDDQITTPYIVVVNGHIDPNSKGDLALRSTLYGYNSNIIWRSMSWDNEVAFNNGSGSGDGIDKPVVPEQPDEPGEIEPIPEDSDSDPGSDSGSDSNSDSGSDSGSDSTSDSGSDSASDSDSASDSDSASDSDSASDSDSASDSDSDNDSDSDSDSDSDSDSDSDSDSDSDSDSDSDSDSDSDSDSDSDSDSDSDSDSDSDSDSDSDSDSDSDSDSDSDSDSDSDSDSDSDSDSDSDSDSDSDSDSDSDSDSDSDSDSDSDSDSDSDSDSDSDSDSDSDSDSDSDSDSDSASDSDSDSDSDSDSDSDSDSDSDSDSDSDSDSDSDSDSDSESDSDSESDSDSDSDSDSDSDSDSDSDSDSASDSDSGSDSDSSSDSDSESDSNSDSESGSNNNVVPPNSPKNGTNASNKNEAKDSKEPLPDTGSEDEANTSLIWGLLASIGSLLLFRRKKENKDKK
Q9LA13,KNLDCWVDNEEDIDVILKKSTILNLDINNDIISDISGFNSSVITYPDAQLVPGINGKAIHLVNNESSEVIVHKAMDIEYNDMFNNFTVSFWLRVPKVSASHLEQYDTNEYSIISSMKKYSLSIGSGWSVSLKGNNLIWTLKDSAGEVRQITFRDLSDKFNAYLANKWVFITITNDRLSSANLYINGVLMGSAEITGLGAIREDNNITLKLDRCNNNNQYVSIDKFRIFCKALNPKEIEKLYTSYLSITFLRDFWGNPLRYDTEYYLIPVAYSSKDVQLKNITDYMYLTNAPSYTNGKLNIYYRRLYSGLKFIIKRYTPNNEIDSFVRSGDFIKLYVSYNNNEHIVGYPKDGNAFNNLDRILRVGYNAPGIPLYKKMEAVKLRDLKTYSVQLKLYDDKDASLGLVGTHNGQIGNDPNRDILIASNWYFNHLKDKTLTCDWYFVPTDEGWTND
Q8DN05,MFASKSERKVHYSIRKFSIGVASVAVASLVMGSVVHATENEGSTQAATSSNMAKTEHRKAAKQVVDEYIEKMLREIQLDRRKHTQNVALNIKLSAIKTKYLRELNVLEEKSKDELPSEIKAKLDAAFEKFKKDTLKPGEKVAEAKKKVEEAKKKAEDQKEEDRRNYPTNTYKTLELEIAEFDVKVKEAELELVKEEAKESRNEGTIKQAKEKVESKKAEATRLENIKTDRKKAEEEAKRKADAKLKEANVATSDQGKPKGRAKRGVPGELATPDKKENDAKSSDSSVGEETLPSSSLKSGKKVAEAEKKVEEAEKKAKDQKEEDRRNYPTNTYKTLDLEIAESDVKVKEAELELVKEEAKEPRDEEKIKQAKAKVESKKAEATRLENIKTDRKKAEEEAKRKAAEEDKVKEKPAEQPQPAPATQPEKPAPKPEKPAEQPKAEKTDDQQAEEDYARRSEEEYNRLTQQQPPKTEKPAQPSTPKTGWKQENGMWYFYNTDGSMATGWLQNNGSWYYLNANGAMATGWLQNNGSWYYLNANGSMATGWLQNNGSWYYLNANGAMATGWLQYNGSWYYLNSNGAMATGWLQYNGSWYYLNANGDMATGWLQNNGSWYYLNANGDMATGWLQYNGSWYYLNANGDMATGWVKDGDTWYYLEASGAMKASQWFKVSDKWYYVNGSGALAVNTTVDGYGVNANGEWVN
O50430,MRLSLTALSAGVGAVAMSLTVGAGVASADPVDAVINTTCNYGQVVAALNATDPGAAAQFNASPVAQSYLRNFLAAPPPQRAAMAAQLQAVPGAAQYIGLVESVAGSCNNY
P24030,MAQAQIDEQRRLQDLYVQLKKEINDGEGVAWLFQQKTYTDKDNKPTKATPPLRTTSSDLRLAFDSIEENLTASNEHLTNNEINFCKLTLGKTLLLIDKHVKSHRWDSNKVNLIWQIEKGKTQQFHIHCCLGYFDKNEDPKDVQKSLGWFMKRLNKDLAVIYSNHHCDIQDIKDPEDRAKNLKVWIEDGPTKPYKYFNKQTKQDYNKPVHLRDYTFIYLFNKDKINTDSMDGYFAAGNGGIVDNLTNKERKTLRKMYLDEQSSDIMDANIDWEDGQDAPKVTDQTDSATTKTGTSLIWKSCATKVTSKKEVANPVQQPSKKLYSAQSTLDALFNVGCFTPEDMIIKQSDKYLELSLEPNGPQKINTLLHMNQVKTSTMITAFDCIIKFNEEEDDKPLLATIKDMGLNEQYLKKVLCTILTKQGGKRGCIWFYGPGGTGKTLLASLICKATVNYGMVTTSNPNFPWTDCGNRNIIWAEECGNFGNWVEDFKAITGGGDVKVDTKNKQPQSIKGCVIVTSNTNITKVTVGCVETNAHAEPLKQRMIKIRCMKTINPKTKITPGMLKRWLNTWDRQPIQLSHEMPELYLGKCRW
P0A670,MINVQAKPAAAASLAAIAIAFLAGCSSTKPVSQDTSPKPATSPAAPVTTAAMADPAADLIGRGCAQYAAQNPTGPGSVAGMAQDPVATAASNNPMLSTLTSALSGKLNPDVNLVDTLNGGEYTVFAPTNAAFDKLPAATIDQLKTDAKLLSSILTYHVIAGQASPSRIDGTHQTLQGADLTVIGARDDLMVNNAGLVCGGVHTANATVYMIDTVLMPPAQ
P13794,MKLKNTLGVVIGSLVAASAMNAFAQGQNSVEIEAFGKRYFTDSVRNMKNADLYGGSIGYFLTDDVELALSYGEYHDVRGTYETGNKKVHGNLTSLDAIYHFGTPGVGLRPYVSAGLAHQNITNINSDSQGRQQMTMANIGAGLKYYFTENFFAKASLDGQYGLEKRDNGHQGEWMAGLGVGFNFGGSKAAPAPEPVADVCSDSDNDGVCDNVDKCPDTPANVTVDANGCPAVAEVVRVQLDVKFDFDKSKVKENSYADIKNLADFMKQYPSTSTTVEGHTDSVGTDAYNQKLSERRANAVRDVLVNEYGVEGGRVNAVGYGESRPVADNATAEGRAINRRVEAEVEAEAK
O10645,TTAFLVCLVKMVRGQMVQGILWLLLITGVQGHLDCKPEYSYAIAKSDRIGLQGAEDLTTVWKDYSHGMTLEDTMVIAWCKDGKLTYYARCTRETRYLAILHSGALPTSVVFKKLFEGQGQEDTVEMDDNFEFGLCPCDAKPIVRGIYNTTLLNGPAFQMVCPIGWTGTVSCMLANRDTLDTAVVRTYRRSRPFPYRQGCITQKTLGEDLYDCILGGNWTCVTGDQLQYTGGSVESCKWCGFKFQKSEGLPHYPIGKCRLKNETGYRFVDGTSCNREGVAIVPQGLVKCKIGDTIVQVIALDTKLGPMPCKPYEIIPSEGPVEKTACTFNYTRTLKNKYFEPRDSYFQQYMLKGQYQYWFDLEVTDHHRDYFAESILVVVVALLGGRYVLWLLVTYMVLSEQRASG
P0AFZ6,MYTSGYAHRSSSFSSAASKIARVSTENTTAGLISEVVYREDQPMMTQLLLLPLLQQLGQQSRWQLWLTPQQKLSREWVQASGLPLTKVMQISQLSPCHTVESMVRALRTGNYSVVIGWLADDLTEEEHAELVDAANEGNAMGFIMRPVSASSHATRQLSGLKIHSNLYH
P89316,MSKESGKWWESDDKFAKAVYQQFVEFYEKLTGTDLELIQILKDHYNISLDHPLENPSSLFDLVARIKHNLKNSPDLYSHHFQSHGQLSDHPHALSSSSSHAEPRGEDAVLSSEDLHKPGQVSVQLPGTNYVGPGNELQAGPPQSAVDSAARIHDFRYSQLAKLGINPYTHWTVADEELLKNIKNETGFQAQVVKDYFTLKGAAAPVAHFQGSLPEVPAYNASEKYPSMTSVNSADASTGAGGGGSNPVKSMWSEGATFTANSVTCTFSRQFLIPYDPEHHYKVFSPAASSCHNASGKEAKVCTISPIMGYSTPWRYLDFNALNLFFSPLEFQHLIENYGSIAPDALTVTISEIAVKDVTDKTGGGVQVTDSTTGRLCMLVDHEYKYPYVLGQGQDTLAPELPIWVYFPPQYAYLTVGDVNTQGISGDSKKLASEESAFYVLEHSSFQLLGTGGTASMSYKFPAVPPENLEGCSQHFYEMYNPLYGSRLGVPDTLGGDPKFRSLTHEDHAIQPQNFMPGPLVNSVSTKEGDSSNTGAGKALTGLSTGTSQNTRISLRPGPVSQPYHHWDTDKYVTGINAISHGQTTYGNAEDKEYQQGVGRFPNEKEQLKQLQGLNIHTYFPNKGTQQYTDQIERPLMVGSVWNRRALHYESQLWSKIPNLDDSFKTQFAALGGWGLHQPPPQIFLKILPQSGPIGGIKSMGITTLVQYAVGIMTVTMTFKLGPRKATGRWNPQPGVYPPHAAGHLPYVLYDPTATDAKQHHRHGYEKPEELWTAKSRVHPL
P02247,GWEIPEPYVWDESFRVFYEQLDEEHKKIFKGIFDCIRDNSAPNLATLVKVTTNHFTHEEAMMDAAKYSEVVPHKKMHKDFLEKIGGLSAPVDAKNVDYCKEWLVNHIKGTDFKYKGKL
O57136,STDPCGMVALISDPNIESTVKTIQFVNKKKYYNASLSWFKVGDDCTYPIYLIKYFNCDPQKEFGICLQRSPDYWKPSLIGYSFLT
P0A470,MADLAKIVEDLSALTVLEAAELSKLLEEKWGVSAAAPVAVAAAGGAAPAAAAEEKTEFDVVLADGGANKINVIKEVRALTGLGLKEAKDLVEGAPKAVKEGASKDEAEKIKAQLEAAGAKVELK
O57135,TTVWSGSSYAVVTNMHTDRVPIKVQEITELIDRRGMCLSKADYIRNNYEFTAFDKDEDPREMHLKPSKFNTPGSRGWHTTNDTYTKIGSPGFYRTGTSVNCIVEEVDARSVYPYDSFAISTGDIIHISPFFGLRDGAHTEHTSYSNDRFQQIEGYYPIDLDTRLKVGAPVSRNFLTTQHVTVAWNWVPKIREVCTLAKWREIDEIIRDEYKGSYRFTAKSISATFISDTTQFDINRVKLSDCAKREATEAIDKIYKNKYNKTHIQTGELETYLARGGFIIAFRPMISNELAKLYINELARSDRTVDLNALLNPSHSIGGRKKRSIETETLERSKRDVDGGVQNVNNATLIKTTSSIHFAMLQFAYDHIQSHVNEMLSRIATAWCNLQNKERTLWNEVMKLNPTSITSTIMDQKVSARLLGDVIAVTQCVNISGSNVFIQNSMRVTGSTTTCYSRPLISFKALENSTDYIEGQLGENNELLIDRKLIEPCTANNKRYFKFGVDYVYFENYVYIRKVPLNEIEMISTYVDLNITLLEDREFLP
P09345,MERIVLLLAIVSLVKSDQICIGYHANKSTKQVDTIMEKNVTVTHAQDILERTHNGKLCSLNGVKPLILRDCSVAGWLLGNPMCDEFLNVPEWSYIVEKDNPINSLCYPGDFNDYEELKHLLSSTNHFEKIQIIPRSSWSNHDASSGVSSACPYIGRSSFFRNVVWLIKKDNAYPTIKRSYNNTNQEDLLILWGIHHPNDAAEQTKLYQNPTTYVSVGTSTLNQRSIPEIATRPKVNGQSGRMEFFWTILKPNDAINFESNGNFIAPEYAYKIVKKGDSAIMKSGLAYGNCDTKCQTPVGAINSSMPFHNIHPHTIGECPKYVKSDRLVLATGLRNVPQRKKRGLFGAIAGFIEGGWQGMVDGWYGYHHSNEQGSGYAADKESTQKAIDGITNKVNSIIDKMNTQFKAVGKEFNNLERRVENLNKKMEDGFLDVWTYNVELLVLMENERTLDFHDSNVKNLYDKVRLQLKDNARELGNGCFEFYHKCDNECMESVRNGTYDYPQYSEEARLNREEISGVKLESMGVYQILSIYSTVASSLALAIMIAGLSFWMCSNGSLQCRICI
P35971,MSPQRDRINAFYKDNPHPKGSRIVINREHLMIDRPYVLLAVLFVMFLSLIGLLAIAGIRLHRAAIYTAEIHKSLSTNLDVTNSIEHQVKDVLTPLFKIIGDEVGLRTPQRFTDLVKFISDKIKFLNPDREYDFRDLTWCINPPERIKLDYDQYCADVAAEELMNALVNSTLLETRTTNQFLAVSKGNCSGPTTIRGQFSNMSLSLLDLYLGRGYNVSSIVTMTSQGMYGGTYLVEKPNLSSKRSELSQLSMYRVFEVGVIRNPGLGAPVFHMTNYLEQPVSNDLSNCMVALGELKLAALCHREDSITIPYQGSGKGVSFQLVKLGVWKSPTDMQSWVTLSTDDPVIDRLYLSSHRGVIADNQAKWAVPTTRTDDKLRMETCFQQACKGKIQALCENPEWAPLKDNRIPSYGVLSVDLSLTVELKIKIASGFGPLITHGSGMDLYKSNHNNVYWLTIPPMKNLALGVINTLEWIPRFKVSPYLFNVPIKEAGEDCHAPTYLPAEVDGDVKLSSNLVILPGQDLQYVLATYDTSRVEHAVVYYVYSPSRSFSYFYPFRLPIKGVPIELQVECFTWDQKLWCRHFCVLADSESGGHITHSGMVGMGVSCTVTREDGTNRR
O10247,DMGCVINWKGKELKCGNGIFVTNEVHTWTEQYKFQADSPKRLATAIAGAWEDGVCGIRSTTRMENLLWKQIANELNYILWENNIKLTVVVGDITGVLEQGKRTLTPQPMELKYSWKTWGKAKIVTAETQNSSFIIDGPNTPECPSASRAWNVWEVEDYGFGVFTTNIWLKLREMYTQLCDHRLMSAAVKDERAVHADMGYWIESQKNGSWKLEKASLIEVKTCTWPKSHTLWSNGVLESDMIIPKSLAGPISQHNYRPGYHTQTAGPWHLGKLELDFNYCEGTTVVITENCGTRGPSLRTTTVSGKLIHEWCCRSCTLPPLRYMGEDGCWYGMEIRPINEKEENMVKSLVSAGSGKVDNFTMGVLCLAILFEEVMRGKSRIPAHWRPLLVDPSSVP
P69618,MSQSETRRGRRGTREETLEKWITARKKAEELEKDLRKTRKTIKKLEEENPWLGNIVGIIRKGKDGEGAPPAKRPRTDQMEVDSGPGKRPHKSGFTDKEREDHRRRKALENKKKQLSAGGKILSKEEEEELRRLTDEDEERKRRVAGPRVGDVNPSRGGPRGAPGGGFVPQMAGVPESPFSRTGEGLDIRGTQGFPWVSPSPPQQRLPLLECTPQ
P33484,MAPPAKRARGLTLPGYKYLGPGNSLDQGEPTNPSDAAAKEHDEAYDKYIKSGKNPYFYFSAADEKFIKETEHAKDYGGKIGHYFFRAKRAFRPKLSETDSPTTSQQPEVRRSPRKHPGSKPPGKRPAPRHIFINLAKKKAKGTSNTNSNSMSENVEQHNPINAGTELSATGNESGGGGGGGGGRGAGGVGVSTGSFNNQTEFQYLGEGLVRITAHASRLIHLNMPEHETYKRIHVLNSESGVAGQMVQDDAHTQMVTPWSLIDANAWGVWFNPADWQLISNNMTEINLVSFEQEIFNVVLKTITESATSPPTKIYNNDLTASLMVALDTNNTLPYTPAAPRSETLGFYPWLPTKPTQYRYYLSCTRNLNPPTYTGQSQQITDSIQTGLHSDIMFYTIENAVPIHLLRTGDEFSTGIYHFDTKPLKLTHSWQTNRSLGLPPKLLTEPTTEGDQHPGTLPAANTRKGYHQTMNNSYTEATAIRPAQVGYNTPYMNFEYSNGGPFLTPIVPTADTQYNDDEPNGAIRFTMGYQHGQLTTSSQELERYTFNPQSKCGRAPKQQFNQQAPLNLENTNNGTLLPSDPIGGKPNMHFMNTLNTYGPLTALNNTAPVFPNGQIWDKELDTDLKPRLHVTAPFVCKNNPPGQLFVKIAPNLTDDFNADSPQQPRIITYSNFWWKGTLTFTAKMRSSNMWNPIQQHTTTAENIGNYIPTNIGGIKMFPEYSQLIPRKLY
15674877,MKKHLKTVALTLTTVSVVTHNQEVFSLVKEPILKQTQASSSISGADYAESSGKSKLKINETSGPVDDTVTDLFSDKRTTPEKIKDNLAKGPREQELKAVTENTESEKQITSGSQLEQSKESLSLNKTVPSTSNWEICDFITKGNTLVGLSKSGVEKLSQTDHLVLPSQAADGTQLIQVASFAFTPDKKTAIAEYTSRAGENGEISQLDVDGKEIINEGEVFNSYLLKKVTIPTGYKHIGQDAFVDNKNIAEVNLPESLETISDYAFAHLALKQIDLPDNLKAIGELAFFDNQITGKLSLPRQLMRLAERAFKSNHIKTIEFRGNSLKVIGEASFQDNDLSQLMLPDGLEKIESEAFTGNPGDDHYNNRVVLWTKSGKNPSGLATENTYVNPDKSLWQESPEIDYTKWLEEDFTYQKNSVTGFSNKGLQKVKRNKNLEIPKQHNGVTITEIGDNAFRNVDFQNKTLRKYDLEEVKLPSTIRKIGAFAFQSNNLKSFEASDDLEEIKEGAFMNNRIETLELKDKLVTIGDAAFHINHIYAIVLPESVQEIGRSAFRQNGANNLIFMGSKVKTLGEMAFLSNRLEHLDLSEQKQLTEIPVQAFSDNALKEVLLPASLKTIREEAFKKNHLKQLEVASALSHIAFNALDDNDGDEQFDNKVVVKTHHNSYALADGEHFIVDPDKLSSTIVDLEKILKLIEGLDYSTLRQTTQTQFRDMTTAGKALLSKSNLRQGEKQKFLQEAQFFLGRVDLDKAIAKAEKALVTKKATKNGQLLERSINKAVLAYNNSAIKKANVKRLEKELDLLTGLVEGKGPLAQATMVQGVYLLKTPLPLPEYYIGLNVYFDKSGKLIYALDMSDTIGEGQKDAYGNPILNVDEDNEGYHALAVATLADYEGLDIKTILNSKLSQLTSIRQVPTAAYHRAGIFQAIQNAAAEAEQLLPKPGTHSEKSSSSESANSKDRGLQSNPKTNRGRHSAILPRTGSKGSFVYGILGYTSVALLSLITAIKKKKY
Q9AG74,MKINKKYLVGSAAALILSVCSYELGLYQARTVKENNRVSYIDGKQATQKTENLTPDEVSKREGINAEQIVIKITDQGYVTSHGDHYHYYNGKVPYDAIISEELLMKDPNYQLKDEDIISEIKGGYVIKVDGKYYVYLKDAAHADNVRTKEEINRQKQEHSQHREGGTPRNDGAVALARSQGRYTTDDGYIFNASDIIEDTGDAYIVPHGDHYHYIPKNELSASELAAAKAFLSGRGNLSNSRTYRRQNSDNTSRTNWVPSVSNPGTTNTNTSNNSNTNSQASQSNDIDSLLKQLYKLPLSQRHVESDGLIFDPAQITSRTANGVAVPHGDHYHFIPYSQLSPLEEKLARIIPLRYRSNHWVPDSRPEQPSPQSTPEPSPSPQPAPNPQPAPSNPIDEKLVKEAVRKVGDGYVFEENGVPRYIPAKDLSAETAAGIDSKLAKQESLSHKLGAKKTDLPSSDREFYNKAYDLLARIHQDLLDNKGRQVDFEALDNLLERLKDVSSDKVKLVDDILAFLAPIRHPERLGKPNAQITYTDDEIQVAKLAGKYTTEDGYIFDPRDITSDEGDAYVTPHMTHSHWIKKDSLSEAERAAAQAYAKEKGLTPPSTDHQDSGNTEAKGAEAIYNRVKAAKKVPLDRMPYNLQYTVEVKNGSLIIPHYDHYHNIKFEWFDEGLYEAPKGYSLEDLLATVKYYVEHPNERPHSDNGFGNASDHVQRNKNGQADTNQTEKPNEEKPQTEKPEEETPREEKPQSEKPESPKPTEEPEEESPEESPEESEEPQVETEKVKEKLREAEDLLGKIQNPIIKSNAKETLTGLKNNLLFGTQDNNTIMAEAEKLLALLKESK
P03108,MVARSRKRRAAPQDIYPTCKIAGNCPADIQNKFENKTIADKILQYGSLGVFFGGLGISSAGGSGGRLGYTPLSGGGGRVIAAAPVRPPITTESVGPLDIVPEVADPGGPTLVSLHELPAETPYVSSTNVTGDGAAEPLPAGHGGSQISDVTSGTSGTVSRTHINNPVFEAPMTGDQDVSDVHVFAHSESSITINQTENTGGELIEMVPLRHPPRSEGDFRETSFSTSTPIPDRSALRSINVASRRYQQVQVENPAFLNRPRELVQFENTFDNPAFVDDEQLSLLFEQDLDTVVATPDPAFQDVVRLSRPSFTQSRAGRVRVSRLGRTLTMQTRSGKAFGPAKHFYYELSSIAEGPEPDILIPESEQETSFTDATSKDTQQEAEVYADGSTLETDTSADENLTLVFSDRGRGQGSHVPIPGKSTIGGPVNIGDSKYYTLNPGETTSFEADVISPVFIFEGNADGTYYLEEPLRKKRRKSIFLLADGSVAVYAE
O36766,GGKKQYKLKHIVWASRELERFAVNPGLLETSEGCRQILEQLQPSLQTGSEELRSLFNTVAVLYCVHQRIDVKDTKEALDKIEEEQNNSKKKAQQAAAGTGSSSQASQNYPIVQNIQGQMVHQAISPRTLN
P15712,MKIRLHTLLAVLTAAPLLLAAAGCGSKPPSGSPETGAGAGTVATTPASSPVTLAETGSTLLYPLFNLWGPAFHERYPNVTITAQGTGSGAGIAQAAAGTVNIGASDAYLSEGDMAAHKGLMNIALAISAQQVNYNLPGVSEHLKLNGKVLAAMYQGTIKTWDDPQIAALNPGVNLPGTAVVPLHRSDGSGDTFLFTQYLSKQDPEGWGKSPGFGTTVDFPAVPGALGENGNGGMVTGCAETPGCVAYIGISFLDQASQRGLGEAQLGNSSGNFLLPDAQSIQAAAAGFASKTPANQAISMIDGPAPDGYPIINYEYAIVNNRQKDAATAQTLQAFLHWAITDGNKASFLDQVHFQPLPPAVVKLSDALIATISS
P69178,MKKTLLIAASLSFFSASALATPDCVTGKVEYTKYNDDDTFTVKVGDKELFTNRWNLQSLLLSAQITGMTVTIKTNACHNGGGFSEVIFR
P04326,MEPVDPRLEPWKHPGSQPKTACTNCYCKKCCFHCQVCFITKALGISYGRKKRRQRRRAPQGSQTHQVSLSKQPTSQSRGDPTGPKE
O30527,MEVRNLNAARELFLDELLAASAAPASAEQEELLALLRSERIVLAHAGQPLSEAQVLKALAWLLAANPSAPPGQGLEVLREVLQARRQPGAQWDLREFLVSAYFSLHGRLDEDVIGVYKDVLQTQDGKRKALLDELKALTAELKVYSVIQSQINAALSAKQGIRIDAGGIDLVDPTLYGYAVGDPRWKDSPEYALLSNLDTFSGKLSIKDFLSGSPKQSGELKGLSDEYPFEKDNNPVGNFATTVSDRSRPLNDKVNEKTTLLNDTSSRYNSAVEALNRFIQKYDSVLRDILSAI
O07175,MSNSRRRSLRWSWLLSVLAAVGLGLATAPAQAAPPALSQDRFADFPALPLDPSAMVAQVGPQVVNINTKLGYNNAVGAGTGIVIDPNGVVLTNNHVIAGATDINAFSVGSGQTYGVDVVGYDRTQDVAVLQLRGAGGLPSAAIGGGVAVGEPVVAMGNSGGQGGTPRAVPGRVVALGQTVQASDSLTGAEETLNGLIQFDAAIQPGDSGGPVVNGLGQVVGMNTAASDNFQLSQGGQGFAIPIGQAMAIAGQIRSGGGSPTVHIGPTAFLGLGVVDNNGNGARVQRVVGSAPAASLGISTGDVITAVDGAPINSATAMADALNGHHPGDVISVTWQTKSGGTRTGNVTLAEGPPA
P0C2T1,MQLVDRVRGAVTGMSRRLVVGAVGAALVSGLVGAVGGTATAGAFSRPGLPVEYLQVPSPSMGRDIKVQFQSGGANSPALYLLDGLRAQDDFSGWDINTPAFEWYDQSGLSVVMPVGGQSSFYSDWYQPACGKAGCQTYKWETFLTSELPGWLQANRHVKPTGSAVVGLSMAASSALTLAIYHPQQFVYAGAMSGLLDPSQAMGPTLIGLAMGDAGGYKASDMWGPKEDPAWQRNDPLLNVGKLIANNTRVWVYCGNGKPSDLGGNNLPAKFLEGFVRTSNIKFQDAYNAGGGHNGVFDFPDSGTHSWEYWGAQLNAMKPDLQRALGATPNTGPAPQGA
P43838,MKKFNQSLLATAMLLAAGGANAAAFQLAEVSTSGLGRAYAGEAAIADNASVVATNPALMSLFKTAQFSTGGVYVDSRINMNGDVTSHATIITSSSGIKAIEGGSASARNVVPGAFVPNLYFVAPVNDKFALGAGMNVNFGLKSEYDDSYDAGIFGGKTDLSAINLNLSGAYRVTEGLSLGLGVNAVYAKAQVERNAGIIADSVKDNQVKTALTVQQEPLKFLDKYLPSKDTSVVSLQDRAAWGFGWNAGVMYQFNEANRIGLAYHSKVDIDFTDRTATSVEANVIKAGKKGDLTLTLPDYLELSGFHQLTDKLAVHYSYKYTHWSRLTKLNASFEDGKKAFDKELQYSNNSRVALGASYNLDEKLTLRAGIAYDQAASRHQRSAAIPDTDRTWYSLGATYKFTPNLSVDLGYAYLKGKKVHFKEVKTIGDERSLTLNTTANYTSQAHANLYGLNLNYSF
Q53990,MAQVINTNSLSLLTQNNLNKSQSSLSSAIERLSSGLRINSAKDDAAGQAIANRFTSNIKGLTQASRNANDGISIAQTTEGALNEINNNLQRVRELSVQATNGTNSDSDLKSIQDEIQQRLEEIDRVSNQTQFNGVKVLSQDNQMKIQVGANDGETITIDLQKIDVKSLGLDGFNVNGPKEATVGDLKSSFKNVTGYDTYAAGADKYRVDINSGAVVTDAAAPDKVYVNAANGQLTTDDAENNTAVDLFKTTKSTAGTAEAKAIAGAIKGGKEGDTFDYKGVSFTIDTKAGNDGNGTVSTTINGEKVTLTVADITAGAADVNAATLQSSKNVYTSVVNGQFTFDDKTKNESAKLSDLEANNAVKGESKITVNGAEYTANATGDKITLAGKTMFIDKTASGVSTLINEDAAAAKKSTANPLAAIDSALSKVDAVRSSLGAIQNRFDSAITNLGNTVTNLNSARSRIEDADYATEVSNMSKAQILQQAGTSVLAQANQVPQNVLSLLR
P12554,MNRAVCQVALENDEREAKNTWRLVFRIAILLLTVMTLAISAAALAYSMEASTPGDLVSIPTAISRAEGKITSALGSNQDVVDRIYKQVALESPLALLNTESIIMNAITSLSYQINGAANNSGCGAPVHDPDYIGGIGKELIVDDTSDVTSFYPSAFQEHLNFIPAPTTGSGCTRIPSFDMSATHCYTHNVIFSGCRDHSHSHQYLALGVLRTSATGRVFFSTLRSINLDDTQNRKSCSVSATPLGCDMLCSKVTETEEEDYNSVIPTSMVHGRLGFDGQYHEKDLDVTTLFGDWVANYPGVGGGSFIDNRVWFPVYGGLKPSSPSDTGQEGRYVIYKRYNDTCPDEQDYQIRMAKSSYKPGRFGGKRVQQAILSIKVSTSLGEDPVLTIPPNTVTLMGAEGRVLTVGTSHFLYQRGSSYFSPALLYPMTVNNNTATLHSPYTFNAFTRPGSVPCQASARCPNSCVTGVYTDPYPLVFHRNHTLRGVFGTMLDDEQARLNLVSAVFDNISRSRITRVSSSRTKAAYTTSTCFKVVKTNKTYCLSIAEISNTLFGEFRIVPLLVEILKDDGV
P00698,MRSLLILVLCFLPLAALGKVFGRCELAAAMKRHGLDNYRGYSLGNWVCAAKFESNFNTQATNRNTDGSTDYGILQINSRWWCNDGRTPGSRNLCNIPCSALLSSDITASVNCAKKIVSDGNGMNAWVAWRNRCKGTDVQAWIRGCRL
P20626,MREKVVLFLSIIMAIMLPVGNAAAAPVVHNPASTANRPVYAIAHRVLTTQGVDDAVAIGANALEIDFTAWGRGWWADHDGIPTSAGATAEEIFKHIADKRKQGANITFTWLDIKNPDYCRDARSVCSINALRDLARKYLEPAGVRVLYGFYKTVGGPAWKTITADLRDGEAVALSGPAQDVLNDFARSENKILTKQKIADYGYYNINQGFGNCYGTWNRTCDQLRKSSEARDQGKLGKTFGWTIATGQDARVNDLLGKANVDGLIFGFKITHFYRHADTENSFKAIKRWVDKHSATHHLATVADNPW
Q67148,MSLLTEVETPIRSEWGCRCNDSGDPLVAAASIIGILHLILWILDRLFFKCIYRRFKYGVKRGPSTEGVPESMREEYRQKQQSAVDVDDGHFVNIVLE
15675290,MGKEIKVKCFLRRSAFGLVAVSASVLVGSTVSAVDSPIEQPRIIPNGGTLTNLLGNAPEKLALRNEERAIDELKKQAIEDKEATTAIEAASSDALEALADQTDALQSEEAAVVKADNAASDALEALADQTDALQSEEAEVVQSDNAASDAWEKAATPIALDVKKTKDTKPVVKKEERQNVNTLPTTGEESNPFFTAAALAIMVSTGVLVVSSKCKEN
Q2PDK5,MRRVILPTAPPEYMEAIYPVRSNSTIARGGNSNTGFLTPESVNGDTPSNPLRPIADDTIDHASHTPGSVSSAFILEAMVNVISGPKVLMKQIPIWLPLGVADQKTYSFDSTTAAIMLASYTITHFGKATNPLVRVNRLGPGIPDHPLRLLRIGNQAFLQEFVLPPVQLPQYFTFDLTALKLITQPLPAATWTDDTPTGSNGALRPGISFHPKLRPILLPNKSGKKGNSADLTFPEKIQAIMTSLQDLKIVPIDPTKNIMGIEVPETLVHKLTGKKVTSKNGQPIIPVLLPKYIGLDPVAPGDLTMVITQDCDTCHSPASLPAVIEK
P24569,MSTTNDNTTMQRLMITDMRPLSMESIITSLTKEIITHKFIYLINNECIVRKLDERQATFTFLVNYEMKLLHKVGSTIYKKYTEYNTKYGTFPMPIFINHDGFLECIGIKPTKHTPIIYKYDLNP
P01556,MIKLKFGVFFTVLLSSAYAHGTPQNITDLCAEYHNTQIYTLNDKIFSYTESLAGKREMAIITFKNGAIFQVEVPGSQHIDSQKKAIERMKDTLRIAYLTEAKVEKLCVWNNKTPHAIAAISMAN
Q24797,QLCLILFATSVLAQEYKGMGVETRTTETPLRKHFNLTPVGSQGIRLSWEVQHLSDLKGTDISLKAVNPSDPLVYKRQTAKFSDGQLTIGELKPSTLYKMTVEAVKAKKTILGFTVDIETPRAGKKESTVMTSGSALTSAIAGFVFSCIVVVLT
Q71TT2,MGAAASIQTTVNTLSERISSKLEQEANASAQTKCDIEIGNFYIRQNHGCNLTVKNMCSADADAQLDAVLSAATETYSGLTPEQKAYVPAMFTAALNIQTSVNTVVRDFENYVKQTCNSSAVVDNKLKIQNVIIDECYGAPGSPTNLEFINTGSSKGNCAIKALMQLTTKATTQIAPKQVAGTGVQFYMIVIGVIILAALFMYYAKRMLFTSTNDKIKLILANKENVHWTTYMDTFFRTSPMVIATTDMQN
P59595,MSDNGPQSNQRSAPRITFGGPTDSTDNNQNGGRNGARPKQRRPQGLPNNTASWFTALTQHGKEELRFPRGQGVPINTNSGPDDQIGYYRRATRRVRGGDGKMKELSPRWYFYYLGTGPEASLPYGANKEGIVWVATEGALNTPKDHIGTRNPNNNAATVLQLPQGTTLPKGFYAEGSRGGSQASSRSSSRSRGNSRNSTPGSSRGNSPARMASGGGETALALLLLDRLNQLESKVSGKGQQQQGQTVTKKSAAEASKKPRQKRTATKQYNVTQAFGRRGPEQTQGNFGDQDLIRQGTDYKHWPQIAQFAPSASAFFGMSRIGMEVTPSGTWLTYHGAIKLDDKDPQFKDNVILLNKHIDAYKTFPPTEPKKDKKKKTDEAQPLPQRQKKQPTVTLLPAADMDDFSRQLQNSMSGASADSTQA
Q48473,MKVKVLSLLVPALLVAGAANAAEIYNKDGNKLDLYGKIDGLHYFSDDKDVDGDQTYMRLGVKGETQINDQLTGYGQWEYNVQANNTESSSDQAWTRLAFAGLKFGDAGSFDYGRNYGVVYDVTSWTDVLPEFGGDTYGSDNFLQSRANGVATYRNSDFFGLVDGLNFALQYQGKNGSVSGEGATNNGRGALKQNGDGFGTSVTYDIFDGISAGFAYANSKRTDDQNQLLLGEGDHAETYTGGLKYDANNIYLATQYTQTYNATRAGSLGFANKAQNFEVAAQYQFDFGLRPSVAYLQSKGKDLNGYGDQDILKYVDVGATYYFNKNMSTYVDYKINLLDDNSFTRSAGISTDDVVALGLVYQF
Q71TT1,MMTPENDEEQTSVFSATVYGDKIQGKNKRKRVIGLCIRISMVISLLSMITMSAFLIVRLNQCMSANEAAITDAAVAVAAASSTHRKVASSTTQYDHKESCNGLYYQGSCYILHSDYQLFSDAKANCTAESSTLPNKSDVLITWLIDYVEDTWGSDGNPITKTTSDYQDSDVSQEVRKYFCVKTMN
Q7X3W5,MKKISRKEYVSMYGPTTGDKVRLGDTDLIAEVEHDYTIYGEELKFGGGKTLREGMSQSNNPSKEELDLIITNALIVDYTGIYKADIGIKDGKIAGIGKGGNKDMQDGVKNNLSVGPATEALAGEGLIVTAGGIDTHIHFISPQQIPTAFASGVTTMIGGGTGPADGTNATTITPGRRNLKWMLRAAEEYSMNLGFLAKGNASNDASLADQIEAGAIGFKIHEDWGTTPSAINHALDVADKYDVQVAIHTDTLNEAGCVEDTMAAIAGRTMHTFHTEGAGGGHAPDIIKVAGEHNILPASTNPTIPFTVNTEAEHMDMLMVCHHLDKSIKEDVQFADSRIRPQTIAAEDTLHDMGIFSITSSDSQAMGRVGEVITRTWQTADKNKKEFGRLKEEKGDNDNFRIKRYLSKYTINPAIAHGISEYVGSVEVGKVADLVLWSPAFFGVKPNMIIKGGFIALSQMGDANASIPTPQPVYYREMFAHHGKAKYDANITFVSKAAYDKGIKEELGLERQVLPVKNCRNITKKDMQFNDTTAHIEVNPETYHVFVDGKEVTSKPATKVSLAQLFSIF
P02185,MVLSEGEWQLVLHVWAKVEADVAGHGQDILIRLFKSHPETLEKFDRFKHLKTEAEMKASEDLKKHGVTVLTALGAILKKKGHHEAELKPLAQSHATKHKIPIKYLEFISEAIIHVLHSRHPGDFGADAQGAMNKALELFRKDIAAKYKELGYQG
P19649,MKTRNFSLVSALYVLLGVPLFVSAASYDDNEFSRKSRAYSELAEKTYDAGEYDVSAEYARLAEDFAQKSSVYIKETMARTTAEDAMNAARTRHAWAKNERIDRAYPTEYLLASEAIKTGGLAFDSKQYDVALTWARKALDALKNVKPESQLLAKAAKEEAARKAAEARKLEEQRIAAQKAQEERKRAEEEAARKAAEARKLEEQRIAAQKAQEERKRAEEEAARKAAEEAARKAEELEKGRVLPAQYKVTTWSIDRECFWNIAKNPAVYGNPFLWKKLYEANKDKIPQSKNPNWVEPETVLVIPSLKGEEREGLYEPNVKYRPLP
P02977,MARENTNKHYWLRKLKKGTASVAVALSVLGAGLVVNTNEVSAAVTRGTINDPQRAKEALDKYELENHDLKTKNEGLKTENEGLKTENEGLKTENEGLKTEKKEHEAENDKLKQQRDTLSTQKETLEREVQNTQYNNETLKIKNGDLTKELNKTRQELANKQQESKENEKALNELLEKTVKDKIAKEQENKETIGTLKKILDETVKDKIAKEQENKETIGTLKKILDETVKDKLAKEQKSKQNIGALKQELAKKDEANKISDASRKGLRRDLDASREAKKQLEAEHQKLEEQNKISEASRKGLRRDLDASREAKKQLEAEQQKLEEQNKISEASRKGLRRDLDASREAKKQVEKALEEANSKLAALEKLNKELEESKKLTEKEKAELQAKLEAEAKALKEQLAKQAEELAKLRAGKASDSQTPDTKPGNKAVPGKGQAPQAGTKPNQNKAPMKETKRQLPSTGETANPFFTAAALTVMATAGVAAVVKRKEEN
Q48900,PTITNDGVSIAKEIELEDPYEKIGAELVKEVAKKTDDVAGDGTTTATVLAQALVREGLRNVAAGANPLGLKRGIEKAVEKVTETLLKSAKEVETKDQIAATAAISAGDQSIGDLIAEAMDKVGNEGVITVEESNTFGLQLELTEGMRFDKG
5070243,MFRRSKNNSYDTSQTKQRFSIKKFKFGAASVLIGLSFLGGVTQGNLNIFEESIVAASTIPGSAATLNTSITKNIQNGNAYIDLYDVKNGLIDPQNLIVLNPSSYSANYYIKQGAKYYSNPIEITTTGSATITFNILDETGNPHKKADGQIDIVSVNLTIYDSTALRNRIDEVINNANDPKWSDGSRDEVLTGLEKIKKDIDNNPKTQIDIDNKINEVNEIGKLLVVSLPDKIKYSPEAKHRTVEQHAELDAKDSIANTDELPSNSTYNWKNGHKPDTSTSGEKDGIVEVHYPDGTVDDVNVKVTVTSKKTDNTAPTLTVTPEQQTVKVDEDITFTVTVEDENEVELGLDDLKAKYENDIIGARVKIKYLTKEPNKKVMEVTIMKATLADKGAITFTAKDKAGNQAEPKTVTINVLPLKDSNEPKGKDQTVKVGETPKAEDSIGNLSDLPKGTTVAFEAPVDTATPGDKPAKVVVTYPDGSKDTVDVTVKVVDPRTDADKNDPAGKDQTVKVGETPKAEDSIGNLSDLPKGTTVAFEAPVDTATPGDKPAKVVVTYPDGSKDTVDVTVKVVDPRTDADKNDPAGKDQTVKVGETPKAEDSIGNLSDLPKGTTVAFEAPVDTATPGDKPAKVVVTYPDGSKDTVDVTVKVVDPRTDADKNDPAGKDQTVKVGETPKAEDSIGNLSDLPKGTTVAFEAPVDTATPGDKPAKVVVTYPDGSKDTVDVTVKVVDPRTDADKNDPAGKDQTVKVGETPKAEDSIGNLSDLPKGTTVAFEAPVDTATPGDKPAKVVVTYPDGSKDTVDVTVKVVDPRTDADKNDPAGKDQTVKVGETPKAEDSIGNLSDLPKGTTVAFEAPVDTATPGDKPAKVVVTYPDGSKDTVDVTVKVVDPRTDADKNDPAGKDQTVKVGETPKAEDSIGNLSDLPKGTTVAFEAPVDTATPGDKPAKVVVTYPDGSKDTVDVTVKVVDPRTDADKNDPAGKDQTVKVGETPKAEDSIGNLSDLPKGTTVAFEAPVDTATPGDKPAKVVVTYPDGSKDTVDVTVKVVDPRTDADKNDPAGKDQTVKVGETPKAEDSIGNLSDLPKGTTVAFEAPVDTATPGDKPAKVVVTYPDGSKDTVDVTVKVVDPRTDADKNDPAGKDQTVKVGETPKAEDSIGNLSDLPKGTTVAFEAPVDTATPGDKPAKVVVTYPDGSKDTVDVTVKVVDPRTDADKNDPAGKNQQVKGKGNKLPATGENATPFFNVAALTIISSVGLLSVSKKKED
O56048,YAQYRVARAAIRYRPLVPNAVGGYAISISFWPQTTTTPTSVDMNSITSTDVRILVQPGIASELVIPSERLHYRNQGWRSVETSGVAEEEATSGLVMLCIHGSPVNSYTNTPYTGALGLLDFALELEFRNLTPGNTNTRVSRYSSTARHRLRRGADGTAELTTTAATRFMKDLYFTSTNGVGEIGRGIALTLFNLADTLLGGLPTELISSAGGQLFYSRPVVSANGEP
Q9ZN37,MSVTLINNENNARYEFETIECTRGPKAVDFSKLFETTGFFSYDPGYSSTAGCQSKISYINGKKGELYYRGHRIEDLVAKYKYVDVCRLLLTGELPKNQDESLEFELELRHRSFVHESLLNMFSAFPSNAHPMAKLSSGVSILSTLYSTHQNMHTEEDYQTMARRIVAKIPTLAAICYRNEVGAPIIYPDIARSYVENILFMLRGYPYSRLKHTTQGEVGITPLEVEAFDKILTLHADHGQNASSTTVRNVASTGVHPYAAISAGISALWGHLHGGANEKVLLQLEEIGDVKNVDKYIARVKDKNDNFKLMGFGHRVYKSYDPRAKILKGLKDELHQKGVKMDERLSEIAAKVEEIALKDEYFIERNLYPNVDFYSGTILRALKIPVRFFTPVFVIGRTVGWCAQLLEHVKSPQARITRPRQVYVGD
Q79F92,MLWHAMPPELNTARLMAGAGPAPMLAAAAGWQTLSAALDAQAVELTARLNSLGEAWTGGGSDKALAAATPMVVWLQTASTQAKTRAMQATAQAAAYTQAMATTPSLPEIAANHITQAVLTATNFFGINTIPIALTEMDYFIRMWNQAALAMEVYQAETAVNTLFEKLEPMASILDPGASQSTTNPIFGMPSPGSSTPVGQLPPAATQTLGQLGEMSGPMQQLTQPLQQVTSLFSQVGGTGGGNPADEEAAQMGLLGTSPLSNHPLAGGSGPSAGAGLLRAESLPGAGGSLTRTPLMSQLIEKPVAPSVMPAAAAGSSATGGAAPVGAGAMGQGAQSGGSTRPGLVAPAPLAQEREEDDEDDWDEEDDW
P69359,MGNTSITIEFTSKFWPYFTLIHMILTPISLLIIITIMIAILNKLSEHKTFCNKTLELGQMYQINT
Q46412,MKKLLKSVLVFAALSSASSLQALPVGNPAEPSLMIDGILWEGFGGDPCDPCTTWCDAISMRMGYYGDFVFDRVLETDVNKEFHMGAKPTTDTGNSAAPSTLTARENPAYGRHMQDAEMFTNAACMALNIWDRFDVFCTLGATSGYLKGNSASFNLVGLFGDNENQKTVKAESVPNMSFDQSVVELYTDTTFAWSVGARAALWECGCATLGASFQYAQSKPKVEELNVLCNAAEFTINKPKGYVGKEFPLDLTAGTDAATGTKDASIDYHEWQASLALSYRLNMFTPYIGVKWSRASFDADTIRIAQPKSATAIFDTTTLNPTIAGAGDVKTGAEGQLGDTMQIVSLQLNKMKSRKSCGIAVGTTIVDADKYAVTVETRLIDERAAHVNAQFRF
O56638,ESRIWCLVVCVNLCIVCLGAAVSSSSTTGSRGTSIHNHHSSHTTSAARSQSGSVSHHVTSSQTVSHDVNETIY
Q56I18,MFKVLIITLLVNGIHFEKIYNVPVNCGELHPVKAHEIKCPQRLNELSLQAHHNLAKDEHYNKICRPQLKDDDHLEGFICRKQKWITKCSETWYFSTSIEYQILEVIPEYSGCTDAVKKLDQGALIPPYYPPAGCFWNTEMNQEIEFYVLIQHKPFLNPYDNLIYDSRFLTPCTINDSKTKGCPLKDITGTWIPDVRVKEISEHCNSKHWECITVNSFRSELNETERLWEAPDIGLVHVNKGCLSTFCGRNGIIFEDGEWWSIENQTESDFQNFKIEKCKGKKPGFRMHTDRTEFEELDIKAELEHERCLNTISKILNKENINTLDMSYLAPTRPGRDYAYLFEQTSWQEKLCLSLPDSGRVSKDCSIDWRTSTRGGMVKKNHYGIGSYKRAWCEYRPFIDKNEDGYIDIQELNGHNMSRNHAILETAPAGGSSGKKLNVTLNGMIFVEPTKLYLHTKSIYEGIEEYQKLIKFEVMEYDNIEENLIKYEEDEKFKPVNLSPHEKSQINRTDIVREIQRGGKKVLSAVVGWFTSTAKAVRWTIWAVGAIVTTYAIYKLYKMVKSNSSHNKHNETDLEGLQSITKENMKMEKNDKNYQDLELGLYEEIRSIKSGSKPIGDDRFFDH
Q3K3Z5,MKMNKKVLLTSTMAASLLSVASVQAQETDTTWTARTVSEVKADLVKQDNKSSYTVKYGDTLSVISEAMSIDMNVLAKINNIADINLIYPETTLTVTYDQKSHTATSMKIETPATNAAGQTTATVDLKTNQVSVADQKVSLNTISEGMTPEAATTIVSPMKTYSSAPALKSKEVLAQGQAVSQAAANEQVSPAPVKSITSEVPAAKEEVKPTQTSVSQSTTVSPASVAAETPAPVAKVAPVRTVAAPRVASVKVVTPKVETGASPEHVSAPAVPVTTTSTATDSKLQATEVKSVPVAQKAPTATPVAQPASTTNAVAAHPENARLQPHVAAYKEKVASTYGVNEFSTYRAGDPGDHGKGLAVDFIVGKNQALGNEVAQYSTQNMAANNISYVIWQQKFYSNTNSIYGPANTWNAMPDRGGVTANHYDHVHVSFNK
O40239,WGIKQLQARVLAVERYLKDQQLLGIWGCSGKLICTTTVPWNASWSNKSLDDIWDNMTWMEWEREIDNYTDLIYTLIGKSQNPPGKDGPGLLALDKWASLWSWFDISNWL
Q6EZA6,MKKIMLIASAMSALSLPFSASAIELGDEGGLECGPYAKVGVVGGMITGVESIRLDPADADGKKHLPLITSMPFGGTLAAGMTIAQGFRAELGVMYLTNITAQVEEGKVKADSGGKTKADSGGEIKADSGGGTDAPIRKRFKLTPPQPTIMPISIADRDFGIDIRNIPQAQAGNLXXEQRAAARIAWLKNCAGIDYRVKDPNNPNGPMVINPILLNIPQGNPIPVGNQRAQQPAGFAIHDHEQWRYLVTGLAALSNANKPSASPVKVLSDKITQIYSDIKLFADIAGIDVPDAGLPNSATVEQIQNKIQELNDVLEELRESYDGYLGGNAFANQIQLNFVMPQQAQQQGQGQQQQAQATAQEAVAAAAVRLLNGNNQIEQLYRDLVKLQRHAGIKKAMEKLAAQQEEDAKNQGEGDCKQQQGTSEKSKEGKAKEAEFDLSMIVGQVKLYADVMITESFSIYAGVSAGLAYTYGKIDNKDIKGHTGMVASGALGVAINAAEGVYVDIEGSYMYSFSKIEEKYSINPLMASVSVRYNF
P25187,MYGIEYTTILIFLISIILLNYIVKSVTRIMDYIIYRFLLISVALFALTRAQNYGINLPITGSMDIVYANSTQEEIFLTSTLCLYYPTEASTQINDGEWKDSLSQMFLTKGWPTGSVYFKEYSSIVDFSVDPQLYCDYNLVLMKYDQNLELDMSELADLILNEWLCNPMDITLYYYQQSGESNKWISMGSSCTVKVCPLNTQTLGIGCQTTNVDSFEMVAENEKLAIVDVVDGINHKINLTTTTCTNRNCKKLGPRENVAVIQVGGSNVLDITADPTTNPQTERMMRVNWKKWWQVFYTIVDYINQIVQVMSKRSRSLNSAAFYYRV
P00711,MMSFVSLLLVGILFHATQAEQLTKCEVFRELKDLKGYGGVSLPEWVCTTFHTSGYDTQAIVQNNDSTEYGLFQINNKIWCKDDQNPHSSNICNISCDKFLDDDLTDDIMCVKKILDKVGINYWLAHKALCSEKLDQWLCEKL
P15453,MKSLFIASTMVLMAFPAFAESTTVKMYEALPTGPGKEVGTVVISEAPGGLHFKVNMEKLTPGYHGFHVHENPSCAPGEKDGKIVPALAAGGHYDPGNTHHHLGPEGDGHMGDLPRLSANADGKVSETVVAPHLKKLAEIKQRSLMVHVGGDNYSDKPEPLGGGGARFACGVIE
Q64FG1,MYICGDSTECANLLLQYGSFCTQLNRALSGIAAEQDRNTREVFAQVKQMYKTPTLKYFGGFNFSQILPDPLKPTKRSFIEDLLFNKVTLADAGFMKQYGECLGDIDARDLICAQKFNGLTVLPPLLTDDMIAAYTAALISGTATAGWTFGAGAALQIPFAMQMAYRFNGIGVTQNVLYENQKQIANQFNKAISQIQESLTTTSTALGKLQDVVNQNAQALNTLVKQLSSNLGAISSVLNDILSRLDKVEAEVQIDRLITGRLQSLQTYVTQQLIRAAEIRASANLAATKMSECVLGQSKRVDFCGKGYHLMSFPQAAPHGVVFLHVTYVPSKERNFTTAPAICHEGKAYFPREGVFVFNGTSWFITQRNFFSPQIITTDNTFVSGNCDVVIGIINNTVYDPLQPELDSFKEELDKYFKNHTSPDVDLGDISGINASVVNIQKEIDRLNEVAKNLNESLIDLQELGKYEQYIKWPWYVWLGFIAGLIAIVMVTILLCCMTSCCSCLKGACSCGSCCKFDEDDSEPVLKGVKLHYT
15675314,MKNSNKLIASVVTLASVMALAACQSTNDNTKVISMKGDTISVSDFYNETKNTEVSQKAMLNLVISRVFEAQYGDKVSKKEVEKAYHKTAEQYGASFSAALAQSSLTPETFKRQIRSSKLVEYAVKEAAKKELTTQEYKKAYESYTPTMAVEMITLDNEETAKSVLEELKAEGADFTAIAKEKTTTPEKKVTYKFDSGATNVPTDVVKAASSLNEGGISDVISVLDPTSYQKKFYIVKVTKKAEKKSDWQEYKKRLKAIIIAEKSKDMNFQNKVIANALDKANVKIKDKAFANILAQYANLGQKTKAASESSTTSESSKAAEENPSESEQTQTSSAEEPTETEAQTQEPAAQ
P09866,DMGCVASWSGKELKCGSGIFVVDNVHTWTEQYKFQPESPARLASAILNAHKDGVCGIRSTTRLENVMWKQITNELNYVLWEGGHDLTVVAGDVKGVLTKGKRALTPPVSDLKYSWKTWGKAKIFTPEARNSTFLIDGPDTSECPNERRAWNSLEVEDYGFGMFTTNIWMKFREGSSEVCDHRLMSAAIKDQKAVHADMGYWIESSKNQTWQIEKASLIEVKTCLWPKTHTLWSNGVLESQMLIPKSYAGPFSQHNYRQGYATQTVGPWHLGKLEIDFGECPGTTVTIQEDCDHRGPSLRTTTASGKLVTQWCCRSCTMPPLRFLGEDGCWYGMEIRPLSEKEENMVKSQVTA
Q29YA6,MSETPAPPGYSVPSCSPGSRDLTRSDVLALILSFNPVSRSDVEDLSRRLSSLQSSYDALFEEVLRLRVRMDMIYNSFSKSLSDLGDRVAKLERETSHIKTVRAPLHVTDGELAILAKPSFCTLDPVLSGTSLNAVFATGSWLAKIEAGASIDSLTLNLRFHHFGQRTTLFLSSPDVVTVFPGSSVYLVLDTSRLIDFTYDTSPLTPSPAFAANMFMVHMVFDDAFTKESFSLSTTGSFSHSAFRITWILVASETKNYFIRAVRFSIATI
O09635,MELPILKTNAITAILAAVTLCFASSQNITEEFYQSTCSAVSKGYLSALRTGWYTSVITIELSNIKENKCNGTDAKVKLIKQELDKYKSAVTELQLLMQSTPATNNRARRELPRFMNYTLNNTKNTNVTLSKKRKRRFLGFLLGVGSAIASGIAVSKVLHLEGEVNKIKSALLSTNKAVVSLSNGVSVLTSKVLDLKNYIDKQLLPIVNKQSCSISNIETVIEFQQKNNRLLEITREFSVNAGVTTPVSTYMLTNSELLSLINDMPITNDQKKLMSNNVQIVRQQSYSIMSIIKEEVLAYVVQLPLYGVIDTPCWKLHTSPLCTTNTKEGSNICLTRTDRGWYCDNAGSVSFFPLAETCKVQSNRVFCDTMNSLTLPSEVNLCNIDIFNPKYDCKIMTSKTDVSSSVITSLGAIVSCYGKTKCTASNKNRGIIKTFSNGCDYVSNKGVDTVSVGNTLYYVNKQEGKSLYVKGEPIINFYDPLVFPSDEFDASISQVNEKINQSLAFIRKSDELLHNVNAGKSTTNIMITTIIIVIIVILLSLIAVGLLLYCKARSTPVTLSKDQLSGINNIAFSN
P17739,MRLLIGFALALALIGCAQKGAESIGSQKENDLNLEDSSKKSHQNAKQDLPAVTEDSVSLFNGNKIFVSKEKNSSGKYDLRATIDQVELKGTSDKNNGSGTLEGSKPDKSKVKLTVSADLNTVTLEAFDASNQKISSKVTKKQGSITEETLKANKLDSKKLTRSNGTTLEYSQITDADNATKAVETLKNSIKLEGSLVVGKTTVEIKEGTVTLKREIEKDGKVKVFLNDTAGSNKKTGKWEDSTSTLTISADSKKTKDLVFLTDGTITVQQYNTAGTSLEGSASEIKNLSELKNALK
Q8ZP50,MKKFTVAALALTTLLSGSAFAHEAGEFFMRAGPATVRPTEGAGGTLGHLNGFDVSNNTQLGLTFTYMATDNIGVELLAATPFRHKVGTGATGDIATVHLLPPTLMAQWYFGDSSSKVRPYVGVGVNYTTFFDNDFNDNGKNAGLSDLSFKDSWGAAGQVGVDYLINRDWLIGASVWYMDIDTTANYKMGGVQHHDSVRLDPWVFMFSAGYRF
P0A0L2,MKKTAFTLLLFIALTLTTSPLVNGSEKSEEINEKDLRKKSELQGTALGNLKQIYYYNEKAKTENKESHDQFLQHTILFKGFFTDHSWYNDLLVDFDSKDIVDKYKGKKVDLYGAYYGYQCAGGTPNKTACMYGGVTLHDNNRLTEEKKVPINLWLDGKQNTVPLETVKTNKKNVTVQELDLQARRYLQEKYNLYNSDVFDGKVQRGLIVFHTSTEPSVNYDLFGAQGQYSNTLLRIYRDNKTINSENMHIDIYLYTS
P89237,RASNCAYGHIPISIDIPDAAFVRSSESPTILEVSCTVADCIYSADFGDSLTLQYKADREGHCPVHSHSTTAVLKEATTHVTAVGSITLHFSTSSPQANFIVSLCGKKTTCNAECKPPADHIIGEPHKVDQEFQAAVSKTSWNWLLALFGGASSLIVVGLIVLVCSSMLINTRR
Q77Q74,MPSKKNGRSGPQPHKRWVFTLNNPSEDERKKIRELPISLFDYFIVGEEGNEEGRTPHLQGFANFVKKQTFNKVKWYLGARCHIEKAKGTDQQNKEYCSKEGNLLIECGAPRSQGQRSDLSTAVSTLLESGSLVTVAEQHPVTFVRNFRGLAELLKVSGKMQKRDWKTNVHVIVGPPGCGKSKWAANFADPETTYWKPPRNKWWDGYHGEEVVVIDDFYGWLPWDDLLRLCDRYPLTVETKGGTVPFLARSILITSNQTPLEWYSSTAVPAVEALYRRITSLVFWKNATEQSTEEGGQFVTLSPPCPEFPYEINY
Q5BMC7,RERVSALESANASINESVSNVLSEMTSLSSRMEKLTTSVTEINAELNSVAINIQALKVSLDSISDTLTSLSANVDDHASSLSNLRQNVDILSTDAANLKSDVSTQSLRLSNLERRVTQLETGGSAPLTFSAPLKLDGTNVSLELDPYFCSVDHNLTSYSADAQLMQFKWLVRG
Q4KRX1,MGSNSLSMIKVRLQNLFDNDEVALLKITCYTDKLIHLTNALAKAVIHTIKLNGIVFVHVITSSDICPNNNIVVKSNFTTMPVLQNGGYIWEMMELTHCSQPNGLIDDNCEIKFSKKLSDSTMTNYMNQLSELLGFDLNP
O39843,CECKYSQRVTAIRGDRAVLAAKYADTRHTLPSTFNFGHVTADKAVXVYYRMKRAELYCPRPLLPAYEHANRXRFDAPIGVEXQLCNFD
Q7DHH4,MKKIKIVPLILIVVVVGFGIYFYASKDKEINNTIDAIEDKNFKQVYKDSSYISKSDNGEVEMTERPIKIYNSLGVKDINIQDRKIKKVSKNKKRVDAQYKIKTNYGNIDRNVQFNFVKEDGMWKLDWDHSVIIPGMQKDQSIHIENLKSERGKILDRNNVELANTGTAYEIGIVPKNVSKKDYKAIAKELSISEDYIKQQMDQNWVQDDTFVPLKTVKKMDEYLSDFAKKFHLTTNETESRNYPLGKATSHLLGYVGPINSEELKQKEYKGYKDDAVIGKKGLEKLYDKKLQHEDGYRVTIVDDNSNTIAHTLIEKKKKDGKDIQLTIDAKVQKSIYNNMKNDYGSGTAIHPQTGELLALVSTPSYDVYPFMYGMSNEEYNKLTEDKKEPLLNKFQITTSPGSTQKILTAMIGLNNKTLDDKTSYKIDGKGWQKDKSWGGYNVTRYEVVNGNIDLKQAIESSDNIFFARVALELGSKKFEKGMKKLGVGEDIPSDYPFYNAQISNKNLDNEILLADSGYGQGEILINPVQILSIYSALENNGNINAPHLLKDTKNKVWKKNIISKENINLLTDGMQQVVNKTHKEDIYRSYANLIGKSGTAELKMKQGETGRQIGWFISYDKDNPNMMMAINVKDVQDKGMASYNAKISGKVYDELYENGNKKYDIDE
Q1KVI3,MFIFLLFLTLTSGSDLDRCTTFDDVQAPNYTQHTSSMRGVYYPDEIFRSDTLYLTQDLFLPFYSNVTGFHTINHTFDNPVIPFKDGIYFAATEKSNVVRGWVFGSTMNNKSQSVIIINNSTNVVIRACNFELCDNPFFAVSKPMGTQTHTMIFDNAFNCTFEYISDASSLDVSEKSGNFKHLREFVFKNKDGFLHVYKGYQPIDVVRDLPSGFNTLKPIFKLPLGINITNFRAILTAFSPAQDTWGTSAAAYFVGYLKPTTFMLKYDKNGTITDAVDCSQNPLAELKCSVKSFEIDKGIYQTSNFRVVPSGDVVRFPNITNLCPFGEVFNATKFPSVYAWERKKISNCVADYSVLYNSTFFSTFKCYGVSATKLNDLCFSNVYANSFVVKGDDVRQIAPGQTGVIADYNYKLPDDFMGCVLAWNTRNIDATSTGNYNYKYRYLRHGKLRPFERDISNVPFSPDGKPCTPPALNCYWPLNDYGFYTTTGIGYQPYRVVVLSFELLNAPATVCGPKLSTDLIKNQCVNFNFNGLTGTGVLTPSSKRFQPFQQFGRDVSDFTDSVRDPKTSEILDISPCSFGGVSVITPGTNASSEVAVLYQDVNCTDVSTAIHADQLTPAWRIYSTGNNVFQTQAGCLIGAEHVDTSYECDIPIGAGICASYHTVSLLRSTSQKSIVAYTMSLGADSSIAYSNNTIAIPTNFSISITTEVMPVSMAKTSVDCN
P16071,MAEKGKTNSSYWSTTRNDNSTVNTYIDTPAGKTHIWLLIATTMHTILSFIIMILCIDLIIKQDTCMKTNIMTVSSMNESAKTIKETITELIRQEVISRTINIQSSVQSGIPILLNKQSRDLTQLIEKSCNRQELAQICENTIAIHHADGISPLDPHDFWRCPVGEPLLSNNPNISLLPGPSLLSGSTTISGCVRLPSLSIGDAIYAYSSNLITQGCADIGKSYQVLQLGYISLNSDMYPDLKPVISHTYDINDNRKSCSVIAAGTRGYQLCSLPTVNETTDYSSEGIEDLVFDILDLKGKTKSHRYKNEDITFDHPFSAMYPSVGSGIKIENTLIFLGYGGLTTPLQGDTKCVTNRCANVNQSVCNDALKITWLKKRQVVNVLIRINNYLSDRPKIVVETIPITQNYLGAEGRLLKLGKKIYIYTRSSGWHSHLQIGSLDINNPMTIKWAPHEVLSRPGNQDCNWYNRCPRECISGVYTDAYPLSPDAVNVATTTLYANTSRVNPTIMYSNTSEIINMLRLKNVQLEAAYTTTSCITHFGKGYCFHIVEINQTSLNTLQPMLFKTSIPKICKITS
P03303a,GLPTTTLPGSGQFLTTDDRQSPSALPNYEPTPRIHIPGKVHNLLEIIQVDTLIPMNNTHTKDEVNSYLIPLNANRQNEQVFGTNLFIGDGVFKTTLLGEIVQYYTHWSGSLRFSLMYTGPALSSAKLILAYTPPGARGPQDRREAMLGTHVVWDIGLQSTIVMTIPWTSGVQFRYTDPDTYTSAGFLSCWYQTSLILPPETTGQVYLLSFISACPDFKLRLMKDTQTISQTVALTE
P0A5Q4,MRIKIFMLVTAVVLLCCSGVATAAPKTYCEELKGTDTGQACQIQMSDPAYNINISLPSYYPDQKSLENYIAQTRDKFLSAATSSTPREAPYELNITSATYQSAIPPRGTQAVVLKVYQNAGGTHPTTTYKAFDWDQAYRKPITYDTLWQADTDPLPVVFPIVQGELSKQTGQQVSIAPNAGLDPVNYQNFAVTNDGVIFFFNPGELLPEAAGPTQVLVPRSAIDSMLA
19746885,MFLRNKKQKFSIRKLSAGAASVLVAASVLGGGVSAYADSVSGLEVADPSDSKKLIELGLAKYLNDKLPFKTKEDSEILSELRDVLKNANPETLKSLLNGMDQGHISFSDRNNRYNRLSQYINSFRKDDDDYLHNGYSLGSLVIEAIKYRLDSESHLKEELLKQTAELEQRKNAEVDLKSEKKRLEAQIEKVGYDIANKQQELEKARSDQKELSESIQKLTSRFKKESDAKQKELDEAKAANKSLSESATKTLARSSKITNELKDKLAASEKDKNRAFQVSSELANKLHETETSRDKALAESKELADKLAVKTAEAEKLMENVGSLDRLVESAKREMAQKLAEIDQLTADKAKADAELAAANDTIASLQTELEKVKTELAVSERLIESGKREIAELEKQKDASDKALAESQANVAELEKQKAASDAKVAELEKEVEAAKAEVADLKAQLAKKEEELEAVKKEKEALEAKIEELKKAHAEELSKLKEMLEKKDHANADLQAEINRLKQELADRIKSLSQGGRASQTNPGSTTAKAGQLPSTGESANPFFTIAALTVIAGAGMAVVSPKRKEN
P17332,MGQIVTFFQEVPHVIEEVMNIVLIALSILAILKGLYNVATCGLIGLVTFLLLSGRSCSLIYKGTYELQTLELNMETLNMTMPLSCTKNNSHHYIRVGNETGLELTLTNTSILNHKFCNLSDAHKRNLYDHSLMSIISTFHLSIPNFNQYEAMSCDFNGGKITVQYNLSHSFAVDAAGHCGTLANGVLQTFMRMAWGGSYIALDSGRGNWDCIMTSYQYLIIQNTTWDDHCQFSRPSPIGYLGLLSQRTRDIYISRRLLGTFTWTLSDSEGNETPGGYCLTRWMLIEAELKCFGNTAVAKCNEKHDEEFCDMLRLFDFNKQAIRRLKTEAQMSIQLINKAVNALINDQLIMKNHLRDIMGIPYCNYSRYWYLNHTSTGKTSLPRCWLISNGSYLNETKFSDDIEQQADNMITEMLQKEYIDRQGKTPLGLVDLFVFSTSFYLISIFLHLVKIPTHRHIVGKPCPKPHRLNHMGICSCGLYKQPGVPVRWKR
P0A5Q2,MKLTTMIKTAVAVVAMAAIATFAAPVALAAYPITGKLGSELTMTDTVGQVVLGWKVSDLKSSTAVIPGYPVAGQVWEATATVNAIRGSVTPAVSQFNARTADGINYRVLWQAAGPDTISGATIPQGEQSTGKIYFDVTGPSPTIVAMNNGMEDLLIWEP
P16665,MNMCTDGKKYHSTATSAAVGASAPGVPDARAIAAICEQLRQHVADLGVLYIKLHNYHWHIYGIEFKQVHELLEEYYVSVTEAFDTIAERLLQLGAQAPASMAEYLALSGIAEETEKEITIVSALARVKRDFEYLSTRFSQTQVLAAESGDAVTDGIITDILRTLGKAIWMLGATLKA
P10787,DALGTGNANKQQDINHLLDKIYEPTKYPDLKDIAENFNPLGDTSIYNDHGAAAEALMKELNDHRLLEQRHWFSLFNTRQREEALMLFAVLNQCKEWYCFRSNAAYFRERMNEGEFVYALYVSVIHSKLGDGIVLPPLYEITPHMFTNSEVIDKAYSAKMTQKPGTFNVSFTGTKKNREQRVAYFGEDIGMNIHHVTWHMDFPTWWQDSYGYHLDRKGELFFWVHHQLTARFDFERLSNWLDPVDELHWDRIIREGFAPLTSYKYGGEFPVRPDNIHFEDVDGVAHVHDLEITESRIHDAIDHGYITDSDGHTIDIRQPKGIELLGDIIESSMYSSNVQYYGSLHNTAHAMLGRQGDPHGKFNLPPGVMEHFETATRDPSFFRLHKYMDNIFKKHTDSFPPYTHDDLEFAGMVVDGIAIDGELITFFDEFQYSILNAVDSGENIEDVDINARVHRLNHNEFTYKITMSNNNDGERLATFRIFLCPIEDNNGITLTLDEARWFCIELDKFFQKVPSGPETIERSSKDSSVTVPDMPSFQSLKEQADNAVNGGHDLDLSAYERSCGIPDRMLLPKSKPEGMKFNLYVAVTDGDKDTEGHNGGHDYGGTHAQCGVHGEAFPDNRPLGYPLERRIPDERVIDGVSNIKHVVVKIVHHLEHHD
P08191,MKRVITLFAVLLMGWSVNAWSFACKTANGTAIPIGGGSANVYVNLAPVVNVGQNLVVDLSTQIFCHNDYPETITDYVTLQRGSAYGGVLSNFSGTVKYSGSSYPFPTTSETPRVVYNSRTDKPWPVALYLTPVSSAGGVAIKAGSLIAVLILRQTNNYNSDDFQFVWNIYANNDVVVPTGGCDVSARDVTVTLPDYPGSVPIPLTVYCAKSQNLGYYLSGTTADAGNSIFTNTASFSPAQGVGVQLTRNGTIIPANNTVSLGAVGTSAVSLGLTANYARTGGQVTAGNVQSIIGVTFVYQ
Q77DJ5,MEASYERGRPRAARQHSRDGHDHHVRARSSSRENYRGEYRQSRSASQVRVPTVFHKKRVEPLTVPPAPKDICPTLKKGFLCDSSFCKKDHQLESLTDRELLLLIARKTCGSVEQQLNITAPKDSRLANPTADDFQQEEGPKITLLTLIKTAEHWARQDIRTIEDSKLRALLTLCAVMTRKFSKSQLSLLCETHLRREGLGQDQAEPVLEVYQRLHSDKGGSFEAALWQQWDRQSLIMFITAFLNIALQLPCESSAVVVSGLRTLVPQSDNEEASTNPGTCSWSDEGTP
P59206,MKKVRFIFLALLFFLASPEGAMASDGTWQGKQYLKEDGSQAANEWVFDTHYQSWFYIKADANYAENEWLKQGDDYFYLKSGGYMAKSEWVEDKGAFYYLDQDGKMKRNAWVGTSYVGATGAKVIEDWVYDSQYDAWFYIKADGQHAEKEWLQIKGKDYYFKSGGYLLTSQWINQAYVNASGAKVQQGWLFDKQYQSWFYIKENGNYADKEWIFENGHYYYLKSGGYMAANEWIWDKESWFYLKFDGKIAEKEWVYDSHSQAWYYFKSGGYMAANEWIWDKESWFYLKFDGKMAEKEWVYDSHSQAWYYFKSGGYMTANEWIWDKESWFYLKSDGKIAEKEWVYDSHSQAWYYFKSGGYMTANEWIWDKESWFYLKSDGKMAEKEWVYDSHSQAWYYFKSGGYMAKNETVDGYQLGSDGKWLGGKATNKNAAYYQVVPVTANVYDSDGEKLSYISQGSVVWLDKDRKSDDKRLAITISGLSGYMKTEDLQALDASKDFIPYYESDGHRFYHYVAQNASIPVASHLSDMEVGKKYYSADGLHFDGFKLENPFLFKDLTEATNYSAEELDKVFSLLNINNSLLENKGATFKEAEEHYHINALYLLAHSALESNWGRSKIAKDKNNFFGITAYDTTPYLSAKTFDDVDKGILGATKWIKENYIDRGRTFLGNKASGMNVEYASDPYWGEKIASVMMKINEKLGGKD
Q4KRW2,MTMPKIMILPDKYPCSITSILITSRCRVTMYNRKNTLYFNQNNPNNHMYSPNQTFNEIHWTSQDLIDTIQNFLQHLGVIEDIYTIYILVS
Q87L97,MASSTKMLVTPEQALLTTRRVFGLFSMMVAQRLIASKLATLVPPNLATLNALTAFLPRLPKKYTHPMFCEERNRAKREVVRLSFENVPSEALHQTVLMTVDGTQPKSTDKPNPAILTYLGTTPPE
Q01552,MPPKRRLVDDADAMEDQDLYEPPASLPKLPGKFLQYTVGGSDPHPGIGHEKDIRQNAVALLDQSRRDMFHTVTPSLVFLCLLIPGLHAAFVHGGVPRESYLSTPVTRGEQTVVKTAKFYGEKTTQRDLTELEISSIFSHCCSLLIGVVIGSSSKIKAGAEQIKKRFKTMMAALNRPSHGETATLLQMFNPHEAIDWINGQPWVGSFVLSLLTTDFESPGKEFMDQIKLVASYAQMTTYTTIKEYLAECMDATLTIPVVAYEIRDFLEVSAKLKEEHADLFPFLGAIRHPDAIKLAPRSFPNLASAAFYWSKKENPTMAGYRASTIQPGASVKETQLARYRRREISRGEDGAELSGEISAIMRMIGVTGLN
Q45321,MRTLKSLVIVSAALLPFSATAFAADAIQEQPPVPAPVEVAPQYSWAGGYTGLYLGYGWNKAKTSTVGSIKPDDWKAGAFAGWNFQQDQIVYGVEGDAGYSWAKKSKDGLEVKQGFEGSLRARVGYDLNPVMPYLTAGIAGSQIKLNNGLDDESKFRVGWTAGAGLEAKLTDNILGRVEYRYTQYGNKNYDLAGTTVRNKLDTQDFRVGIGYKF
P0A5P8,MKMVKSIAAGLTAAAAIGAAAAGVTSIMAGGPVVYQMQPVVFGAPLPLDPASAPDVPTAAQLTSLLNSLADPNVSFANKGSLVEGGIGGTEARIADHKLKKAAEHGDLPLSFSVTNIQPAAAGSATADVSVSGPKLSSPVTQNVTFVNQGGWMLSRASAMELLQAAGN
Q88229,FLVVLTTATAGLTRNLYELKIECPHTVGLGQGYVTGSVETTPILLTQVADLKIESSCNFDLHVPATTTQKYNQVDWTKKSSTTESTNAGAN
P0A5P6,MAENSNIDDIKAPLLAALGAADLALATVNELITNLRERAEETRTDTRSRVEESRARLTKLQEDLPEQLTELREKFTAEELRKAAEGYLEAATSRYNELVERGEAALERLRSQQSFEEVSARAEGYVDQAVELTQEALGTVASQTRAVGERAAKLVGIELPKKAAPAKKAAPAKKAAPAKKAAAKKAPAKKAAAKKVTQK
P69687,MSYSITTPSQFVFLSSAWADPIELINLCTNALGNQFQTQQARTVVQRQFSEVWKPSPQVTVRFPDSDFKVYRYNAVLDPLVTALLGAFDTRNRIIEVENQANPTTAETLDATRRVDDATVAIRSAINNLIVELIRGTGSYNRSSFESSSGLVWTSGPAT
P70854,MTKIFSNLIINGLLFGFVSLNVFADSNNANILKPQSNVLEHSDQKDNKKLDQKDQVNQALDTINKVTEDVSSKLEGVRESSLELVESNDAGVVKKFVGSMSLMSDVAKGTVVASQEATIVAKCSGMVAEGANKVVEMSKKAVQETQKAVSVAGEATFLIEKQIMLNKSPNNKELELTKEEFAKVDEVKETLMASERALDETVQEAQKVLNMVNGLNPSNKDQVLAKKDVRKAISNVVKVAQGARDLTKVMAISLYMR
Q8V1K2,FHLTSRDGEPRMIVGKNERGKSLLFKTASGINMCTLIAMDLGEMCDDTVTYKCPHITEVEPEDIDCWCNLTSTWVTYGTCNQAGEHRRDKRSVALAPHVGMGLDTRTQTW
P0C7U7,MIRAYEQNPQHFIEDLEKVRVEQLTGHGSSVLEELVQLVKDKNIDISIKYDPRKDSEVFANRVITDDIELLKKILAYFLPEDAILKGGHYDNQLQNGIKRVKEFLESSPNTQWELRAFMAVMHFSLTADRIDDDILKVIVDSMNHHGDARSKLREELAELTAELKIYSVIQAEINKHLSSSGTINIHDKSINLMDKNLYGYTDEEIFKASAEYKILEKMPQTTIQVDGSEKKIVSIKDFLGSENKRTGALGNLKNSYSYNKDNNELSHFATTCSDKSRPLNDLVSQKTTQLSDITSRFNSAIEALNRFIQKYDSVMQRLLDDTSGK
P27053,MGFRINTNVAALNAKANSDLNSRALDQSLSRLSSGLRINSAADDASGMAIADSLRSQANTLGQAISNGNDALGILQTADKAMDEQLKILDTIKTKATQAAQDGQSLKTRTMLQADINRLMEELDNIANTTSFNGKQLLSGGFTNQEFQIGSSSNQTIKASIGATQSSKIGVTRFETGSQSFSSGTVGLTIKNYNGIEDFKFDSVVISTSVGTGLGALAEEINRNADKTGIRATFDVKSVGAYAIKAGNTSQDFAINGVVIGKVDYSDGDENGSLISAINAVKDTTGVQASKDENGKLVLTSADGRGIKITGSIGVGAGILHTENYGRLSLVKNDGRDINISGTGLSAIGMGATDMISQSSVSLRESKGQISAANADAMGFNAYNGGGAKQIIFASSIAGFMSQAGSGFSAGSGFSVGSGKNYSAILSASIQIVSSARSISSTYVVSTGSGFSAGSGNSQFAALRISTVSAHDETAGVTTLKGAMAVMDIAETAITNLDQIRADIGSVQNQITSTINNITVTQVNVKSAESQIRDVDFASESANYSKANILAQSGSYAMAQANSSQQNVLRLLQ
Q14VH5,FPQITLWQRPLVTMKIGGQIKEALLDTGADDTVLEDINLPGKWKPKMIGGIGGFIKVRQYEQIPIEICGHKAIGTVLVGPTPVNIIGRNLLTQLGCTLNFPISPIETVPVKLKPGMDGPKVKQWPLTEEKIKALTAICDEMEKEGKITRIGPENPYNTPIFAIKKKDSTKWRKLVDFRELNKRTQDFWEVQLGIPHPAGLKKKKSVTVLDVGDAYFSVPLYEDFRKYTAFTIPSINNETPGIRYQYNVLPQGWKGSPAIFQSSMTKILDPFRKQNPDIVIYQYMDDLYVGSDLEIGQHRTKIEELRQHLLRWGFTTPDKKHQKEPPFLWMGYELHPDKWTVQPIQL
P0A5P2,MAHFAVGFLTLGLLVPVLTWPVSAPLLVIPVALSASIIRLRTLADERGVTVRTLVGSRAVRWDDIDGLRFHRGSWARATLKDGTELRLPAVTFATLPHLTEASSGRVPNPYR
15675451,MKKGLLVTTGLACLGLLTACSTQDNMAKKEITQDKMSMAAKKKDKMSTSKDKSMMADKSSDKKMTNDGPMAPDFELKGIDGKTYRLSEFKGKKVYLKFWASWCSICLSTLADTEDLAKMSDKDYVVLTVVSPGHQGEKSEADFKKWFQGTDYKDLPVLLDPDGKLLEAYGVRSYPTEVFIGSDGVLAKKHIGYAKKSDIKKTLKGIH
P17285,MDPIDPDLEPWKHPGSQPRTVCNNCYCKACCYHCIYCFTKKGLGISYGRKKRTTRRRTAPAGSKNNQDSIPKQPLSQSRGNKEGSEKSTKEVASKTEADQ
P0A4V6,MKGRSALLRALWIAALSFGLGGVAVAAEPTAKAAPYENLMVPSPSMGRDIPVAFLAGGPHAVYLLDAFNAGPDVSNWVTAGNAMNTLAGKGISVVAPAGGAYSMYTNWEQDGSKQWDTFLSAELPDWLAANRGLAPGGHAAVGAAQGGYGAMALAAFHPDRFGFAGSMSGFLYPSNTTTNGAIAAGMQQFGGVDTNGMWGAPQLGRWKWHDPWVHASLLAQNNTRVWVWSPTNPGASDPAAMIGQAAEAMGNSRMFYNQYRSVGGHNGHFDFPASGDNGWGSWAPQLGAMSGDIVGAIR
O83867,MIDPSATSRYGSPRLVSNGFRHRRKVVYQRVGHRRFSLIFFFVVVLGRSPRLWAQVSFTPDIEGYAELAWGIAXEXGXAGNLKHGFKTTTDFKIVFPIVAKKDFKYRGEGNVYAEINVKALKLSLESNGGAKFDTKGSAKTIEATLHCYGAYLTIGKNPDFKSTFAVLWEPWTANGDYKSKGDKPVYEPGFEGAGGKLGYKQTDIAGTGLTFDIAFKFASNTDWEGKDSKGNVPAGVTPSKYGLGGDILFGWERTREDGVQEYIKVELTGNSTLSSDYAQARALAAGAKVSMKLWGLCALAATDVGHKKNGAQGTVGADALLTLGYRWFSAGGYFASXASNVFGGVFLNMAMREHDCAAYIKLETKGSDPDTSFLEGLDLGVDVRTYMPVHYKVLKALPPAIXFPVYGKVWGSYRHDMGEYGWVKVYANLYGGTNKKATPPAAPATKWKAGYCGYYECGVVVSPLEKVEIRLSWEQGKLQENSNVVIEKNVTERWQFVGACRLIW
Q38L42,MKTTCFLISLILIQGTKNLPILEIASNNQPQNVDSVCSGTLQKTEDVHLMGFTLSGQKVADSPLEASKRWAFRTGVPPKNVEYTEGEEAKTCYNISVTDPSGKSLLLDPPTNIRDYPKCKTIHHIQGQNPHAQGIALHLWGAFFLYDRIASTTMYRGKVFTEGNIAAMIVNKTVHKMIFSRQGQGYRHMNLTSTNKYWTSSNGTQTNDTGCFGALQEYNSTKNQTCAPSKIPPPLPTARPEIKLTSTPTDATKLNTTDPSSDDEDLATSGSGSGEREPHTTSDAVTKQGLSSTMPPTPSPQPSTPQQGGNNTNHSQDAVTELDKNNTTAQPSMPPHNTTTISTNNTSKHNFSTLSAPLQNTTNDNTQSTITENEQTSAPSITTLPPTGNPTTAKSTSSKKGPATTAPNTTNEHFTSPPPTPSSTAQHLVYFRRKRSILWREGDMFPFLDGLINAPIDFDPVPNTKTIFDESSSSGASAEEDQHASPNISLTLSYFPNINENTAYSGENENDCDAELRIWSVQEDDLAAGLSWIPFFGPGIEGLYTAVLIKNQNNLVCRLRRLANQTAKSLELLLRVTTEERTFSLINRHAIDFLLTRWGGTCKVLGPDCCIGIEDLSKNISEQIDQIKKDEQKEGTGWGLGGKWWTSDWGVLTNLGILLLLSIAVLIALSCICRIFTKYIG
Q9DS89,NAKRADSGYVCKQGVVDRGWGNGCGLFGKGSIDTCARFACSTKATGRTILKENIKYEVAIFVHGPTTVESHGNYATQQGATQAGRFSITPAAPSYTLKLGEYGEVTVDCEPRSGIDTNAYYVMTVGKKTFLVHREWFMDLNLPWSTAEARVEKQGNFGGSLKNPRI
P17282,MGARASVLTGGKLDRWEKVRLRPGGRKRYMMKHLVWASRELERFACDPGLMESKEGCTKLLQQLEPALKTGSEGLRSLFNTLAVLWCIHSDITVEDTQKALEQLKRHHGEQQSKTESNSGSREGGASQGASASAGISGNYPLVQNAQGQMVHQAISPRTLNAWVKVVEEKAFSPEVIPMFSALSEGALPQDVNTMLNAVGGHQGAMQVLKEVINEEAAEWDRLHPTHAGPIAPGQLREPRGSDIAGTTSTLQEQIGWTTANPPIPVGDVYRRWVILGLNKVVRMYCPVSILDIRQGPKEPFRDYVDRFYKTLRAEQASQEVKNWMTDTLLVQNANPDCKQILKALGPGATLEEMMTACQGVGGPSHKARVLAEAMSMVQNQGRADVFFQKGQGAGPKRKIKCFNCGKEGHLARNCKAPRRKGCWRCGQEGHQMKDCTGRQVNFLGKGWPSRSGRPGNFVQNRTEPTAPPIESYGYQEEEKSQEKKEGESSLYPPTSLKSLFGSDPSSQ
P17280,MAGRSEPQDDARLLQAVKIIKILYQSNPYPSPEGTRKARRNRRRRWRARQKQISEISGRVLATYLGRPPKPGDLELPELDKLSLQCVETTQDVGTSNTSQPQTATGETVPAGGNYSILGKGAKN
P0A570,MTINYQFGDVDAHGAMIRAQAASLEAEHQAIVRDVLAAGDFWGGAGSVACQEFITQLGRNFQVIYEQANAHGQKVQAAGNNMAQTDSAVGSSWA
28895472,MENNKKVLKKMVFFVLVTFLGLTISQEVFAQQDPDPSQLHRSSLVKNLQNIYFLYEGDPVTHENVKSVDQLLSHDLIYNVSGPNYDKLKTELKNQEMATLFKDKNIDIYGVEYYHLCYLCENAERSACIYGGVTNHEGNHLEIPKKIVVKVSIDGIQSLSFDIETNKKMVTAQELDYKVRKYLTDNKQLYTNGPSKYETGYIKFIPKNKESFWFDFFPEPEFTQSKYLMIYKDNETLDSNTSQIEVYLTTK
P21171,MNMKKATIAATAGIAVTAFAAPTIASASTVVVEAGDTLWGIAQSKGTTVDAIKKANNLTTDKIVPGQKLQVNNEVAAAEKTEKSVSATWLNVRSGAGVDNSIITSIKGGTKVTVETTESNGWHKITYNDGKTGFVNGKYLTDKAVSTPVAPTQEVKKETTTQQAAPAAETKTEVKQTTQATTPAPKVAETKETPVVDQNATTHAVKSGDTIWALSVKYGVSVQDIMSWNNLSSSSIYVGQKLAIKQTANTATPKAEVKTEAPAAEKQAAPVVKENTNTNTATTEKKETATQQQTAPKAPTEAAKPAPAPSTNTNANKTNTNTNTNTNTNNTNTNTPSKNTNTNSNTNTNTNSNTNANQGSSNNNSNSSASAIIAEAQKHLGKAYSWGGNGPTTFDCSGYTKYVFAKAGISLPRTSGAQYASTTRISESQAKPGDLVFFDYGSGISHVGIYVGNGQMINAQDNGVKYDNIHGSGWGKYLVGFGRV
O92567,SDKGFVLGQSITDVTFLKRHFRMDYGTGFYKPVMASKTLEAILSFARRGTIQEKLISVAGLAVHSGPDEYRRLFEPFQGLFEIPSYRSLYLRWVNAVCGDA
P04591,GARASVLSGGELDRWEKIRLRPGGKKKYKLKHIVWASRELERFAVNPGLLETSEGCRQILGQLQPSLQTGSEELRSLYNTVATLYCVHQRIEIKDTKEALDKIEEEQNKSKKKAQQAAADTGHSNQVSQNY
Q6V1Q9,MTTRTKGRGHTAATTQNDRMPGPELSGWISEQLMTGRIPVSDIFCDIENNPGLCYASQMQQTKPNPKTRNSQTQTDPICNHSFEEVVQTLASLATVVQQQTIASESLEQRITSLENGLKPVYDMAKTISSLNRVCAEMVAKYDLLVMTTGRATATAAATEAYWAEHGQPPPGPSLYEESAIRGKIESRDETVPQSVREAFNNLDSTTSLTEENFGKPDISAKDLRNIMYDHLPGFGTAFHQLVQVICKLGKDSNSLDIIHAEFQASLAEGDSPQCALIQITKRVPIFQDAAPPVIHIRSRGDIPRACQKSLRPVPPSPKIDRGWVCVFQLQDGKTLGLKI
Q68287,MGPAVCKKVTEHEKCTTSIMDKLTAFFGVMPRGTTPRAPVRFPTSLLKIRGGLETGWAYTHQGGISSVDHVTCGKDLLVCDTMGRTRVVCQSNNKMTDESEYGVKTDSGCPEGARCYVFNPEAVNISGTKGAMVHLQKTGGEFTCVTASGTPAFFDLKNLKGWSGLPIFEASSGRVVGRVKVGKNEDSKPTKLMSGIQTVSKSTADLTEMVKKITTMNGGEFRQITLATGAGKTTELPRSVIEEIGRHKRVLVLIPLRAAAESVYQYMRQKHPSIAFNLRIGEMKEGDMATGITYASYGYFCQMPQPKLRAAMVEYSFIFLDEYHCATPEQMAIMGKIHRFSENLRVVAMTATPAGTVTTTGQKHPIEEFIAPEVMKGEDLGSEYLDIAGLKIPVEEMKSNMLVFVPTRNMAVETAKKLKAKGYNSGYYYSGEDPSNLRVVTSQSPYVVVATNAIESGVTLPDLDVVVDTGLKCEKRIRLSPKMPFIVTGLKRMAVTIGEQAQRRGRVGRVKPGRYYRSQETPVGSKDYYYDLLQAQRYGIEDGINITKSFREMNYDWSLYEEDSLMITQLEILNNLLISEELPMAVKNIMARTDHPEPIQLAYNSYETQVPVLFPKIKNGEVTDSYDNYTFLNARKLGDDVPPYVYATEDEDLAVELLGLDWPDPGNQGAVEAGRALKQVVGLSTAENALLVALFGYVGYQALSKRHIPVVTDIYSIEDHRLEDTTHLQYAPNAIKTEGKETELKELAQGDVQRCVDAMTNYAREGIRFMKSQALKVKETPTYRETMDTVSDYVKKFMEALTDSKEDIIRYGLWGTHTALYKSICARLGNETAFATLVVKWLAFGGESIADHVKQAATDLVVYYIINRPQFP
Q27YE8,MGKSQSKSSPHNKPPEPEAPRHPVIPDARGTGPEFCKSCWFERRGLVKCYDHYLCLNCLTLLHTVSDRCPICKHTLPLKLELQTQPTAPPEHPPNQQPPPYTP
Q53348,MQQQHLFRLNILCLSLMTALPVYAENVQAGQAQEKQLDTIQVKAKKQKTRRDNEVTGLGKLVKTADTLSKEQVLDIRDLTRYDPGIAVVEQGRGASSGYSIRGMDKNRVSLTVDGLAQIQSYTAQAALGGTRTAGSSGAINEIEYENVKAVEISKGSNSVEQGSGALAGSVAFQTKTADDVIGEGRQWGIQSKTAYSGKNRGLTQSIALAGRIGGAEALLIHTGRHAGEIRAHEDAGRGVQSFNRLVPVEDTHPYANFIVEEECESGNYETCKSKPKKDVVGKDERQTVSTRDYTGPNRFLADPLSYESRSWLFRPGFRFENKRHYIGGILEHTQQTFDTRDMTVPAFLTKAVFDENRKYGPIRGNGKYAGDHKYGGLFTNGENGALVGAEYGTGVFYDETHTKSRYGLEYVYTNADKDTWVDYARLSYDRQGIGLDNHFQQTHCSADGSDKYCRPSADKPFSYYKSDRVIYGESHRLLQAAFKKSFDTAKIRHNLSVNLGFDRFDSNLRHQDYYYQHANRAYSSKTPPKTANPNGGKDQPYWVSIGRGNVVTGQICRLGNNTYTDCTPRSINGKSYYAAVRDNVRLGRWADVGAGLRYDYRSTHSDDGSVSTGTHRTLSWNAGIVLKPTDWLDLTYRTSTGFRLPSFAEMYGWRAGVQSKAVKIDPEKSFNKEAGIVFKGDFGNLEASWFNNAYRDLIVRGYEAQIQNGKETAKGDPAYLNAQSARITGINVLGKIDWNGVWDKLPEGWYSTFAYNRVHVRDIKKRADRTDIQSHLFDAIQPSRYVVGLGYDQPEGKWGVNGMLTYSKAKEITELLGSRALLNGNSRNTKATARRTRPWYIVDVSGYYTIKKHFTLRAGVYNLLNYRYVTWENVRQTAGGAVNQHKNVGVYNRYAAPGRNYTFSLEMKF
P45996,MKKTAIALVVAGLAAASVAQAAPQENTFYAGVKAGQGSFHDGINNNGAIKKGLSSSNYGYRRNTFTYGVFGGYQILNQDNFGLAAELGYDDFGRAKLREAGKPKAKHTNHGAYLSLKGSYEVLDGLDVYGKAGVALVRSDYKFYEDANGTRDHKKGRHTARASGLFAVGAEYAVLPELAVRLEYQWLTRVGKYRPQDKPNTAINYNPWIGCINAGISYRFGQGEAPVVAAPEMVSKTFSLNSDVTFAFGKANLKPQAQATLDSVYGEISQVKSRKVAVAGYTNRIGSDAFNVKLSQERADSVANYFVAKGVAADAISATGYGEANPVTGATCDQVKGRKALIACLAPDRRVEIAVNGTK
P11439,MHLTPHWIPLVASLGLLAGGSFASAAEEAFDLWNECAKACVLDLKDGVRSSRMSVDPAIADTNGQGVLHYSMVLEGGNDALKLAIDNALSITSDGLTIRLEGGVEPNKPVRYSYTRQARGSWSLNWLVPIGHEKPSNIKVFIHELNAGNQLSHMSPIYTIEMGDELLAKLARDATFFVRAHESNEMQPTLAISHAGVSVVMAQAQPRREKRWSEWASGKVLCLLDPLDGVYNYLAQQRCNLDDTWEGKIYRVLAGNPAKHDLDIKPTVISHRLHFPEGGSLAALTAHQACHLPLETFTRHRQPRGWEQLEQCGYPVQRLVALYLAARLSWNQVDQVIRNALASPGSGGDLGEAIREQPEQARLALTLAAAESERFVRQGTGNDEAGAASADVVSLTCPVAAGECAGPADSGDALLERNYPTGAEFLGDGGDISFSTRGTQNWTVERLLQAHRQLEERGYVFVGYHGTFLEAAQSIVFGGVRARSQDLDAIWRGFYIAGDPALAYGYAQDQEPDARGRIRNGALLRVYVPRSSLPGFYRTGLTLAAPEAAGEVERLIGHPLPLRLDAITGPEEEGGRLETILGWPLAERTVVIPSAIPTDPRNVGGDLDPSSIPDKEQAISALPDYASQPGKPPREDLK
P0A568,MSQIMYNYPAMLGHAGDMAGYAGTLQSLGAEIAVEQAALQSAWQGDTGITYQAWQAQWNQAMEDLVRAYHAMSSTHEANTMAMMARDTAEAAKWGG
P87671,MGVTGILQLPRDRFKRTSFFLWVIILFQRTFSIPLGVIHNSTLQVNDVDKLVCRDKLSSTNQLRSVGLNLEGNGVATDVPSATKRWGFRSGVPPKVVNYEAGEWAENCYNLEIKKPDGSECLPAAPDGIRGFPRCRYVHKVSGTGPCAGDFAFHKEGAFFLYDRLASTVIYRGTTFAEGVVAFLILPQAKKDFFSSHPLREPVNATEDPSSGYYSTTIRYQATGFGTNETEYLFEVDNLTYVQLESRFTPQFLLQLNETIYTSGKRSNTTGKLIWKVNPEIDTTIGEWAFWETKKNLTRKIRSEELSFTVVSNGAKNISGQSPARTSSDPGTNTTTEDHKIMASENSSAMVQVHSQGREAAVSHLTTLATISTSPQSLTTKPGPDNSTHNTPVYKLDISEATQVEQHHRRTDNDSTASDTPSATTAAGPPKAENTNTSKSTDFLDPATTTSPQNHSETAGNNNTHHQDTGEESASSGKLGLITNTIAGVAGLITGGRRTRREAIVNAQPKCNPNLHYWTTQDEGAAIGLAWIPYFGPAAEGIYTEGLMHNQNGLICGLRQLANETTQALQLFLRATTELRTFSILNRKAIDFLLQRWGGTCHILGPDCCIEPHDWTKNITDKIDQIIHDFVDKTLPDQGDNDNWWTGWRQWIPAGIGVTGVIIAVIALFCICKFVF
P0A566,MAEMKTDAATLAQEAGNFERISGDLKTQIDQVESTAGSLQGQWRGAAGTAAQAAVVRFQEAANKQKQELDEISTNIRQAGVQYSRADEEQQQALSSQMGF
P09990,MIITNTIIIILIISPSFCQIDITKLQRVGVLVNNPKGMKISQNFETRYLILSLIPKIENSHSCGDQQINQYKKLLDRLIIPLYDGLKLQKDVIVVSHETNNNTNSRTKRFFGEIIGTIAIGIATSAQITAAVALVEAKQAKSDIEKLKEAIRDTNKAVQSIQSSVGNLIVAVKSVQDYVNNEIVPSITRLGCEAAGLKLGIALTQHYSELTNIFGDNIGTLKEKGIKLQGIASLYHTNITEIFTTSTVDQYDIYDLLFTESIKMRVIDVDLSDYSITLQVRLPLLTKISNTQIYKVDSISYNIQGKEWYIPLPNHIMTKGAFLGGADIKECIEAFSSYICPSDPGFTLNHEIENCLSGNITQCPKTIVTSDVVPRYAFVNGGLIANCITTTCTCNGVDNRINQSPDQGIKIITHKECQVIGINGMLFSTNREGTLATYTFDDIILNNSVALNPIDISMELNKAKLELEESKEWIKKSNQKLDSVGSWYQSSATITIIIVMIVVLFIINITIIVVIIRHHRIQGKNQNDKNSEPYVLTSRQ
P0A564,MTEQQWNFAGIEAAASAIQGNVTSIHSLLDEGKQSLTKLAAAWGGSGSEAYQGVQQKWDATATELNNALQNLARTISEAGQAMASTEGNVTGMFA
Q9RN24,MAATQETAIDKYKKVKRIKWIVRLLGGSTGVVIAAAITLLLIVSMAIFGGQSSTGTPNGGISGTATVKNLPPEVMRWQAMVEQECAAQGVPELVPYVLAIIMVESNGISEKLPDIMQSSESQGWAMNTISNPKDSIYYGVMHLKGAFDDAKMLGINDLLAIVQTYNFGRNYVHWLAANNKTHSIQTADYYSLTVVAPAGGNRNGTTIGYSQPVAVAYNGGYRYINGGNFFYAEMVKQYLSFDGAGGTSGQIPGGSETFKVMMDEVLKYNGNPYVWGGKSSSQGFDCSGLTYWAYKTAGITIPISAATQYDFTVEVDPKDAQPGDLVFFRGTYGGPNHVSHVGIYIDANTMYDSNGSGVGYHQFTSSYWQQHYAGIRRVPR
P36731,MAGIFIYGLSPSFCPDVVAVNVSHIFLQMALWRSSDNLVYLPPTPVSKVLSTDDYVTRTNIYYYAGSSRLLTVGHPYFAIPKSSNSKMDIPKVSAFQYRVFRVRLPDPNKFGLPDARIYNPDAERLVWACTGVEVGRGLPLGVGLSGHPLYNKLDDTENSNIAHGDIGKDSRDNISVDNKQTQLCIVGCTPPMGEHWGKGTPCKQNASPGDCPPLELITAPIQDGDMVDTGYGAMDFGNLQSNKSDVPLDICQTTCKYPDYLGMAAEPYGDSMFFYLRKEQLFARHFLNRAGMAGDTVPDALYIKGDSQSGGRDKIGSAVYCPTPSGSMVTSETQLFNKPYWLRRAQGHNNGICWANQLFVTVVDTTRSTNMTLCVSTETSATYDATKFKEYLRHGEEYDLQFIFQLCKVTLTPEIMAYLHTMNSTLLEDWNFGLTLPPSTSLEDTYRFLTSSAITCQKDAPPTEKQDPYAKLNFWDVDLKDRFSLDLSQFPLGRKFLMQLGVGTRSSISVRKRSATTTSRTAAAKRKRTKK
Q48427,MNKIARLSALAVVLAASVGTTAFAATSTVTGGYAQSDMQGKANKAGGFNLKYRYEQDNNPLGVIGSFTYTEKDNNSNGTYNKGQYYGITAGPAYRLNDWASIYGVVGVGYGKFQNNNYPHKSDMSDYGFSYGAGLQFNPIENVALDFSYEQSRIRNVDVGTWIAGVGYRF
O50917,MIKCNNKTFNNLLKLTILVNLLISCGLTGATKIRLERSAKDITDEIDAIKKDAALKGVNFDAFKDKKTGSGVSENPFILEAKVRATTVAEKFVIAIEEEATKLKETGSSGEFSAMYDLMFEVSKPLQKLGIQEMTKTVSDAAEENPPTTAQGVLEIAKKMREKLQRVHTKNYCTLKKKENSTFTDEKCKNN
Q9Z4J8,MSVTFFIGEERLKIKIGLASICLLGLATSHVAANETEVAKTSQDTTTASSSSEQNQSSNKTQTSAEVQTNAAAYWDGDYYVKDDGSKAQSEWIFDNYYKAWFYINSDGRYSQNEWHGNYYLKSGGYMAQNEWIYDSNYKSWFYLKSDGAYAHQEWQLIGNKWYYFKKWGYMAKSQWQGSYFLNGQGAMIQNEWLYDPAYSAYFYLKSDGTYANQEWQKVGGKWYYFKKWGYMARNEWQGNYYLTGSGAMATDEVIMDGARYIFAASGELKEKKDLNVGWVHRDGKRYFFNNREEQVGTEHAKKIIDISEHNGRINDWKKVIDENEVDGVIVRLGYSGKEDKELAHNIKELNRLGIPYGVYLYTYAENETDAENDAKQTIELIKKYNMNLSYPIYYDVENWEYVNKSKRAPSDTDTWVKIINKYMDTMKQAGYQNVYVYSYRSLLQTRLKHPDILKHVNWVAAYTNALEWENPYYSGEKGWQYTSSEYMKGIQGRVDVSVWY
P0A5B7,MATTLPVQRHPRSLFPEFSELFAAFPSFAGLRPTFDTRLMRLEDEMKEGRYEVRAELPGVDPDKDVDIMVRDGQLTIKAERTEQKDFDGRSEFAYGSFVRTVSLPVGADEDDIKATYDKGILTVSVAVSEGKPTEKHIQIRSTN
P04583,MRVREIQRNYQNWWRWGMMLLGMLMTCSIAEDLWVTVYYGVPVWKEATTTLFCASDAKSYETEVHNIWATHACVPTDPNPQEIELENVTEGFNMWKNNMVEQMHEDIISLWDQSLKPCVKLTPLCVTLNCTNVNGTAVNGTNAGSNRTNAELKMEIGEVKNCSFNITPVGSDKRQEYATFYNLDLVQIDDSDNSSYRLINCNTSVITQACPKVTFDPIPIHYCAPAGFAILKCNDKKFNGTEICKNVSTVQCTHGIKPVVSTQLLLNGSLAEEEIMIRSENLTDNTKNIIVQLNETVTINCTRPGNNTRRGIHFGPGQALYTTGIVGDIRRAYCTINETEWDKTLQQVAVKLGSLLNKTKIIFNSSSGGDPEITTHSFNCRGEFFYCNTSKLFNSTWQNNGARLSNSTESTGSITLPCRIKQIINMWQKTGKAMYAPPIAGVINCLSNITGLILTRDGGNSSDNSDNETLRPGGGDMRDNWISELYKYKVVRIEPLGVAPTKAKRRVVEREKRAIGLGAMFLGFLGAAGSTMGAASLTLTVQARQLLSGIVQQQNNLLRAIEAQQHLLQLTVWGIKQLQARVLAVERYLQDQRLLGMWGCSGKHICTTFVPWNSSWSNRSLDDIWNNMTWMQWEKEISNYTGIIYNLIEESQIQQEKNEKELLELDKWASLWNWFSISKWLWYIRIFIIVVGGLIGLRIIFAVLSLVNRVRQGYSPLSLQTLLPTPRGPPDRPEGIEEEGGEQGRGRSIRLVNGFSALIWDDLRNLCLFSYHRLRDLLLIATRIVELLGRRGWEALKYLWNLLQYWGQELKNSAISLLNTTAIAVAECTDRVIEIGQRFGRAILHIPRRIRQGFERALL
P11231,MAYRKRGAKRENLPQQNERLQEKEIEKDVDVTMENKNNNRKQQLSDKVLSQKEEIITDAQDDIKIAGEIKKSSKEESKQLLEILKTKEDHQKEIQYEILQKTIPTFESKESILKKLEDIRPEQAKKQMKLFRIFEPKQLPIYRANGEKELRNRWYWKLKKDTLPDGDYDVREYFLNLYDQILIEMPDYLLLKDMAVENKNSRDAGKVVDSETANICDAIFQDEETEGVVRRFIADMRQQVQADRNIVNYPSILHPIDHAFNEYFLNHQLVEPLNNEIIFNYIPERIRNDVNYILNMDMNLPSTARYIRPNLLQDRLNLHDNFESLWDTITTSNYILARSVVPDLKEKELVSTEAQIQKMSQDLQLEALTIQSETQFLAGINSQAANDCFKTLIAAMLSQRTMSLDFVTTNYMSLISGMWLLTVIPNDMFLRESLVACELAIINTIVYPAFGMQRMHYRNGDPQTPFQIAEQQIQNFQVANWLHFINNNRFRQVVIDGVLNQTLNDNIRNGQVINQLMEALMQLSRQQFPTMPVDYKRSIQRGILLLSNRLGQLVDLTRLVSYNYETLMACVTMNMQHVQTLTTEKLQLTSVTSLCMLIGNTTVIPSPQTLFHYYNINVNFHSNYNERINDAVAIITAANRLNLYQKKMKSIVEDFLKRLQIFDVPRVPDDQMYRLRDRLRLLPVERRRLDIFNLILMNMEQIERASDKIAQGVIIAYRDMQLERDEMYGYVNIARNLDGYQQINLEELMRTGDYGQITNMLLNNQPVALVGALPFVTDSSVISLIAKLDATVFAQIVKLRKVDTLKPILYKINSDSNDFYLVANYDWIPTSTTKVYKQVPQPFDFRASMHMLTSNLTFTVYSDLLSFVSADTVEPINAVAFDNMRIMNEL
P01500,MISMLRCIYLFLSVILITSYFVTPVMPCNCKAPETALCARRCQQHG
P11198,MASLIYRQLLTNSYSVELSDEINTIGSEKSQNVTINPGPFAQTNYAPVVLESWEVNDSTTIEPVLDGPYQPTSFKPPSDYWILLNPTNQQVVLEGTNKTDIWVALLLVEPNVTNQSRQYTLFGETKQITVENNTNKWKFFEMFRSSVSAEFQHKRTLTSDTKLAGFLKFYNSVWTFYGETPHATTDYSSTSNLSEVETAIHVEFYIIPRSQESKCNEYINTGLPPMQNTRNIVPVALSSRSVTYQRAQVNEDIIISKTSLWKEMQYNRDIIIRFKFNNSIVKLGGLGYKWPEISFKAANYQYNYLRDGEQVMAHTTCSVNGENNYSYNGGLLPTHFSVSRYEVIKENSYVYDNYWDDSQAFRNMVYVRSLAANLNSVKCSGGNYNFQMPVGAWPVMSGGAVSLHFAGVTLSTEFTDFVSLNSLRFRFSLTVEEPPFSILRTRVSGLYGLPAFNPNNGHEYYEIAGRFSFILLVPSNDDYQTPIMNSVTVRQDLERQLGDLREEFNSLSQEIAMTQLIDLALLPLDMFSMFSGIKSTIDAAKSMATMVMKKFKKSGLATSISELTRSLSNAASSVSRSSSIKSNISSISVWTDVSEQITGSSDSVRNISTQTSAISKRLRLREITTQTEGMNFIDISAAVLKTKIDKSTHISPDTLPDIITESSEKFIPKRAYRVLKDDEVMEVDVDGKFFAYKVDTFEEVPFDVDKFVDLVTDSPVISAIIDFKTLKNLNDNYGITRSQALDLIRSDPRVLRDFINQNNPIIKNRIEQLILQCRL
15675796,MRKKQKLPFDKLAIALMSTSILLNAQSDIKANTVTEDTPATEQAVETPQPTAVSEEAPSSKETKTPQTPDDAEETIADDANDLAPQAPAKTADTPATSKATIRDLNDPSQVKTLQEKAGKGAGTVVAVIDAGFDKNHEAWRLTDKTKARYQSKEDLEKAKKEHGITYGEWVNDKVAYYHDYSKDGKTAVDQEHGTHVSGILSGNAPSETKEPYRLEGAMPEAQLLLMRVEIVNGLADYARNYAQAIIDAVNLGAKVINMSFGNAALAYANLPDETKKAFDYAKSKGVSIVTSAGNDSSFGGKTRLPLADHPDYGVVGTPAAADSTLTVASYSPDKQLTETATVKTADQQDKEMPVLSTNRFEPNKAYDYAYANRGMKEDDFKDVKGKIALIERGDIDFKDKIANAKKAGAVGVLIYDNQDKGFPIELPNVDQMPAAFISRKDGLLLKENPQKTITFNATPKVLPTASGTKLSRFSSWGLTADGNIKPDIAAPGQDILSSVANNKYAKLSGTSMSAPLVAGIMGLLQKQYETQYPDMTPSERLDLAKKVLMSSATALYDEDEKAYFSPRQQGAGAVDAKKASAATMYVTDKDNTSSKVHLNNVSDKFEVTVTVHNKSDKPQELYYQATVQTDKVDGKLFALAPKALYETSWQKITIPANSSKQVTIPIDVSQFSKDLLAPMKNGYFLEGFVRFKQDPTKEELMSIPYIGFRGDFGNLSALEKPIYDSKDGSSYYHEANSDAKDQLDGDGLQFYALKNNFTALTTESNPWTIIKAVKEGVENIEDIESSEITETIFAGTFAKQDDDSHYYIHRHANGKPYAAISPNGDGNRDYVQFQGTFLRNAKNLVAEVLDKEGNVVWTSEVTEQVVKNYNNDLASTLGSTRFEKTRWDGKDKDGKVVANGTYTYRVRYTPISSGAKEQHTDFDVIVDNTTPEVATSATFSTEDRRLTLASKPKTSQPVYRERIAYTYMDEDLPTTEYISPNEDGTFTLPEEAETMEGATVPLKMSDFTYVVEDMAGNITYTPVTKLLEGHSNKPEQDGSDQAPDKKPETKPEQDGSGQAPDKKPETKPEQDGSGQTPDKKPETKPEQDGSGQTPDKKPETKPEKDSSGQTPGKTPQKGQPSRTLEKRSSKRALATKASTKDQLPTTNDKDTNRLHLLKLVMTTFFLGLVAHIFKTKRTED
P17664,MGTKWSKSSLVGWPEVRRRIREAPTAAEGVGEVSKDLERHGAITSRNTPETNQTLAWLEEMDNEEVGFPVRPQVPTRPMTYKAAFDLSHFLKEKGGLEGLVYSRRRQEILDLWVYHTQGFFPDWQNYTTGPGTRFPLCFGWCFKLVPLTEEQVEQANEGDNNCLLHPICQHGMEDEDKEVLVWRFDSRLALRHIAREQHPEYYKD
P03300b,GLGQMLESMIDNTVRETVGAATSRDALPNTEASGPTHSKEIPALTAVETGATNPLVPSDTVQTRHVVQHRSRSESSIESFFARGACVTIMTVDNPASTTNKDKLFAVWKITYKDTVQLRRKLEFFTYSRFDMELTFVVTANFTETNNGHALNQVYQIMYVPPGAPVPEKWDDYTWQTSSNPSIFYTYGTAPARISVPYVGISNAYSHFYDGFSKVPLKDQSAALGDSLYGAASLNDFGILAVRVVNDHNPTKVTSKIRVYLKPKHIRVWCPRPPRAVAYYGPGVDYKDGTLTPLSTKDLTTY
P03300a,SPNIEACGYSDRVLQLTLGNSTITTQEAANSVVAYGRWPEYLRDSEANPVDQPTEPDVAACRFYTLDTVSWTKESRGWWWKLPDALRDMGLFGQNMYYHYLGRSGYTVHVQCNASKFHQGALGVFAVPEMCLAGDSNTTTMHTSYQNANPGEKGGTFTGTFTPDNNQTSPARRFCPVDYLLGNGTLLGNAFVFPHQIINLRTNNCATLVLPYVNSLSIDSMVKHNNWGIAILPLAPLNFASESSPEIPITLTIAPMCCEFNGLRNITLPRLQ
P24906,MQGPTLAVLGALLAVAVSLPTPAPRVTVYVDPPAYPMPRYNYTERWHTTGPIPSPFADGREQPVEVRYATSAAACDMLALIADPQVGRTLWEAVRRHARAYNATVIWYKIESGCARPLYYMEYTECEPRKHFGYCRYRTPPFWDSFLAGFAYPTDDELGLIMAAPARLVEGQYRRALYIDGTVAYTDFMVSLPAGDCWFSKLGAARGYTFGACFPARDYEQKKVLRLTYLTQYYPQEAHKAIVDYWFMRHGGVVPPYFEESKGYEPPPAADGGSPAPPGDDEAREDEGETEDGAAGREGNGGPPGPEGDGESQTPEANGGAEGEPKPGPSPDADRPEGWPSLEAITHPPPAPATPAAPDAVPVSVGIGIAAAAIACVAAAAAGAYFVYTRRRGAGPLPRKPKKLPAFGNVNYSALPG
Q6SW76,MESRIWCLVVCVNLCIVCLGAAVSSSSTRGTSATHSHHSSHTTSAAHSRSGSVSQRVTSSQTVSHGVNETIYNTTLKYGDVVGVNTTKYPYRVCSMAQGTDLIRFERNIVCTSMKPINEDLDEGIMVVYKRNIVAHTFKVRVYQKVLTFRRSYAYIHTTYLLGSNTEYVAPPMWEIHHINSHSQCYSSYSRVIAGTVFVAYHRDSYENKTMQLMPDDYSNTHSTRYVTVKDQWHSRGSTWLYRETCNLNCMVTITTARSKYPYHFFATSTGDVVDISPFYNGTNRNASYFGENADKFFIFPNYTIVSDFGRPNSALETHRLVAFLERADSVISWDIQDEKNVTCQLTFWEASERTIRSEAEDSYHFSSAKMTATFLSKKQEVNMSDSALDCVRDEAINKLQQIFNTSYNQTYEKYGNVSVFETTGGLVVFWQGIKQKSLVELERLANRSSLNLTHNRTKRSTDGNNATHLSNMESVHNLVYAQLQFTYDTLRGYINRALAQIAEAWCVDQRRTLEVFKELSKINPSAILSAIYNKPIAARFMGDVLGLASCVTINQTSVKVLRDMNVKESPGRCYSRPVVIFNFANSSYVQYGQLGEDNEILLGNHRTEECQLPSLKIFIAGNSAYEYVDYLFKRMIDLSSISTVDSMIALDIDPLENTDFRVLELYSQKELRSSNVFDLEEIMREFNSYKQRVKYVEDKVVDPLPPYLKGLDDLMSGLGAAGKAVGVAIGAVGGAVASVVEGVATFLKNPFGAFTIILVAIAVVIITYLIYTRQRRLCTQPLQNLFPYLVSADGTTVTSGSTKDTSLQAPPSYEESVYNSGRKGPGPPSSDASTAAPPYTNEQAYQMLLALARLDAEQRAQQNGTDSLDGRTGTQDKGQKPNLLDRLRHRKNGYRHLKDSDEEENV
Q400Z7,CGIGKAGNPDVMDGVTPNMIVGSSTDVIACEGKIVTAGGIDTHVHFICPQQVEEALASGVTTLLGGGTGPTEGTNATTCTPAPNQFKTMMQACDHLPINVGLTGKGNDSGLPSLRDQCRAGAAGLKVHEDWGATPAVIDTCLQVCDEFDIQCLIHTDTLNESGF
P02687,AAQKRPSQRSKYLASASTMDHARHGFLPRHRDTGILDSLGRFFGSDRGAPKRGSGKDGHHAARTTHYGSLPQKAQGHRPQDENPVVHFFKNIVTPRTPPPSQGKGRGLSLSRFSWGAEGQKPGFGYGGRASDYKSAHKGLKGHDAQGTLSKIFKLGGRDSRSGSPMARR
Q91UA3,FSVRLLRDTTHISQSALPQGIEDLISEVAQGALTLSLPKQQDSLPDTKASGPAHSKEVPALTAVETGATNPLVPSDTVQTRHVVQRRSRSESTIESFFARGACVAIIEVDNEQPTTRAQKLFATWRITYKDTVQLRRKLEFFTY
Q9Z374,MLNLKKTAVAVLALGSSAVFAGTMGPVCTPGNVTVPCERTAWDIGITALYLQPIYDADWGYNGFTQVGGWRHWHDVDHEWDWGFKLEGSYHFNTGNDINVNWYHFDNDSDHWADFANWHNYNNKWDAVNAELGQFVDFSANKKMRFHGGVQYARIEADVNRYFNNFAFNGFNSKFNGFGPRTGLDMNYVFGNGFGVYAKGAAAILVGTSDFYDGINFITGSKNAIVPELEAKLGADYTYAMAQGDLTLDVGYMWFNYFNAMHNTGVFNGFETDFAASGPYIGLKYVGNV
P19550,KLWVTVYYGVPVWKEATTTLFCASDAKAYDTEVHNVWATHACVPTDPNPQEIVLENVTENFNMWKNNMVEQMHEDIISLWDQSLKPCVKLTPLCVTLHCTNLKNATNTKSSNWKEMDRGEIKNCSFKVTTSIRNKMQKEYALFYKLDVVPIDNDNTSYKLINCNTSVITQACPKVSFEPIPIHYCAPAGFAILKCNDKKFNGSGPCTNVSTVQCTHGIRPVVSTQLLLNGSLAEEGVVIRSENFTDNAKTIIVQLKESVEINCTRPNNNTRKSITIGPGRAFYATGDIIGDIRQAHCNISGEKWNNTLKQIVTKLQAQFGNKTIVFKQSSGGDPEIVMHSFNCGGEFFYCNSTQLFNSTWNNTIGPNNTNGTITLPCRIKQIINRWQEVGKAMYAPPIRGQIRCSSNITGLLLTRDGGKEISNTTEIFRPGGGDMRDNWRSELYKYKVVKIEPLGVAPTKAKRRVVQREKR
O92944,MCSGKFSIDKEMAETQHGTTVVKVKYEGAGAPCKVPIEIRDVNKEKVVGRIISSTPLAENTNSVTNIELEPPFGDSYIVIGVGNSALTLHWFRK
Q9ZHG7,MKKTYGYIGSVAAILLATHIGSYQLGKHHMGLATKDNQIAYIDDSKGKVKAPKTNKTMDQISAEEGISAEQIVVKITDQGYVTSHGDHYHFYNGKVPYDAIISEELLMTDPNYHFKQSDVINEILDGYVIKVNGNYYVYLKPGSKRKNIRTKQQIAEQVAKGTKEAKEKGLAQVAHLSKEEVAAVNEAKRQGRYTTDDGYIFSPTDIIDDLGDAYLVPHGNHYHYIPKKDLSPSELAAAQAYWSQKQGRGARPSDYRPTPAPGRRKAPIPDVTPNPGQGHQPDNGGYHPAPPRPNDASQNKHQRDEFKGKTFKELLDQLHRLDLKYRHVEEDGLIFEPTQVIKSNAFGYVVPHGDHYHIIPRSQLSPLEMELADRYLAGQTDDNDSGSDHSKPSDKEVTHTFLGHRIKAYGKGLDGKPYDTSDAYVFSKESIHSVDKSGVTAKHGDHFHYIGFGELEQYELDEVANWVKAKGQADELVAALDQEQGKEKPLFDTKKVSRKVTKDGKVGYIMPKDGKDYFYARYQLDLTQIAFAEQELMLKDKKHYRYDIVDTGIEPRLAVDVSSLPMHAGNATYDTGSSFVIPHIDHIHVVPYSWLTRNQIATIKYVMQHPEVRPDVWSKPGHEESGSVIPNVTPLDKRAGMPNWQIIHSAEEVQKALAEGRFAAPDGYIFDPRDVLAKETFVWKDGSFSIPRADGSSLRTINKSDLSQAEWQQAQELLAKKNAGDATDTDKPEEKQQADKSNENQQPSEASKEEKESDDFIDSLPDYGLDRATLEDHINQLAQKANIDPKYLIFQPEGVQFYNKNGELVTYDIKTLQQINP
P35260,MASSSNYNTYMQYLNPPPYADHGANQLIPADQLSNQQGITPNYVGDLNLDDQFKGNVCHAFTLEAIIDISAYNERTVKGVPAWLPLGIMSNFEYPLAHTVAALLTGSYTITQFTHNGQKFVRVNRLGTGIPAHPLRMLREGNQAFIQNMVIPRNFSTNQFTYNLTNLVLSVQKLPDDAWRPSKDKLIGNTMHPAVSIHPNLPPIVLPTVKKQAYRQHKNPNNGPLLAISGILHQLRVEKVPEKTSLFRISLPADMFSVKEGMMKKRGENSPVVYFQAPENFPLNGFNNRQVVLAYANPTLSAV
O89126,ATYTSGGTVGRTTRGLTSFFTPGPSQK
O10683,MSNHTHHPKFKTLKRAWKASKYFIVGLSCLYKFNLKSLVQTALTTLAMITLTSLVITAIIYISVGNAKAKPTSKPTTQQTQQLQNHTPPPLTEHNYKSTHTSIQSTTLSQPPNIDTTSGTTYGHPTNRTQNRKIKSQSTPLATRKPPINPLGSNPPENHQDHNNSQTLPHVPCSTCEGNPACSPLCQIELERAPSSAPTITLKKAPKPKTTKKPTKTTIYHRTSPEAKLQTKKIMATPQQGILSSPEHQTNQSTTQISQHTSI
Q9L5B9,MKKIMLVFITLILISLPIAQQTEAKDASAFHKEDLISSMAPPTSPPASPKTPIEKKHADEIDKYIQGLDYNKNNVLVYHGDAVTNVPPRKGYKDGNEYIVVEKKKKSINQNNADIQVVNAISSLTYPGALVKANSELVENQPDVLPVKRDSLTLSIDLPGMTNQDNKIVVKNATKSNVNNAVNTLVERWNEKYAQAYPNVSAKIDYDDEMAYSESQLIAKFGTAFKAVNNSLNVNFGAISEGKMQEEVISFKQIYYNVNVNEPTRPSRFFGKAVTKEQLQALGVNAENPPAYISSVAYGRQVYLKLSTNSHSTKVKAAFDAAVSGKSVSGDVELTNIIKNSSFKAVIYGGSAKDEVQIIDGNLGDLRDILKKGATFNRETPGVPIAYTTNFLKDNELAVIKNNSEYIETTSKAYTDGKINIDHSGGYVAQFNISWDEINYDPEGNEIVQHKNWSENNKSKLAHFTSSIYLPGNARNINVYAKECTGLAWEWWRTVIDDRNLPLVKNRNISIWGTTLYPKYSNSVDNPIE
Q04245,MSTFKLMMDGRLVFAMAIAILSVVLSCGTCEKAKRAVRGRQDRPKEFPPPRYNYTILTRYNATALASPFINDQVKNVDLRIVTATRPCEMIALIAKTNIDSILKELAAAQKTYSARLTWFKIMPTCATPIHDVSYMKCNPKLSFAMCDERSDILWQASLITMAAETDDELGLVLAAPAHSASGLYRRVIEIDGRRIYTDFSVTIPSERCPIAFEQNFGNPDRCKTPEQYSRGEVFTRRFLGEFNFPQGEHMTWLKFWFVYDGGNLPVQFYEAQAFARPVPPDNHPGFDSVESEITQNKTDPKPGQADPKPNQPFKWPSIKHLAPRLDEVDEVIEPVTKPPKTSKSNSTFVGISVGLGIAGLVLVGVILYVCLRRKKELKKSAQNGLTRLRSTFKDVKYTQLP
P02714,MVLTLLLIICLALEVRSENEEGRLIEKLLGDYDKRIIPAKTLDHIIDVTLKLTLTNLISLNEKEEALTTNVWIEIQWNDYRLSWNTSEYEGIDLVRIPSELLWLPDVVLENNVDGQFEVAYYANVLVYNDGSMYWLPPAIYRSTCPIAVTYFPFDWQNCSLVFRSQTYNAHEVNLQLSAEEGEAVEWIHIDPEDFTENGEWTIRHRPAKKNYNWQLTKDDTDFQEIIFFLIIQRKPLFYIINIIAPCVLISSLVVLVYFLPAQAGGQKCTLSISVLLAQTIFLFLIAQKVPETSLNVPLIGKYLIFVMFVSMLIVMNCVIVLNVSLRTPNTHSLSEKIKHLFLGFLPKYLGMQLEPSEETPEKPQPRRRSSFGIMIKAEEYILKKPRSELMFEEQKDRHGLKRVNKMTSDIDIGTTVDLYKDLANFAPEIKSCVEACNFIAKSTKEQNDSGSENENWVLIGKVIDKACFWIALLLFSIGTLAIFLTGHFNQVPEFPFPGDPRKYVP
Q8VQ82,MKKLGTLLVLFLSAIILVACASGKKDTTSGQKLKVVATNSIIADITKNIAGDKIDLHSIVPIGQDPHEYEPLPEDVKKTSEADLIFYNGINLETGGNAWFTKLVENAKKTENKDYFAVSDGVDVIYLEGQNEKGKEDPHAWLNLENGIIFAKNIAKQLSAKDPNNKEFYEKNLKEYTDKLDKLDKESKDKFNKIPAEKKLIVTSEGAFKYFSKAYGVPSAYIWEINTEEEGTPEQIKTLVEKLRQTKVPSLFVESSVDDRPMKTVSQDTNIPIYAQIFTDSIAEQGKEGDSYYSMMKYNLDKIAGGLAK
P21347,MHPNYYLSPLAVAIALGIASPVKAADPIPLQKSSFSEVTQKFQLTLPGVMKGAVVSTNSLQFIRQHTDGNKVTHVRMQQQYAGFPVFGGYAILHSKNATPSLATAKSDEKMNGVIYDGLQAELGQPKPSFVKNASMALQQFKDKYANKQVSEDQVTPMIYIDEKHQAHWAYKVSVLVIHDDRIPERPTAIIDAETNKPFVQWDDVKTEKVQAKGMGFGGNRKIGEYQFGKDLPLLEITRDSSVEMCFMENTDVKVVDMGHKYYSNNKPMQFTCKETPDTQSTKTYYTGYSADGYDRDNGAASPTNDALYAGYVIKHMYHDWYGVEALTKSDGSPMQLVMRVHYGQGYENAYWDGKQMTFGDGDTMMYPLVSLGVGGHEVSHGFTEQHSGLEYFGQSGGMNESFSDMAAQAAEYYSVGKNSWQIGPEIMKEDSGYDALRYMDKPSRDGMSIDVADDYYGGLDVHYSSGVYNHLFYILANQPNWNLRMAFDVMVKANMDYWTPYSTFDEGGCGMLSAAKDLGYNLDDIKKSLSEVTINYQSCYVD
P02710,MILCSYWHVGLVLLLFSCCGLVLGSEHETRLVANLLENYNKVIRPVEHHTHFVDITVGLQLIQLISVDEVNQIVETNVRLRQQWIDVRLRWNPADYGGIKKIRLPSDDVWLPDLVLYNNADGDFAIVHMTKLLLDYTGKIMWTPPAIFKSYCEIIVTHFPFDQQNCTMKLGIWTYDGTKVSISPESDRPDLSTFMESGEWVMKDYRGWKHWVYYTCCPDTPYLDITYHFIMQRIPLYFVVNVIIPCLLFSFLTGLVFYLPTDSGEKMTLSISVLLSLTVFLLVIVELIPSTSSAVPLIGKYMLFTMIFVISSIIITVVVINTHHRSPSTHTMPQWVRKIFIDTIPNVMFFSTMKRASKEKQENKIFADDIDISDISGKQVTGEVIFQTPLIKNPDVKSAIEGVKYIAEHMKSDEESSNAAEEWKYVAMVIDHILLCVFMLICIIGTVSVFAGRLIELSQEG
15675229,MIIKKRTVAILAIASSFFLVACQATKSLKSGDAWGVYQKQKSITVGFDNTFVPMGYKDESGRCKGFDIDLAKEVFHQYGLKVNFQAINWDMKEAELNNGKIDVIWNGYSITKERQDKVAFTDSYMRNEQIIVVKKRSDIKTISDMKHKVLGAQSASSGYDSLLRTPKLLKDFIKNKDANQYETFTQAFIDLKSDRIDGILIDKVYANYYLAKEGQLENYRMIPTTFENEAFSVGLRKEDKTLQAKINRAFRVLYQNGKFQAISEKWFGDDVATANIKS
P35258,MQQPRGRSRTRNHQVTPTIYHETQLPSKPHYTNYHPRARSMSSTRSSAESSPTNHIPRARPPSTFNLSKPPPPPKDMCRNMKIGLPCADPTCNRDHDLDNLTNRELLLLMARKMLPNTDKTFRSPQDCGSPSLSKGLSKDKQEQTKDVLTLENLGHILSYLHRSEIGKLDETSLRAALSLTCAGIRKTNRSLINTMTELHMNHENLPQDQNGVIKQTYTGIHLDKGGQFEAALWQGWDKRSISLFVQAALYVMNNIPCESSISVQASYDHFILPQSQGKGQ
P35256,MAELSTRYNLPANVTENSINLDLNSTARWIKEPSVGGWTVKWGNFVFHIPNTGMTLLHHLKSNFVVPEWQQTRNLFSHLFKNPKSTIIEPFLALRILLGVALKDQELQQSLIPGFRSIVHMLSEWLLLEVTSAIHISPNLLGIYLTSDMFKILMAGVKNFFNKMFTLHVVNDHGKPSSIEIKLTGQQIIITRVNMGFLVEVRRIDIEPCCGETVLSESVVFGLVAEAVLREHSQMEKGQPLNLTQYMNSKIAI
Q9RF12,MKRKIYKLLICATIATSLWAVRTTKVYAWDGKADGTGTHAMIATQGVTILENDLSSNEPEVIRNNLEILKQNMHDLQLGSTYPDYDKNAYDLYQDHFWDPDTDNNFTKDSKWYLSYSIPDTAESQIRKFSALARYEWKRGNYKQATFYLGEAMHYFGDADTPYHAANVTAVDSPGHVKFETFAEDRKDQYKINTTGSKTNDAFYSNILTNEDFNSWSKEFARSFAKTAKDLYYSHANMSCSWDEWDYAAKVALANSQKGTSGYIYRFLHDVSDGKDSSANKNVNELVAYITTGGEKYAGTDDYMYFGIKTKDGQTQEWTMDNPGNDFMTGSQDTYTFKLKDKNLKIDDIQNMWIRKSKYTEFGDDYKPANIKVIANGNVVLNKDINEWISGNSTYNIK
50913503,MVSSYMFVRGEKMNNKIFLNKEASFLAHTKRKRRFAVTLVGVFFMLLACAGAIGFGQVAYAADEKTVPSHSSPNPEFPWYGYDAYGKEYPGYNIWTRYHDLRVNLNGSRSYQVYCFNIQSNYPSQKNSFIKNWFKKIEGNGKSFVDYAHTTKLGKEELEQRLLSLLYNAYPNDANGYMKGLEHLNAITVTQYAVWHYSDNSQYQFETLWESEAKEGKISRSQVTLMREALKKLIDPNLEATAVNKIPSGYRLNIFESENEAYQNLLSAEYVPDDPPKPGETSEHNPKTPELDGTPIPEDPKHPDDNLEPTLPPVMLDGEEVPEVPSESLEPALPPLMPELDGQEVPEKPSIDLPIEVPRYEFNNKDQSPLAGESGETEYITEVYGNQQNPVDIDKKLPNETGFSGNMVETEDTKEPEVLMGGQSESVEFTKDTQTGMSGQTTPQVETEDTKEPEVLMGGQSESVEFTKDTQTGMSGQTTPQIETEDTKEPEVLMGGQSESVEFTKDTQTGMSGQTTPQIETEDTKEPEVLMGGQSESVEFTKDTQTGMSGFSETATVVEDTRPKLVFHFDNNEPKVEENREKPTKNITPILPATGDIENVLAFLGILILSVLSIFSLLKNKQSNKKV
28896112,MSFDGFFLHHLTNELKENLLYGRIQKVNQPFERELVLTIRNHRKNYKLLLSAHPVFGRVQITQADFQNPQVPNTFTMIMRKYLQGAVIEQLEQIDNDRIIEIKVSNKNEIGDAIQATLIIEIMGKHSNIILVDRAENKIIESIKHVGFSQNSYRTILPGSTYIEPPKTAAVNPFTITDVPLFEILQTQELTVKSLQQHFQGLGRDTAKELSELLTTDKLKRFREFFARPTQANLTTASFAPVLFSDSHATFETLSEMLDHFYQDKAERDRINQQASGLIHRVQTELDKNRNKLSKQEAELLATENAELFRQKGELLTTYLSLVPNNQDSVILDNYYTGEKIEIALDKALTPNQNAQRYFKKYQKLKEAVKHLSGLIADTKQSITYFESVDYNLSQASIDDIEDIREELYQAGFLKSRQRDKRHKRKKPEQYLASDGKTILMVGRNNLQNEELTFKMAKKGELWFHAKDIPGSHVIIKDNLDPSDEVKTDAAELAAYYSKARLSNLVQVDMIEAKKLHKPSGAKPGFVTYTGQKTLRVTPDQAKILSMKLS
P26948,MKKISSVIAIALFGTIATANAADLTASTTATATLVEPARITLTYKEGAPITIMDNGNIDTELLVGTLTLGGYKTGTTSTSVNFTDAAGDPMYLTFTSQDGNNHQFTTKVIGKDSRDFDISPKVNGENLVGDDVVLATGSQDFFVRSIGSKGGKLAAGKYTDAVTVTVSNQ
P03141,MGGWSSKPRKGMGTNLSVPNPLGFFPDHQLDPAFGANSNNPDWDFNPVKDDWPAANQVGVGAFGPRLTPPHGGILGWSPQAQGILTTVSTIPPPASTNRQSGRQPTPISPPLRDSHPQAMQWNSTAFHQTLQDPRVRGLYLPAGGSSSGTVNPAPNIASHISSISARTGDPVTNMENITSGFLGPLLVLQAGFFLLTRILTIPQSLDSWWTSLNFLGGSPVCLGQNSQSPTSNHSPTSCPPICPGYRWMCLRRFIIFLFILLLCLIFLLVLLDYQGMLPVCPLIPGSTTTSTGPCKTCTTPAQGNSMFPSCCCTKPTDGNCTCIPIPSSWAFAKYLWEWASVRFSWLSLLVPFVQWFVGLSPTVWLSAIWMMWYWGPSLYSIVSPFIPLLPIFFCLWVYI
Q9RM68,YDNVDTLIEKGRYNTKYNYLKRMEKYYPNAMAYFDKVTINPQGNDFYINNPKVELDGEPSMNYLEDVYVGKALLTNDTQQEQKLKSQSFTCKNTDTVTATTTHTVGTSIQATAKFTVPFNETGVSLTTSYSFANTNTNTNSKEITHNVPSQDILVPANTTVEVIAYLKKVNVKGNVKLVGQVSGSEWGEIPSYLAFPRDGYKFSLSDTVNKSDLNEDGTININGKGNYSAVMGDELIVKVRNLNTNNVQEYVIPVDKKEKSNDSNIVKYWSLSIKAPGIK
Q9S6N1,MNMSLSRIVKAAPLRRTTLAMALGALGAAPAAHADWNNQSIVKTGERQHGIHIQGSDPGGVRTASGTTIKVSGRQAQGILLENPAAELQFRNGSVTSSGQLSDDGIRRFLGTVTVKAGKLVADHATLANVGDTWDDDGIALYVAGEQAQASIADSTLQGAGGVQIERGANVTVQRSAIVDGGLHIGALQSLQPEDLPPSRVVLRDTNVTAVPASGAPAAVSVLGASELTLDGGHITGGRAAGVAAMQGAVVHLQRATIRRGDAPAGGAVPGGAVPGGAVPGGFGPGGFGPVLDGWYGVDVSGSSVELAQSIVEAPELGAAIRVGRGARVTVSGGSLSAPHGNVIETGGARRFAPQAAPLSITLQAGAHAQGKALLYRVLPEPVKLTLTGGADAQGDIVATELPSIPGTSIGPLDVALASQARWTGATRAVDSLSIDNATWVMTDNSNVGALRLASDGSVDFQQPAEAGRFKVLTVNTLAGSGLFRMNVFADLGLSDKLVVMQDASGQHRLWVRNSGSEPASANTLLLVQTPRGSAATFTLANKDGKVDIGTYRYRLAANGNGQWSLVGAKAPPAPKPAPQPGPQPPQPPQPQPEAPAPQPPAGRELSAAANAAVNTGGVGLASTLWYAESNALSKRLGELRLNPDAGGAWGRGFAQRQQLDNRAGRRFDQKVAGFELGADHAVAVAGGRWHLGGLAGYTRGDRGFTGDGGGHTDSVHVGGYATYIADSGFYLDATLRASRLENDFKVAGSDGYAVKGKYRTHGVGASLEAGRRFTHADGWFLEPQAELAVFRAGGGAYRAANGLRVRDEGGSSVLGRLGLEVGKRIELAGGRQVQPYIKASVLQEFDGAGTVHTNGIAHRTELRGTRAELGLGMAAALGRGHSLYASYEYSKGPKLAMPWTFHAGYRYSW
P36318,MGGAAARLGAVILFVVIVGLHGVRGKYALADASLKMADPNRFRGKDLPVPDRLTDPPGVRRVYHIQAGLPDPFQPPSLPITVYYAVLERACRSVLLNAPSEAPQIVRGGSEDVRKQPYNLTIAWFRMGGNCAIPITVMEYTECSYNKSLGACPIRTQPRWNYYDSFSAVSEDNLGFLMHAPAFETAGTYLRLVKINDWTEITQFILEHRAKGSCKYALPLRIPPSACLSPQAYQQGVTVDSIGMLPRFIPENQRIVAVYSLKIAGWHGPKAPYTSTLLPPELSETPNATQPELAPEDPEDSALLEDPVGTVAPQIPPNWHIPSIQDAATPYHPPATPNNMGLIAGAVGGSLLAALVICGIVYWMRRRTQKGPKRIRLPHIREDDQPSSHQPLFY
Q9ZKX5,MVNKDVKQTTAFGAPVWDDNNVITAGPRGPVLLQSTWFLEKLAAFDRERIPERVVHAKGSGAYGTFTVTKDITKYTKAKIFSKVGKKTECFFRFSTVAGEKGSADAVRDPRGFAMKYYTEEGNWDLVGNNTPVFFIRDAIKFPDFIHTQKRDPQTNLPNPDMVWDFWSNVPESLYQVTWVMSDRGIPKSFRHMDGFGSHTFSLINAKGERFWVKFHFETMQGVKHLTNEEAAEVRKYDPDSNQRDLFDAIAGGDFPKWKMSIQVMPEEDAKKYRFHPFDVTKIWYLQDYPLMEVGIVELNKNPENYFAEVEQAAFTPANVVPGIGYSPDRMLQGRLFSYGDTHRYRLGVNYPQIPVNRPRCPFHSSSRDGYMQNGYYGSLQNYTPSSLPGYKEDKSARDPKFNLAHIEKEFEVWNWDYRAEDSDYYTQPGDYYRSLPADEKERLYDTIGGSLAHVTHKEIVDKQLEHFKKADPKYAEGVKKALEKHQKMMKDMHAKDMHHMKKKK
15675811,MNKKKLGVRLLSLLALGGFVLANPVFADQNFARNEKEAKDSAITFIQKSAAIKAGARSAEDIKLDKVNLGGELSGSNMYVYNISTGGFVIVSGDKRSPEILGYSTSGSFDANGKENIASFMESYVEQIKENKKLDTTYAGTAEIKQPVVKSLLDSKGIHYNQGNPYNLLTPVIEKVKPGEQSFVGQHAATGCVATATAQIMKYHNYPNKGLKDYTYTLSSNNPYFNHPKNLFAAISTRQYNWNNILPTYSGRESNVQKMAISELMADVGISVDMDYGPSSGSAGSSRVQRALKENFGYNQSVHQINRGDFSKQDWEAQIDKELSQNQPVYYQGVGKVGGHAFVIDGADGRNFYHVNWGWGGVSDGFFRLDALNPSALGTGGGAGGFNGYQSAVVGIKP
P11210,MEPAAPSCNMIMIADQASVNAHGRHLDENRVYPSDKVPAHVANKILESGTETVRCDLTLEDMLGDYEYDDPTEEEKILMDRIADHVGNDNSDMAIKHAAVRSVLLSCKIAHLMIKQNYQSAINSATNILCQLANDIFERIERQRKMIYGCFRSEFDNVQLGRLMYDMYPHFMPTNLGPSEKRVWMSYVGEAIVAATNIDHALDERAAWAKTDCSLPGEFKPELCVLVGAIRRLHDPPCYTKPFLDAKSQLAVWQQMKAIESESVSTHVVVVEALKLRENLAKAVQETIAYERHQYHRVCQMMCNNMKDHLETTCMLARGRTLATLADLRSTRYNLALFLLSEMHIFDSFTMPRIRGAMKQARCMSYVERTISLAKFRELADRVHNRSAPSPQGVIEEQQQAGEEEQQQQQEIEYDPEMPPLEREEEQEDEQVEEEPPADEEEGGAVGGVTQEEPAGEATEEAEEDESQPGPSDNQVVPESSETPTPAEDEETQSADEGESQELEGSQQLILSRPAAPLTDSETDSDSEDDDEVTRIPVGFSLMTSPVLQPTTRSATAAASSGTAPRPALKRQYAMVHTRSKSSENQQQPKKKSKK
P05825,MNKKIHSLALLVNLGIYGVAQAQEPTDTPVSHDDTIVVTAAEQNLQAPGVSTITADEIRKNPVARDVSKIIRTMPGVNLTGNSTSGQRGNNRQIDIRGMGPENTLILIDGKPVSSRNSVRQGWRGERDTRGDTSWVPPEMIERIEVLRGPAAARYGNGAAGGVVNIITKKGSGEWHGSWDAYFNAPEHKEEGATKRTNFSLTGPLGDEFSFRLYGNLDKTQADAWDINQGHQSARAGTYATTLPAGREGVINKDINGVVRWDFAPLQSLELEAGYSRQGNLYAGDTQNTNSDSYTRSKYGDETNRLYRQNYALTWNGGWDNGVTTSNWVQYEHTRNSRIPEGLAGGTEGKFNEKATQDFVDIDLDDVMLHSEVNLPIDFLVNQTLTLGTEWNQQRMKDLSSNTQALTGTNTGGAIDGVSTTDRSPYSKAEIFSLFAENNMELTDSTIVTPGLRFDHHSIVGNNWSPALNISQGLGDDFTLKMGIARAYKAPSLYQTNPNYILYSKGQGCYASAGGCYLQGNDDLKAETSINKEIGLEFKRDGWLAGVTWFRNDYRNKIEAGYVAVGQNAVGTDLYQWDNVPKAVVEGLEGSLNVPVSETVMWTNNITYMLKSENKTTGDRLSIIPEYTLNSTLSWQAREDLSMQTTFTWYGKQQPKKYNYKGQPAVGPETKEISPYSIVGLSATWDVTKNVSLTGGVDNLFDKRLWRAGNAQTTGDLAGANYIAGAGAYTYNEPGRTWYMSVNTHF
O30405,MRGTYCVTLWGGVFAALVAGCASERMIVAYRGAAGYVPEHTFASKVLAFAQGADYLQQDVVLSKDNQLIVAQSHILDNMTDVAEKFPRRQRADGHFYVIDFTVEELSLLRATNSFYTRGKRHTPVYGQRFPLWKPGFRLHTFEEELQFIRGLEQTTGKKIGIYSEIKVPWFHHQEGKDIAALTLALLKKYGYQSRSDLVYVQTYDFNELKRIKRELLPKYEMNVKLIQRVAYTDQRETQEKDSRGKWINYNYNWMFEPGGMQKIAKYADGVGPDWRMLIENEWSKVGAVRLSPMVSAIQDAKLECHVHTVRKETLPSYARTMDEMFSILFKQTGANVVLTDFPDLGVKFLGKPARY
P65306,MNDGKRAVTSAVLVVLGACLALWLSGCSSPKPDAEEQGVPVSPTASDPALLAEIRQSLDATKGLTSVHVAVRTTGKVDSLLGITSADVDVRANPLAAKGVCTYNDEQGVPFRVQGDNISVKLFDDWSNLGSISELSTSRVLDPAAGVTQLLSGVTNLQAQGTEVIDGISTTKITGTIPASSVKMLDPGAKSARPATVWIAQDGSHHLVRASIDLGSGSIQLTQSKWNEPVNVD
P96943,MKKALATLIALALPAAALAEGASGFYVQADAAHAKASSSLGSAKGFSPRISAGYRINDLRFAVDYTRYKNYKAPSTDFKLYSIGASAIYDFDTQSPVKPYLGARLSLNRASVDLGGSDSFSQTSIGLGVLTGVSYAVTPNVDLDAGYRYNYIGKVNTVKNVRSGELSVGVRVKF
P32886,FNCLGMGNRDFIEGASGATWVDLVLEGDSCLTIMANDKPTLDVRMINIEASQLAEVRSYCYHASVTDISTVARCPTTGEAHNEKRADSSYVCKQGFTDRGWGNGCGLFGKGSIDTCAKFSCTSKAIGRTIQPENIKYEVGIFVHGTTTSENHGNYSAQVGASQAAKFTITPNAPSITLKLGDYGEVTLDCEPRSGLNTEAFYVMTVGSKSFLVHREWFHDLALPWTSPSSTAWRNRELLMEFEEAHATKQSVVALGSQEGGLHQALAGAIVVEYSSSVKLTSGHLKCRLKMDKLALKGTTYGMCTEKFSFAKNPADTGHGTVVIELSYSGSDGPCKIPIVSVASLNDMTPVGRLVTVNPFVATSSANSKVLVEMEPPFGDSYIVVGRGDKQINHHWHKAGSTLGKAFSTTLKGAQRLAALGDTAWDFGSIGGVFNSIGKAVHQVFGGAFRTLFGGMSWITQGLMGALLLWMGVNARDRSIALAFLATGGVLVFLATNVHA
P32722,MKVMKWSAIALAVSAGSTQFAVADAFVSDQAEAKGFIEDSSLDLLLRNYYFNRDGKSGSGDRVDWTQGFLTTYESGFTQGTVGFGVDAFGYLGLKLDGTSDKTGTGNLPVMNDGKPRDDYSRAGGAVKVRISKTMLKWGEMQPTAPVFAAGGSRLFPQTATGFQLQSSEFEGLDLEAGHFTEGKEPTTVKSRGELYATYAGETAKSADFIGGRYAITDNLSASLYGAELEDIYRQYYLNSNYTIPLASDQSLGFDFNIYRTNDEGKAKAGDISNTTWSLAAAYTLDAHTFTLAYQKVHGDQPFDYIGFGRNGSGAGGDSIFLANSVQYSDFNGPGEKSWQARYDLNLASYGVPGLTFMVRYINGKDIDGTKMSDNNVGYKNYGYGEDGKHHETNLEAKYVVQSGPAKDLSFRIRQAWHRANADQGEGDQNEFRLIVDYPLSIL
Q93V22,MRCTRAIRQTARTGWLTWLAILAVTAPVTSPAWADDPPATVYRYDSRPPEDVFQNGFTAWGNNDNVLDHLTGRSCQVGSSNSAFVSTSSSRRYTEVYLEHRMQEAVEAERAGRGTGHFIGYIYEVRADNNFYGAASSYFEYVDTYGDNAGRILAGALATYQSEYLAHRRIPPENIRRVTRVYHNGITGETTTTEYSNARYVSQQTRANPNPYTSRRSVASIVGTLVRMAPVIGACMARQAESSEAMAAWSERAGEAMVLVYYESIAYSF
P03531,MDVLYSLSKTLKDARDKIVEGTLYSNVSDLIQQFNQMIITMNGNEFQTGGIGNLPIRNWNFNFGLLGTTLLNLDANYVETARNTIDYFVDFVDNVCMDEMVRESQRNGIAPQSDSLRKLSAIKFKRINFDNSSEYIENWNLQNRRQRTGFTFHKPNIFPYSASFTLNRSQPAHDNLMGTMWLNAGSEIQVAGFDYSCAINAPANIQQFEHIVPLRRVLTTATITLLPDAERFSFPRVINSADGATTWFFNPVILRPNNVEVEFLLNGQIINTYQARFGTIVARNFDTIRLSFQLMRPPNMTPAVAVLFPNAQPFEHHATVGLTLRIESAVCESVLADASETLLANVTSVRQEYAIPVGPVFPPGMNWTDLITNYSPSREDNLQRVFTVASIRSMLIK
Q6SW59,MESRGRRCPEMISVLGPISGHVLKAVFSRGDTPVLPHETRLLQTGIHVRVSQPSLILVSQYTPDSTPCHRGDNQLQVQHTYFTGSEVENVSVNVHNPTGRSICPSQEPMSIYVYALPLKMLNIPSINVHHYPSAAERKHRHLPVADAVIHASGKQMWQARLTVSGLAWTRQQNQWKEPDVYYTSAFVFPTKDVALRHVVCAHELVCSMENTRATKMQVIGDQYVKVYLESFCEDVPSGKLFMHVTLGSDVEEDLTMTRNPQPFMRPHERNGFTVLCPKNMIIKPGKISHIMLDVAFTSHEHFGLLCPKSIPGLSISGNLLMNGQQIFLEVQAIRETVELRQYDPVAALFFFDIDLLLQRGPQYSEHPTFTSQYRIQGKLEYRHTWDRHDEGAAQGDDDVWTSGSDSDEELVTTERKTPRVTGGGAMASASTSAGRKRKSASSATACTAGVMTRGRLKAESTVAPEEDTDEDSDNEIHNPAVFTWPPWQAGILARNLVPMVATVQGQNLKYQEFFWDANDIYRIFAELEGVWQPAAQPKRRRHRQDALPGPCIASTPKKHRG
Q8AYT7,MLFMIALLFLLWGVPSHAYFSYYTAQRFTDFTLCMLTDRGVIANLLRYDEHTALYNCSASGTCWYCTFLDEQVITFGTNCNDTYSVPVSVVLEQAHGPYSVLFDDMPPFIYYGREFGILVLDVFMFYPVLVLFFLSVLPYATLFLEMLVSILFIVYGIYSGAYLAMGIFAATLIIHSVVVLRQLLWLCLAWRYRCTLHASFISAEGKVYPVDPGLPIAAVGNRLLVPGRPTIDYAVAYGSKVNLVRLGAAEVWEP
15674549,MEKKQRFSLRKYKSGTFSVLIGSVFLVMTTTVAADELSTMSEPTITNHAQQQAQHLTNTELSSAESKSQDTSQITLKTNREKEQSQDLVSEPTTTELADTDAASMANTGSDATQKSASLPPVNTDVHDWVKTKGAWDKGYKGQGKVVAVIDTGIDPAHQSMRISDVSTAKVKSKEDMLARQKAAGINYGSWINDKVVFAHNYVENSDNIKENQFEDFDEDWENFEFDAEAEPKAIKKHKIYRPQSTQAPKETVIKTEETDGSHDIDWTQTDDDTKYESHGMHVTGIVAGNSKEAAATGERFLGIAPEAQVMFMRVFANDIMGSAESLFIKAIEDAVALGADVINLSLGTANGAQLSGSKPLMEAIEKAKKAGVSVVVAAGNERVYGSDHDDPLATNPDYGLVGSPSTGRTPTSVAAINSKWVIQRLMTVKELENRADLNHGKAIYSESVDFKDIKDSLGYDKSHQFAYVKESTDAGYNAQDVKGKIALIERDPNKTYDEMIALAKKHGALGVLIFNNKPGQSNRSMRLTANGMGIPSAFISHEFGKAMSQLNGNGTGSLEFDSVVSKAPSQKGNEMNHFSNWGLTSDGYLKPDITAPGGDIYSTYNDNHYGSQTGTSMASPQIAGASLLVKQYLEKTQPNLPKEKIADIVKNLLMSNAQIHVNPETKTTTSPRQQGAGLLNIDGAVTSGLYVTGKDNYGSISLGNITDTMTFDVTVHNLSNKDKTLRYDTELLTDHVDPQKGRFTLTSHSLKTYQGGEVTVPANGKVTVRVTMDVSQFTKELTKQMPNGYYLEGFVRFRDSQDDQLNRVNIPFVGFKGQFENLAVAEESIYRLKSQGKTGFYFDESGPKDDIYVGKHFTGLVTLGSETNVSTKTISDNGLHTLGTFKNADGKFILEKNAQGNPVLAISPNGDNNQDFAAFKGVFLRKYQGLKASVYHASDKEHKNPLWVSPESFKGDKNFNSDIRFAKSTTLLGTAFSGKSLTGAELPDGHYHYVVSYYPDVVGAKRQEMTFDMILDRQKPVLSQATFDPETNRFKPEPLKDRGLAGVRKDSVFYLERKDNKPYTVTINDSYKYVSVEDNKTFVERQADGSFILPLDKAKLGDFYYMVEDFAGNVAIAKLGDHLPQTLGKTPIKLKLTDGNYQTKETLKDNLEMTQSDTGLVTNQAQLAVVHRNQPQSQLTKMNQDFFISPNEDGNKDFVAFKGLKNNVYNDLTVNVYAKDDHQKQTPIWSSQAGASVSAIESTAWYGITARGSKVMPGDYQYVVTYRDEHGKEHQKQYTISVNDKKPMITQGRFDTINGVDHFTPDKTKALDSSGIVREEVFYLAKKNGRKFDVTEGKDGITVSDNKVYIPKNPDGSYTISKRDGVTLSDYYYLVEDRAGNVSFATLRDLKAVGKDKAVVNFGLDLPVPEDKQIVNFTYLVRDADGKPIENLEYYNNSGNSLILPYGKYTVELLTYDTNAAKLESDKIVSFTLSADNNFQQVTFKITMLATSQITAHFDHLLPEGSRVSLKTAQDQLIPLEQSLYVPKAYGKTVQEGTYEVVVSLPKGYRIEGNTKVNTLPNEVHELSLRLVKVGDASDSTGDHKVMSKNNSQALTASATPTKSTTSATAKALPSTGEKMGLKLRIVGLVLLGLTCVFSRKKSTKD
O09530,LLNGSLAEGEVVLRSKNFSNNADTIIVQLKEPVVINCTRPNNNTRKSINIGPGRAFVTTGTIQGGIRQAHCNI
Q2LC28,TTTWKEYSHGLQLDDGTVKAICIAGFFKVTALNVVSRRYLASLHKRALPTSVTFELLFDGTSP
Q91E46,MEVRVPNFHSFVEGITASYIRTPACWDSRSAWDSDIFYEPDVIKVGGAYCCTQCCGVLYYGAPPTDGICFPHHKCHQQLSRVDNPLLRFVKIGRTTEHLLDQYAVILSGIADHYEQAARSRPSMCGGDALMSLDIIMRTESLRTDRPVDPDFWTAPLERREPDARSDIATAGWRMIDASSQSQTVPDCVVSNLLHTRHVFSQMLTTTTAYDVAVTGKPAKFSPLVAVMPTRDSGIISLTRDNWDHDVEDVWLNGFAFSPIIGGVGISGQFERGACHNYGHPMIGSGKKVSHYRNLFMEVCRGWSKSSFTCAVGLEPAECELRLRGQARTMLGRALPDVCDFDETTHTGQSSAPLRRSSKVSFIECGW
15674345,MKKSILRILAIGYLLMSFCLLDSVEAENLTASINIEVINQVDVATNKQSSDIDETFMFVIEALDKESPLPNSVTTSVKGNGKTSFEQLTFSEVGQYHYKIHQLLGKNSQYHYDETVYEVVIYVLYNEQSGALETNLVSNKLGETEKSELIFKQEYSEKTPEPHQPDTTEKEKPQKKRNGILPSTGEMVSYVSALGIVLVATITLYSIYKKLKTSK
15674343,MKLRHLLLTGAALTSFAATTVHGETVVNGAKLTVTKNLDLVNSNALIPNTDFTFKIEPDTTVNEDGNKFKGVALNTPMTKVTYTNSDKGGSNTKTAEFDFSEVTFEKPGVYYYKVTEEKIDKVPGVSYDTTSYTVQVHVLWNEEQQKPVATYIVGYKEGSKVPIQFKNSLDSTTLTVKKKVSGTGGDRSKDFNFGLTLKANQYYKASEKVMIEKTTKGGQAPVQTEASIDQLYHFTLKDGESIKVTNLPVGVDYVVTEDDYKSEKYTTNVEVSPQDGAVKNIAGNSTEQETSTDKDMTITFTNKKDFEVPTGVAMTVAPYIALGIVAVGGALYFVKKKNA
P0A0R3,MKFQPLGERVLVERLEEENKTSSGIIIPDNAKEKPLMGVVKAVSHKISEGCKCVKEGDVIAFGKYKGAEIVLDGTEYMVLELEDILGIVGSGSCCHTGNHDHKHAKEHEACCHDHKKH
Q8JMH1,ISIPSQKAVLYFLIEKGQHEAAIEFFEGMVCDSIKEELRPLIQQTSFVKRAFKRLKENFEIVALCLTLMANIVIMIRETRKRQQMVDDAVNEYTEKVNITTDDKTLDEAEKNPLETSGATTVGFREKTLPGHKTGDDVSSEPTKPVEGQPQAE
Q4TUW2,MPEQHPPITETTTGAASNGCPVVGHMKYPVEGGGNQDWWPNRLNLKVLHQNPAVADPMGAAFDYAAEVATIDVDALTRDIEEVMTTSQPWWPADYGHYGPLFIRMAWHAAGTYRIHDGRGGAGGGMQRFAPLNSWPDNASLDKARRLLWPVKKKYGKKLSWADLIVFAGNCALESMGFKTFGFGFGRVDQWEPDEVYWGKEATWLGDERYSGKRDLENPLAAVQMGLIYVNPEGPNGNPDPMAAAVDIRETFRRMAMNDVETAALIVGGHTFGKTHGAGPADLVGPEPEAAPLEQMGLGWKSSYGTGTGKDAITSGIEVVWTNTPTKWDNSFLEILYGYEWELTKSPAGAWQYTAKDGAGAGTIPDPFGGPGRSPTMLATDLSLRVDPIYERITRRWLEHPEELADEFAKAWYKLIHRDMGPVARYLGPLVPKQTLLWQDPVPAVSHDLVGEAEIASLKSQILASGLTVSQLVSTAWAAASSFRGSDKRGGANGGRIRLQPQVGWEVNDPDGDLRKVIRMQPQVGWEVNDPDGDLRKVIRTPGRDPGVIQLRGAGEHQSVLRRPRRARWLCRHRESSKGGWPQHHGALHPGPHGCVAGTNRRGILCRAGAQGRWLPKLPRKGQPVAGRVHAARQGEPAYAQCP
Q9ZMJ1,MKTFEILKHLQADAIVLFMKVHNFHWNVKGTDFFNVHKATEEIYEGFADMFDDLAERIVQLGHHPLVTLSEAIKLTRVKEETKTSFHSKDIFKEILEDYKHLEKEFKELSNTAEKEGDKVTVTYADDQLAKLQKSIWMLEAHLA
Q9YQS7,MTFPRRRYRRRRHRPRSHLGQILRRRPWFLHPRHRYRWRRKNGIFNTRLSRTFGYTVKATTVRTPSWAVDMLRFKIDDFVPPGGGTNKISIPFEYYRIRKVKVEFWPCSPITQGDRGVGSSAVILDDNFFPKSTALTYDPYVNYSSRHTITQPFSYHSR
Q3S565,MRNSILLAATVLLGCTSAKVHKLKLKKLPLTEQLEYGDIETHVRALGQKYFGSLPSSQQQTVLSDEYSTTDGHNVLVDNFLNAQYFSEISIGNPPQNFKVVLDTGSSNLWVPSSECGSIACYLHNKYDSSASSTYKKNGTEFAIRYGSGSLSGFVSQDTLRIGDLTIEGQDFAEATNEPGLAFAFGRFDGILGLGYDTISVNKIVPPFYNMINEGLIDEPVFGFYLGDTNKEGDDSYATFGGVDSSLFSGEMIKIPLRRKAYWEVDFDAIAFGNERAELEDTGIILDTGTSLIALPSTLAELLNREIGAKKSWNGQYTVDCNKRPSLPDLTFTLSGHNFTIGPYDYILEVQGSCISSFMGMDFPEPVGPLAILGDAFLRRFYTMYDLGNNLVGLAKAGN
P03129,MHGDTPTLHEYMLDLQPETTDLYCYEQLNDSSEEEDEIDGPAGQAEPDRAHYNIVTFCCKCDSTLRLCVQSTHVDIRTLEDLLMGTLGIVCPICSQKP
Q79FV1,MDFGLLPPEVNSSRMYSGPGPESMLAAAAAWDGVAAELTSAAVSYGSVVSTLIVEPWMGPAAAAMAAAATPYVGWLAATAALAKETATQARAAAEAFGTAFAMTVPPSLVAANRSRLMSLVAANILGQNSAAIAATQAEYAEMWAQDAAVMYSYEGASAAASALPPFTPPVQGTGPAGPAAAAAATQAAGAGAVADAQATLAQLPPGILSDILSALAANADPLTSGLLGIASTLNPQVGSAQPIVIPTPIGELDVIALYIASIATGSIALAITNTARPWHIGLYGNAGGLGPTQGHPLSSATDEPEPHWGPFGGAAPVSAGVGHAALVGALSVPHSWTTAAPEIQLAVQATPTFSSSAGADPTALNGMPAGLLSGMALASLAARGTTGGGGTRSGTSTDGQEDGRKPPVVVIREQPPPGNPPR
15675205,MKMKKKFFLLSLLALSTFFLSACSSWIDKGESITAVGSTALQPLVEAVADEFGSSNLGKTVNVQGGGSGTGLSQVQSGAVQIGNSDVFAEEKDGIDASKLVDHQVAVAGLAVIANPKVKVSNLSSQQLQKIFSGEYTNWKQVGGEDLAISVINRAASSGSRATFDSVIMKGVNAKQSQEQDSNGMVKSIVSQTPGAISYLSFAYVDSSVKSLQLNGFKANAKNVATNDWPIWSYEHMYTKDKPTGLTKEFLDYMFSDEVQQNIVTHMGYISINDMEVVKSHDGKVTKR
O37453,MRGGGLICALVVGALVAAVASAAPAAPAAPRASGGVAATVAANGGPASRPPPVPSPATTRARKRKTKKPPERPEATPPPDANATVAAGHATLRAHLREIKVENADAQFYVCPPPTGATVVQFEQPRRCPTRPEGQNYTEGIAVVFKENIAPYKFKATMYYKDVTVSQVWFGHRYSQFMGIFEDRAPVPFEEVIDKINAKGVCRSTAKYVRNNMETTAFHRDDHETDMELKPAKVATRTSRGWHTTDLKYNPSRVEAFHRYGTTVNCIVEEVDARSVYPYDEFVLATGDFVYMSPFYGYREGSHTEHTSYAADRFKQVDGFYARDLTTKARATSPTTRNLLTTPKFTVAWDWVPKRPAVCTMTKWQEVDEMLRAEYGGSFRFSSDAISTTFTTNLTQYSLSRVDLGDCIGRDAREAIDRMFARKYNATHIKVGQPQYYLATGGFLIAYQPLLSNTLAELYVREYMREQDRKPRNATPAPLREAPSANASVERIKTTSSIEFARLQFTYNHIQRHVNDMLGRIAVAWCELQNHELTLWNEARKLNPNAIASATVGRRVSARMLGDVMAVSTCVPVAPDNVIVQNSMRVSSRPGTCYSRPLVSFRYEDQGPLIEGQLGENNELRLTRDALEPCTVGHRRYFIFGGGYVYFEEYAYSHQLSRADVTTVSTFIDLNITMLEDHEFVPLEVYTRHEIKDSGLLDYTEVQRRNQLHDLRFADIDTVIRADANAAMFAGLCAFFEGMGDLGRAVGKVVMGVVGGVVSAVSGVSSFMSNPFGALAVGLLVLAGLVAAFFAFRYVLQLQRNPMKALYPLTTKELKTSDPGGVGGEGEEGAEGGGFDEAKLAEAREMIRYMALVSAMERTEHKARKKGTSALLSSKVTNMVLRKRNKARYSPLHNEDEAGDEDEL
P0C2J9,MANKAVNDFILAMNYDKKKLLTHQGESIENRFIKEGNQLPDEFVVIERKKRSLSTNTSDISVTATNDSRLYPGALLVVDETLLENNPTLLAVDRAPMTYSIDLPGLASSDSFLQVEDPSNSSVRGAVNDLLAKWHQDYGQVNNVPARMQYEKITAHSMEQLKVKFGSDFEKTGNSLDIDFNSVHSGEKQIQIVNFKQIYYTVSVDAVKNPGDVFQDTVTVEDLKQRGISAERPLVYISSVAYGRQVYLKLETTSKSDEVEAAFEALIKGVKVAPQTEWKQILDNTEVKAVILGGDPSSGARVVTGKVDMVEDLIQEGSRFTADHPGLPISYTTSFLRDNVVATFQNSTDYVETKVTAYRNGDLLLDHSGAYVAQYYITWNELSYDHQGKEVLTPKAWDRNGQDLTAHFTTSIPLKGNVRNLSVKIRECTGLAWEWWRTVYEKTDLPLVRKRTISIWGTTLYPQVEDKVEND
15674531,MKKLTLLLTLCLTTITLIACGNQATNHSNTASKSLSPMPQIAGVTYYGDIPKQPKRVVSLASTYTGYLKKLDMNLVGVTSYDKKNPILAKTVKKAKQVAATDLEAVTTLKPDLIVVGSTEENIKQLAEIAPVISIEYRKRDYLQVLSDFGRIFNKEDKAKKWLKDWKTKTAAYEKEVKAVTGDKATFTIMGLYEKDVYLFGKDWGRGGEIIHQAFHYDAPEKVKTEVFKQGYLSLSQEVLPDYIGDYVVVAAEDDKTGSALYESKLWQSIPAVKKHHVIKVNANVFYFTDPLSLEYQLETLREAILSSEN
Q5ZXP3,MAKELRFGDDARLQMLAGVNALADAVQVTMGPRGRNVVLEKSYGAPTVTKDGVSVAKEIEFEHRFMNMGAQMVKEVASKTSDTAGDGTTTATVLARSILVEGHKAVAAGMNPMDLKRGIDKAVLAVTKKLQAMSKPCKDSKAIAQVGTISANSDEAIGAIIAEAMEKVGKEGVITVEDGNGLENELSVVEGMQFDRGYISPYFINNQQNMSCELEHPFILLVDKKVSSIREMLSVLEGVAKSGRPLLIIAEDVEGEALATLVVNNMRGIVKVCAVKAPGFGDRRKAMLQDIAILTKGQVISEEIGKSLEGATLEDLGSAKRIVVTKENTTIIDGEGKATEINARITQIRAQMEETTSDYDREKLQERVAKLAGGVAVIKVGAATEVEMKEKKARVEDALHATRAAVEEGIVAGGGVALIRAQKALDSLKGDNDDQNMGINILRRAIESPMRQIVTNAGYEASVVVNKVAEHKDNYGFNAATGEYGDMVEMGILDPTKVTRMALQNAASVASLMLTTECMVADLPKKEEGVGAGDMGGMGGMGGMGGMM
Q07337,MKKNTLSAILMTLFLFISCNNSGKDGNTSANSADESVKGPNLTEISKKITDSNAVLLAVKEVEALLSSIDEIAAKAIGKKIHQNNGLDTENNHNGSLLAGAYAISTLIKQKLDGLKNEGLKEKIDAAKKCSETFTNKLKEKHTDLGKEGVTDADAKEAILKTNGTKTKGAEELGKLFESVEVLSKAAKEMLANSVKELTSPVVAESPKKP
P00004,MGDVEKGKKIFVQKCAQCHTVEKGGKHKTGPNLHGLFGRKTGQAPGFTYTDANKNKGITWKEETLMEYLENPKKYIPGTKMIFAGIKKKTEREDLIAYLKKATNE