TUB2454,TUB,MGPTRWRKSTHVVVGAAVLAFVAVVVAAAALVTTGGHRAGVRAPAPPPRPPTVKAGVVPVADTAATPSAAGVTAALAVVAADPDLGKLAGRITDALTGQELWQRLDDVPLVPASTNKILTAAAALLTLDRQARISTRVVAGGQNPQGPVVLVGAGDPTLSAAPPGQDTWYHGAARIGDLVEQIRRSGVTPTAVQVDASAFSGPTMAPGWDPADIDNGDIAPIEAAMIDAGRIQPTTVNSRRSRTPALDAGRELAKALGLDPAAVTIASAPAGARQLAVVQSAPLIQRLSQMMNASDNVMAECIGREVAVAINRPQSFSGAVDAVTSRLNTAHIDTAGAALVDSSGLSLDNRLTARTLDATMQAAAGPDQPALRPLLDLLPIAGGSGTLGERFLDAATDQGPAGWLRAKTGSLTAINSLVGVLTDRSGRVLTFAFISNEAGPNGRNAMDALATKLWFCGCTT
TUB1368,TUB,VIEPFLGSEAIASGALTRHRLRSAYATIHPDVYVSPGADLTAWSRAQAAWLWSRRRGVIAGQSAAAMHGAKWVDARQAAELLYDHRRPPAGIHTWSDRVADDEIQPISGMNTTTPARTALDLARRYPVGKAVAAIDALARATDLKLADVEMLAERYRGSRGIRNARIALDLVDPGAESPRETWLRLLLIRAGFPRPQTQIPVYDEYGQLVAVIDMGWAGIKVGVDYEGDHHRTDRRTFNKDIKRAEALTELGWTDVRVTVEDTEGGIIWRVSAAWQRRT
TUB1362,TUB,MKHFTAAVATVALSLALAGCSFNIKTDSAPTTSPTTTSPTTSTTTTSATTSAQAAGPNYTIADYIRDNHIQETPVHHGDPGSPTIDLPVPDDWRLLPESSRAPYGGIVYTQPADPNDPPTIVAILSKLTGDIDPAKVLQFAPGELKNLPGFQGSGDGSAATLGGFSAWQLGGSYSKNGKLRTVAQKTVVIPSQGAVFVLQLNADALDDETMTLMDAANVIDEQTTITP
TUB2446,TUB,MFLGTYTPKLDDKGRLTLPAKFRDALAGGLMVTKSQDHSLAVYPRAAFEQLARRASKAPRSNPEARAFLRNLAAGTDEQHPDSQGRITLSADHRRYASLSKDCVVIGAVDYLEIWDAQAWQNYQQIHEENFSAASDEALGDIF
TUB2421,TUB,MSDPLTAQEQHKRRQAVRELMPRTPFIGGLGIVFERYEPDDVVIRLPFRTDLTNDGTYFHGGVIASVMDTAGAAAAWSNHDFDRGTRAATVAMSIQYTGAAKRCDLLCHARTARRRKELTFTEITATDPDGNIVAHAVQTYRIV
TUB1333,TUB,VSGYSAPRRISDADDVTSFSSGEPSLDDYLRKRALANHVQGGSRCFVTCRDGRVVGFYALASGSVAHADAPGRVRRNMPDPVPVILLSRLAVDRKEQGRGLGSHLLRDAIGRCVQAADSIGLRAILVHALHDEARAFYVHFDFEISPTDPLHLMLLMKDARALIGD
TUB2414,TUB,LRLHDASAAAPESRMHIARHGEAVNRRQMFIGITGLLLAVIGLMALWFPVYLDQYDAYGIKVTCGSGWRSNLTQALYADGNDNTQALVTRCDTALLVRRAWAIPSVALGWLLVTGFLVMWVHNDQHQGQSYPGYRA
TUB1316,TUB,LAGRRCPQDSVRPLAVAVAVATLAMSAVACGPKSPDFQSILSTSPTTSAVSTTTEVPVPLWKYLESVGVTGEPVAPSSLTDLTVSIPTPPGWAPMKNPNITPNTEMIAKGESYPTAMLMVFKLHRDFDIAEALKHGTADARLSTNFTELDSSTADFNGFPSSMIQGSYDLHGRRLHTWNRIVFPTGAPPAKQRYLVQLTITSLANEAVKHASDIEAIIAGFVVAAK
TUB1310,TUB,MTKEKISVTVDAAVLAAIDADARAAGLNRSEMIEQALRNEHLRVALRDYTAKTVPALDIDAYAQRVYQANRAAGS
TUB573,TUB,MRTELPAERLQRRLGAVPDIDSHAASAHLDPEPHDPTDDGPDHDEPRDDPNSLLPRWLPDTSRGQGWADRIRADPGRAGAVALAVIAALAVLVTVFTLIRDRTEPVMSAKLPPVEPVSPTNPRSSASPGSPDRSGLPVVVSVVGLVHTPGLVTLAPGARIADALQAAGGAVDGADTVGLNMARQLGDGEQIVVGLAPPSGQPRVLGSSVGAGTPGPAGTSGTATTGPKTAPKTAEVLDLNTATVEQLDALPGIGPVTAAAIVAWRQRNGRFTSVDQLADVDGIGPARLDKRRNLVRV
TUB569,TUB,MASPLNRPGLRAAAASAALTLVALSANVPAAQAIPPPSVDPAMVPADARPGPDQPMRRSNSCSTPITVRNPDVAQLAPGFNLVNISKAWQYSTGNGVPVAVIDTGVSPNPRLPVVPGGDYIMGEDGLSDCDAHGTVVSSIIAAAPLGILPMPRAMPATAAFPPPAGPPPVTAAPAPPVEVPPPMPPPPPVTITQTVAPPPPPPEDAGAMAPSNGPPDPQTEDEPAVPPPPPGAPDGVVGVAPHATIISIRQSSRAFEPVNPSSAGPNSDEKVKAGTLDSVARAVVHAANMGAKVINISVTACLPAAAPGDQRVLGAALWYAATVKDAVIVAAAGNDGEAGCGNNPMYDPLDPSDPRDWHQVTVVSSPSWFSDYVLSVGAVDAYGAALDKSMSGPWVGVAAPGTHIMGLSPQGGGPVNAYPPSRPGEKNMPFWGTSFSAAYVSGVAALVRAKFPELTAYQVINRIVQSAHNPPAGVDNKLGYGLVDPVAALTFNIPSGDRMAPGAQSRVITPAAPPPPPDHRARNIAIGFVGAVATGVLAMAIGARLRRAR
TUB560,TUB,MTAPIWMASPPEVHSALLSSGPGPGPLLVSAEGWHSLSIAYAETADELAALLAAVQAGTWDGPTAAVYVAAHTPYLAWLVQASANSAAMATRQETAATAYGTALAAMPTLAELGANHALHGVLMATNFFGINTIPIALNESDYARMWIQAATTMASYQAVSTAAVAAAPQTTPAPQIVKANAPTAASDEPNQVQEWLQWLQKIGYTDFYNNVIQPFINWLTNLPFLQAMFSGFDPWLPSLGNPLTFLSPANIAFALGYPMDIGSYVAFLSQTFAFIGADLAAAFASGNPATIAFTLMFTTVEAIGTIITDTIALVKTLLEQTLALLPAALPLLAAPLAPLTLAPASAAGGFAGLSGLAGLVGIPPSAPPVIPPVAAIAPSIPTPTPTPAPAPAPTAVTAPTPPPGPPPPPVTAPPPVTGAGIQSFGYLVGDLNSAAQARKAVGTGVRKKTPEPDSAEAPAAAAAPEEQVQPQRRRRPKIKQLGRGYEYLDLDPETGHDPTGSPQGAGTLGFAGTTHKASPGQVAGLITLPNDAFGGSPRTPMMPGTWDTDSATRVE
TUB1990,TUB,MATAPYGVRLLVGAATVAVEETMKLPRTILMYPMTLASQAAHVVMRFQQGLAELVIKGDNTLETLFPPKDEKPEWATFDEDLPDALEGTSIPLLGLSDASEAKNDDRRSDGRFALYSVSDTPETTTASRSADRSTNPKTAKHPKSAAKPTVPTPAVAAELDYPALTLAQLRARLHTLDVPELEALLAYEQATKARAPFQTLLANRITRATAK
TUB535,TUB,MATGARPALGLSIGVTNLAAVAADHSITRKPVLTLYRQRPPEVGVPSENPRLDEPGLVITDFVDRVGDSVGIVAADGSVYRSEALVADALLALAYTATGGRALPGSVTVTYPAHWGPAAVAALDSALRRASEWSHGTSSTAQPLSLLPDAAAALYAIRADPGIPARGIVAVCDFGGSGTGITLVDAADEYRPVAATVRHQAFSGDLIDQSLLSYVMSELPGTGAFDPAGTSAIGSLTKLRIECRKAKERLSSSTVTTLTDALGGDIRLTRNELEDTIRDSLDSVGRALEQTLARSGIRTAELVAIVSVGGGANIPAVTTTLSGRFCVPVVRTPRPQLTAAFGGALWAARRPGDTSATVLTAVTSATATAPADAPASVLQPALAWSEADEDSHIGPAPGYTAARPSLSFDHDAHAEPEPKSPPIPWYRLPAVIITGTTVAVLLVGAAVAIGLSTGDQPTAPGTPQRPGVTTTAAPPPSPAPASDGPTTEPAPPVQAPATGGPAPPLQQPLPPPPTTTNTQPAVTTDVITPAPTTPASAPPATTQPPATTQPPATTSPSPPPIPPIPPIPEIPQLPPGIPQVPGIGQFSAISGS
TUB520,TUB,VATVAFVATASIVITPAAIVLLGPRLDALDVRRLVRRLLGRPDPVHKPVKQLFWYRSSKFVMRRWLPVGTAVVALLVLLGLPFLSVKWGFPDDRVLPRSASARQVGDILRDDFGHDPATQIPIVVPDARGLGPVELDSYAAELSRVPDVSAVAAPTGTFVDGSWVGTPRGATGLAEGSAFLTVSSTAPLFSRASDIQLKRLHQVAGPAGRSVVMAGVAQVNRDSVDAVTDRLPMVLGLIAAITYVLLFLLTGSVVLPAKALVCNVLSLTAAFGALVWIFQEGHFGALGTTPSGTLVANMPVLLFCIAFGLSMDYEVFLVSRIREYWLESGAARPARRSVAEVHAANDESVALGVARTGRVITAAALVMSMSFAALIAAHVSFMRMFGLGLTLAVAADATLVRMVVVPAFMHVTGRWNWWAPRPLAWLHERFGVSEAAEPVSRRRSHAGGLGKIAGRSDGQTIPASLTRNG
TUB1969,TUB,MSVVGGTVRTVGRTVSGAATATTAAAGAVGGAAVSGIVGGVTGAAKGIQKGLSSGSKSTAAAALAIGAIGVAGLVDWPILLAVGGGALLLRKLNRTPEVAAPPVKAKLAPVPDKPAAAKEAPAKASKTTARKTSGRRAGTAELRSTN
TUB1958,TUB,MSVNGLPGAHNAGLQPIDSKGCHTRRTRHTKVLFVSKGVLANGRGRWLAIAASLVVSAAILYAQGAEHTCCRETPAAIPTGPDSAPANAPRIASPTEADLLAASAPVAAQQFQFALPAGVASEEGLQVKTIWVARAVSVLFPQITNIFGYRQDPLKWHPNGLAIDVMIPNHHSDEGIQLGNQVAGLALANAKRWGVLHVIWRQGYYPGIGAPSWTADYGSETLNHYDHVHIATDGGGYPTGRETYYVGSMSPTPPE
TUB1951,TUB,MPGNSRRRGAVRKSGTKKGAGVGSGGQRRRGLEGRGPTPPAHLRPHHPAAKRARAQPRRPVKRADETETVLGRNPVLECLRAGVPATALYVALGTEADERLTECVARAADSGIAIVELLRADLDRMTANHLHQGIALQVPPYNYAHPDDLLAAALDQPPALLVALDNLSDPRNLGAIVRSVAAFGGHGVLIPQRRSASVTAVAWRTSAGAAARIPVARATNLTRTLKGWADRGVRVIGLDAGGGTALDDVDGTDSLVVVVGSEGKGLSRLVRQNCDEVVSIPMAAQAESLNASVAAGVVLAEIARQRRRPREPREQTQNRMI
TUB502,TUB,LTLMAIVNRFNIKVIAGAGLFAAAIALSPDAAADPLMTGGYACIQGMAGDAPVAAGDPVAAGGPAAAGACSAALTDMAGVPFVAPGPVPAAAPVPIGAPVPIPGAPVPIPGAPVPIPGGPVPIPGAPVPVPAVPAPVIPVGTPLIALGPVLAGAPGDGVVSAPIIGMSGVKDALTDPAPAGGPVPGQPVLPGPSASAPAGAR
TUB1945,TUB,MLRFAACGAIGLGAALLIAALLLSTYTTSRIAEIPLDIDATLISDGTGTALDSASLATEHIVVNQDVPLVSQQQVTVESPANADVVTLQVGSSLRRTDKQKDSGLLLAIVDTVTLNRKTAMAVSDDTHTGGAVQKPRGLNDENPPTAIPLRHDGLSYRFPFHTEKKTYPYFDPIAQKAFDANYEGEEDVNGLTTYRFTQNVGYTPEGKLVAPLKYPSLYAGDEDGKVTTSAAMWGLPGDPNEQITMTRYYAAQRTFWVDPVSGTIVKETERANHYFARDPLKPEVTFADYQVTSTEETVESQVNAARDERDRLALWSRVLPITFTAAGLVALVGGGLFASFSLRTEGALMAASGDRDDHDYRRGGFEEPVPGAEAETEKLPTQRPDFPREPSGSDPPRLGSAQPPPPPDAGHPDPGPPERR
TUB1924,TUB,MPAGMAGFRRWAQTNDPTAHAESLAIRAACTKLGTEHLVGTTLNVLAHPCPMCYGSLYYCSPDEVVFLTSRDAYEPHYVDDRRYFEPATFYDEFAKEWQDRRLPMRQEHRPDIRAGAVDVYRFRQEPNGGERSAIAAPTG
TUB2393,TUB,MRGHVAEVNGGVAAMALWFLNFSTWDGVAGIYVEDLFVWPRFRRRGLARGLLSTLARECVDNRYTRLAWSVLNWNSDAIALYDRIGGQPQHEWTIYRLSGPRLAALAAPR
TUB2389,TUB,MVFCVDTSAWHHAARPEVARRWLAALSADQIGICDHVRLEILYSANSATDYDALADELDGLARIPVGAETFTRACQVQRELAHVAGLHHRSVKIADLVIAAAAELSGTIVWHYDENYDRVAAITGQPTEWIVPRGTL
TUB2371,TUB,MSAATAAWDRRAAVVVGGVAEPGSAGPIAGADRKRLISRIQVRQLDSAAVAAKRRHLYYVRPLDGHPVARVDRKTDRAADSLPVAGVLGELDIPPVTVAEGLAGELASMASWLGLGGIAVSTRGDLAGELCAATKRTNG
TUB1280,TUB,LLTRPREIYLATAVSIGILLSLIAPLGPPLARADGTSQLAELVDAAAERLEVADPVAAFKWRAQLPIEDSGRVEQQLAKLGEDARSQHIDPDYVTRVFDDQIRATEAIEYSRFSDWKLNPASAPPEPPDLSASRSAIDSLNNRMLSQIWSHWSLLSAPSCAAQLDRAKRDIVRSRHLDSLYQRALTTATQSYCQALPPA
TUB2346,TUB,MTVQNEPSAKTHGVILTEAAAAKAKSLLDQEGRDDLALRIAVQPGGCAGLRYNLFFDDRTLDGDQTAEFGGVRLIVDRMSAPYVEGASIDFVDTIEKQGFTIDNPNATGSCACGDSFN
TUB2344,TUB,VQEPLRVPPSAPARLVVLASGTGSLLRSLLDAAVGDYPARVVAVGVDRECRAAEIAAEASVPVFTVRLADHPSRDAWDVAITAATAAHEPDLVVSAGFMRILGPQFLSRFYGRTLNTHPALLPAFPGTHGVADALAYGVKVTGATVHLVDAGTDTGPILAQQPVPVLDGDDEETLHERIKVTERRLLVAAVAALATHGVTVVGRTATMGRKVTIG
TUB2313,TUB,LLHSSFGHLEGIQQPLIDELAELDHVLGKLPDAYRIIGRAGGIYGDFFNFYLCDISLKVNGLQPGGPVRTVKLFGQPTGRCTPQ
TUB1222,TUB,VKLLGHRKSHGHQRADASPDAGSKDGCRPDSGRTSGSDTSRGSQTTGPKGRPTPKRNQSRRHTKKGPVAPAPMTAAQARARRKSLAGPKLSREERRAEKAANRARMTERRERMMAGEEAYLLPRDRGPVRRYVRDVVDSRRNLLGLFMPSALTLLFVMFAVPQVQFYLSPAMLILLALMTIDAIILGRKVGRLVDTKFPSNTESRWRLGLYAAGRASQIRRLRAPRPQVERGGDVG
TUB2305,TUB,MSRNRLFLVAGSLAVAAAVSLISGITLLNRDVGSYIASHYRQESRDVNGTRYLCTGSPKQVATTLVKYQTPAARASHTDTEYLRYRNNIVTVGPDGTYPCIIRVENLSAGYNHGAYVFLGPGFTPGSPSGGSGGSPGGPGGSK
TUB2304,TUB,MSDQPRHHQVLDDLLPQHRALRHQIPQVYQRFVALGDAALTDGALSRKVKELVALAIAVVQGCDGCVASHAQAAVRAGATAQEAAEAIGVTILMHGGPATIHGARAYAAFCEFADTTPS
TUB451,TUB,VTHPDRANVNPGSPPLRETLSQLRLRELLLEVQDRIEQIVEGRDRLDGLIDAILAITSGLKLDATLRAIVHTAAELVDARYGALGVRGYDHRLVEFVYEGIDEETRHLIGSLPEGRGVLGALIEEPKPIRLDDISRHPASVGFPLHHPPMRTFLGVPVRIRDEVFGNLYLTEKADGQPFSDDDEVLVQALAAAAGIAVDNARLFEESRTREAWIEATRDIGTQMLAGADPAMVFRLIAEEALTLMAGAATLVAVPLDDEAPACEVDDLVIVEVAGEISPAVKQMTVAVSGTSIGGVFHDRTPRRFDRLDLAVDGPVEPGPALVLPLRAADTVAGVLVALRSADEQPFSDKQLDMMAAFADQAALAWRLATAQRQMREVEILTDRDRIARDLHDHVIQRLFAVGLTLQGAAPRARVPAVRESIYSSIDDLQEIIQEIRSAIFDLHAGPSRATGLRHRLDKVIDQLAIPALHTTVQYTGPLSVVDTVLANHAEAVLREAVSNAVRHANATSLAINVSVEDDVRVEVVDDGVGISGDITESGLRNLRQRADDAGGEFTVENMPTGGTLLRWSAPLR
TUB1886,TUB,MGYKPESERHSTKTDTAIGAALGISAGTYRRLKRIDNATHSDDKEIRRFAEKQMAPLVAGSPSWNARKPRSANARVVASVHRSPMPALVPWNQSRLSATLTRR
TUB1880,TUB,AQASPAAHGGSGGAGGNGGAGSAGNGGAGGAGGNGGAGGNGGGGDAGNAGSGGNGGKGGDGVGPGSTGGAGGKGGAGANGGSSNGNARGGNAGNGGHGGAGGSGDTGGAGGAGGQGGFGGTGGSGSGIGGGAGGNGGNGGAGGTGVVLGGKGGDGGNGDHGGPATNPGSGSRGGAGGSGGNGGAGGNATGSGGKGGAGGNGGDGSFGATSGPASIGVTGAPGGNGGKGGAGGSNPNGSGGDGGKGGNGGAGGNGGSIGANSGIVGGSGGAGGAGGAGGNGSLSSGEGGKGGDGGHGGDGVGGNSSVTQGGSGGGGGAGGAGGSGFFGGKGGFGGDGGQGGPNGGGTVGTVAGGGGNGGVGGRGGDGVFAGAGGQGGLGGQGGNGGGSTGGNGGLGGAGGGGGNAPDGGFGGNGGKGGQGGIGGGTQSATGLGGDGGDGGDGGNGGNSGAKAGGAGGKGQAGQPNSGTEPGFGGDGGLGGAGATP
TUB1877,TUB,VPSFDVVFVGHRRGEVRSDNAMLGLLCDAAFDELTRPDVVIFPGGIGTRTLIHDQTVLDWVREAHRHTLLTTSVCTGGLVLAAAGLLNGLTATTHWRVQDLFNSLGARYVPQRVVEHLPERVITAAGVSSGIDMGLRLVELLVSREAAEASQLMIEYDPQPPVDAGSLAKASPATHRLALEFYQHRL
TUB1864,TUB,VIIPDINLLLYAVITGFPQHRRAHAWWQDTVNGHTRIGLTYPALFGFLRIATSARVLAAPLPTADAIAYVREWLSQPNVDLLTAGPRHLDIALGLLDKLGTASHLTTDVQLAAYGIEYDAEIHSSDTDFARFADLKWTDPLRE
TUB1859,TUB,MTSFAHPGTRGLSTVFGLMMVGSAAVGSHGLAVVVGLAAVIAVGVAAVFRLAATLAVVLSVVMIVVSGPTHVLAALSGFCAAVYLVCRYGAGVVAGSWPTTVAAVGFTFAGLAATSFPLQVPWLPLAAPLAVLATYVLATRPFSR
TUB1854,TUB,VSTDTSGVGVREIDAGALPTRYARGWHCLGVAKDYLEGKPHGVEAFGTKLVVFADSHGDLKVLDGYCRHMGGDLSEGTVKGDEVACPFHDWRWGGDGRCKLVPYARRTPRMARTRSWTTDVRSGLLFVWHDHEGNPPDPAVRIPEIPEAASDEWTDWRWNRILIEGSNCRDIIDNVTDMAHFFYIHFGLPTYFKNVFEGHIASQYLHNVGRPDVDDLGTSYGEAHLDSEASYFGPSFMINWLHNRYGNYKSESILINCHYPVTQNSFVLQWGVIVEKPKGMSEEMTDKLSRVFTEGVSKGFLQDVEIWKHKTRIDNPLLVEEDGAVYQLRRWYEQFYVDVADIKPEMVERFEIEVDTKRANEFWNAEVEKNLKSREVSDDVPAEQH
TUB1837,TUB,VTQPSGLKNLLRAAAGALPVVPRTDQLPNRTVTVEELPIDPANVAAYAAVTGLRYGNQVPLTYPFALTFPSVMSLVTGFDFPFAAMGAIHTENHITQYRPIAVTDAVGVRVRAENLREHRRGLLVDLVTNVSVGNDVAWHQVTTFLHQQRTSLSGEPKPPPQKKPKLPPPAAVLRITPAKIRRYAAVGGDHNPIHTNPIAAKLFGFPTVIAHGMFTAAAVLANIEARFPDAVRYSVRFAKPVLLPATAGLYVAEGDGGWDLTLRNMAKGYPHLTATVRGL
TUB1832,TUB,MTTSEIATVLAWHDALNAADIETLVALSTDDIDIGDAHGAVQGHDALRGWASSLTTTAELGRMYVHHGVVVVEQKITSGEDPGIARTGAAAFRVVQDHVASVFRHEDLASALAATELTEDDLVD
TUB1821,TUB,MSITRPTGSYARQMLDPGGWVEADEDTFYDRAQEYSQVLQRVTDVLDTCRQQKGHVFEGGLWSGGAANAANGALGANINQLMTLQDYLATVITWHRHIAGLIEQAKSDIGNNVDGAQREIDILENDPSLDADERHTAINSLVTATHGANVSLVAETAERVLESKNWKPPKNALEDLLQQKSPPPPDVPTLVVPSPGTPGTPGTPITPGTPITPGTPITPIPGAPVTPITPTPGTPVTPVTPGKPVTPVTPVKPGTPGEPTPITPVTPPVAPATPATPATPVTPAPAPHPQPAPAPAPSPGPQPVTPATPGPSGPATPGTPGGEPAPHVKPAALAEQPGVPGQHAGGGTQSGPAHADESAASVTPAAASGVPGARAAAAAPSGTAVGAGARSSVGTAAASGAGSHAATGRAPVATSDKAAAPSTRAASARTAPPARPPSTDHIDKPDRSESADDGTPVSMIPVSAARAARDAATAAASARQRGRGDALRLARRIAAALNASDNNAGDYGFFWITAVTTDGSIVVANSYGLAYIPDGMELPNKVYLASADHAIPVDEIARCATYPVLAVQAWAAFHDMTLRAVIGTAEQLASSDPGVAKIVLEPDDIPESGKMTGRSRLEVVDPSAAAQLADTTDQRLLDLLPPAPVDVNPPGDERHMLWFELMKPMTSTATGREAAHLRAFRAYAAHSQEIALHQAHTATDAAVQRVAVADWLYWQYVTGLLDRALAAAC
TUB1807,TUB,VPGARELTLRVERGALFRRRWAASAASSARAAIRRDPRRCALGTRPRWVSFLVIVLVIMNVVTAHPKYPNDPLALVLIELRHPRTEPPVPSAISILKEELARWTPILEQEEVRQVNLETGEHTAHSQKKLVARDRRTAITFRPDAMTLEVTDYPGWEEFRSIVHAMVTARQDVAPVDGCIRIGLRYINEIRASLAEPSGWAYWVAESLLGPGTQLADLKLTTTAQRHVIQCEGPEPGDSLTLRYAGARGAVIQSTPFLQRLKEPPAEGDFFLIDIDSAWSDPCKGIPALDAHLVDEVAERLHTPIGPLFESLITSELRTKVLQQPGQE
TUB2282,TUB,MCADAQPSGSVGLLGRNCPTATTRWRRAGEGLTAADTIEVKLWAGKPRLHPLVPKRAVGVLLAVAHGQVAKTPSATRAIAFRHVRLMRVRWICAGNRGRKHKRRCTTQYRSTQASKLQLHFKLRQTLNRLGGLQAMVSACG
TUB2270,TUB,VPNRRRRKLSTAMSAVAALAVASPCAYFLVYESTETTERPEHHEFKQAAVLTDLPGELMSALSQGLSQFGINIPPVPSLTGSGDASTGLTGPGLTSPGLTSPGLTSPGLTDPALTSPGLTPTLPGSLAAPGTTLAPTPGVGANPALTNPALTSPTGATPGLTSPTGLDPALGGANEIPITTPVGLDPGADGTYPILGDPTLGTIPSSPATTSTGGGGLVNDVMQVANELGASQAIDLLKGVLMPSIMQAVQNGGAAAPAASPPVPPIPAAAAVPPTDPITVPVA
TUB2268,TUB,VKRGLTVAVAGAAILVAGLSGCSSNKSTTGSGETTTAAGTTASPGAASGPKVVIDGKDQNVTGSVVCTTAAGNVNIAIGGAATGIAAVLTDGNPPEVKSVGLGNVNGVTLGYTSGTGQGNASATKDGSHYKITGTATGVDMANPMSPVNKSFEIEVTCS
TUB1171,TUB,VASSSAPVHPARYLSVFLVMLIGIYLLVFFTGDKHTAPKLGIDLQGGTRVTLTARTPDGSAPSREALAQAQQIISARVNGLGVSGSEVVVDGDNLVITVPGNDGSEARNLGQTARLYIRPVLNSMPAQPAAEEPQPAPSAEPQPPGQPAAPPPAQSGAPASPQPGAQPRPYPQDPAPSPNPTSPASPPPAPPAEAPATDPRKDLAERIAQEKKLRQSTNQYMQMVALQFQATRCESDDILAGNDDPKLPLVTCSTDHKTAYLLAPSIISGDQIQNATSGMDQRGIGYVVDLQFKGPAANIWADYTAAHIGTQTAFTLDSQVVSAPQIQEAIPGGRTQISGGDPPFTAATARQLANVLKYGSLPLSFEPSEAQTVSATLGLSSLRAGMIAGAIGLLLVLVYSLLYYRVLGLLTALSLVASGSMVFAILVLLGRYINYTLDLAGIAGLIIGIGTTADSFVVFFERIKDEIREGRSFRSAVPRGWARARKTIVSGNAVTFLAAAVLYFLAIGQVKGFAFTLGLTTILDLVVVFLVTWPLVYLASKSSLLAKPAYNGLGAVQQVARERRAMARTGRG
TUB2253,TUB,MRAKREAPKSRSSDRRRRADSPAAATRRTTTNSAPSRRIRSRAGKTSAPGRQARVSRPGPQTSPMLSPFDRPAPAKNTSQAKARAKARKAKAPKLVRPTPMERLAARLTSIDLRPRTLANKVPFVVLVIGSLGVGLGLTLWLSTDAAERSYQLSNARERTRMLQQHKEALERDVREAASAPALAEAARRQGMIPTRDTAHLVQDPDGNWVVVGTPKPADGVPPPPLNTKLPEDPPPPPKPAAVPLEVPVRVTPGPDDPAPPARSGPEVLVRTPDGTATLGGATHLPTQAGPQLPGPVPIPGAPGPMPAPPLGAVPSPAPAENPVPLQVGAAPPAGLPGPAPVAATPGLSGGSQPMVAPPAPVPANGEQFGPVTAPVPTAPGAPR
TUB2242,TUB,VRRLTNTEHRENTTVASTWSVCKGLAAVVITSAAAFALCPNAAADPATPQPNPTQQLPGLPALAQLSPIIQQAAMNPAQATQLLMAAASAFAGNPAVPTESKNVASSVNQFVAEPTNPDSAALGVPAPHGVALPEAIPVPHVPPLGAEPGVQAHLPTGIDPSHAAGPAPAVAPTVTPPVAAPPASAPAPAPDAAQPVAVPGPPPAPPAPRAAAPAPASAAPAPAAAPAPASGFGADAPPTQDFMYPSIGPNCVADGSNSIATALSVAGPAKIPLPGPGPGQTAYVFTAVGTPGPADVQRLPLNVTWVNLTTGKSGSATLRPRSDINPDGPTTLTVIADTGSGSIMSTIFGQVTTKDRQCQFMPTIGSTVVP
TUB1146,TUB,VGADLKQPQDADSPPKGVSRRRFLTTGAAAVVGTGVGAGGTALLSSHPRGPAVWYQRGRSGAPPVGGLHLQFGRNASTEMVVSWHTTDTVGNPRVMLGTPTSGFGSVVVAETRSYRDAKSNTEVRVNHAHLTNLTPDTDYVYAAVHDGTTPELGTARTAPSGRKPLRFTSFGDQSTPALGRLADGRYVSDNIGSPFAGDITIAIERIAPLFNLINGDLCYANLAQDRIRTWSDWFDNNTRSARYRPWMPAAGNHENEVGNGPIGYDAYQTYFAVPDSGSSPQLRGLWYSFTAGSVRVISLHNDDVCYQDGGNSYVRGYSGGEQRRWLQAELANARRDSEIDWVVVCMHQTAISTADDNNGADLGIRQEWLPLFDQYQVDLVVCGHEHHYERSHPLRGALGTDTRTPIPVDTRSDLIDSTRGTVHLVIGGGGTSKPTNALLFPQPRCQVITGVGDFDPAIRRKPSIFVLEDAPWSAFRDRDNPYGFVAFDVDPGQPGGTTSIKATYYAVTGPFGGLTVIDQFTLTKPRGG
TUB1144,TUB,VATTADFKNGLVLVIDGQLWTITEFQHVKPGKGPAFVRTKLKNVLSGKVVDKTFNAGVKVDTATVDRRDTTYLYRDGSDFVFMDSQDYEQHPLPEALVGDAARFLLEGMPVQVAFHNGVPLYIELPVTVELEVTHTEPGLQGDRSSAGTKPATLQTGAQINVPLFINTGDKLKVDSRDGSYLGRVNA
TUB2221,TUB,MVKFTPDSQTSVLRAGKCSGTLSPSRSRLQRGSWPVDSERRRYGWPRNRRTLAITGAAVVVVVTLAAIGYLIFEPKISGSSTSRQAASPTTPSPPSQVVVPIDLWNPDGVTVDLADAVYVADSGHKRLLKLPAGSNTPTTLPFTDTIGPGGVAVNSNRDVYVIDEDSHHVLKLAAGIEPPVELPFGSLGDAHGLAVDRSDSVYVVDYDNAKVLKLPPGADTPTELPFVGLDHPYDVAVDGAGTVYVTDSGHNRVVALTAGSATPVHLPFADLSFPAGVTVDRDDSVYVADLNNNRVLKLAAGSNAQSQLPFTGLFSPTDVAVDNDGAVYVIDFYNRMLKLPTA
TUB2219,TUB,MSSEEKLAAKVSTKASDVASDIGSFIRSQRETAHVSMRQLAERSGVSNPYLSQVERGLRKPSADVLSQIAKALRVSAEVLYVRAGILEPSETSQVRDAIITDTAITERQKQILLDIYASFTHQNEATREECPSDPTPTDD
TUB2217,TUB,MRTLEPPNRMRIGLMGIVVALLVVAVGQSFTSVPMLFAKPSYYGQFTDSGGLHKGDRVRIAGLGVGTVEGLKIDGDHIVVKFSIGTNTIGTESRLAIRTDTILGRKVLEIEPRGAQALPPGGVLPVGQSTTPYQIYDAFFDVTKAASGWDIETVKRSLNVLSETVDQTYPHLSAALDGVAKFSDTIGKRDEQITHLLAQANQVASILGDRSEQVDRLLVNAKTLIAAFNERGRAVDALLGNISAFSAQVQNLINDNPNLNHVLEQLRILTDLLVDRKEDLAETLTILGRFSASFGETFASGPYFKVLLANLVPGQILQPFVDAAFKKRGISPEDFWRSAGLPAYRWPDPNGTRFPNGAPPPPPPVLEGTPEHPGPAVPPGSPCSYTPPADGLPRPWDPLPCANLTQGPFGGPDFPAPLDVATSPPNPDGPPPAPGLPIAGRPGEVPPNVPGTPVPIPQEAPPGARTLPLGPAPGPAPPPAAPGPPAPPGPGPQLPAPFINPGGTGGSGVTGGSEN
TUB388,TUB,MRRLISVAYALMVATIVGLSAAGGWFYWDRVQTGGEASARALLPKLAMQEIPQVFGYDYQTVERSLTAVYPLLTPDYRQEFQKSANAQIIPEAKKREVVVQANVVGVGVMDAKRDCASVMVYLNRTVTDKTRQPLYDGSRLRVDFQRIDGKWLIAYITPI
TUB383,TUB,VDTRVDTDNAMPARFSAQIQNEDEVTSDQGNNGGPNGGGRLAPRPVFRPPVDPASRQAFGRPSGVQGSFVAERVRPQKYQDQSDFTPNDQLADPVLQEAFGRPFAGAESLQRHPIDAGALAAEKDGAGPDEPDDPWRDPAAAAALGTPALAAPAPHGALAGSGKLGVRDVLFGGKVSYLALGILVAIALVIGGIGGVIGRKTAEVVDAFTTSKVTLSTTGNAQEPAGRFTKVAAAVADSVVTIESVSDQEGMQGSGVIVDGRGYIVTNNHVISEAANNPSQFKTTVVFNDGKEVPANLVGRDPKTDLAVLKVDNVDNLTVARLGDSSKVRVGDEVLAVGAPLGLRSTVTQGIVSALHRPVPLSGEGSDTDTVIDAIQTDASINHGNSGGPLIDMDAQVIGINTAGKSLSDSASGLGFAIPVNEMKLVANSLIKDGKIVHPTLGISTRSVSNAIASGAQVANVKAGSPAQKGGILENDVIVKVGNRAVADSDEFVVAVRQLAIGQDAPIEVVREGRHVTLTVKPDPDST
TUB1106,TUB,VAKKSKIVKNQRRAATVARYASRRTALKDIIRSPSSAPEQRSTAQRALARQPRDASPVRLRNRDAIDGRPRGHLRKFGLSRVRVRQLAHDGHLPGVRKASW
TUB1780,TUB,VVAQITEGTAFDKHGRPFRRRNPRPAIVVVAFLVVVTCVMWTLALTRPPDVREAAVCNPPPQPAGSAPTNLGEQVSRTDMTDVAPAKLSDTKVHVLNASGRGGQAADIAGALQDLGFAQPTAANDPIYAGTRLDCQGQIRFGTAGQATAAALWLVAPCTELYHDSRADDSVDLALGTDFTTLAHNDDIDAVLANLRPGATEPSDPALLAKIHANSC
TUB1773,TUB,MRPVDEQWIEILRIQALCARYCLTIDTQDGEGWAGCFTEDGAFEFDGWVIRGRPALREYADAHARVVRGRHLTTDLLYEVDGDVATGRSASVVTLATAAGYKILGSGEYQDRLIKQDGQWRIAYRRLRNDRLVSDPSVAVNVADADVAAVVGHLLAAARRLGTQMSDT
TUB1769,TUB,MTETILAAQIEVGEHHTATWLGMTVNTDTVLSTAIAGLIVIALAFYLRAKVTSTDVPGGVQLFFEAITIQMRNQVESAIGMRIAPFVLPLAVTIFVFILISNWLAVLPVQYTDKHGHTTELLKSAAADINYVLALALFVFVCYHTAGIWRRGIVGHPIKLLKGHVTLLAPINLVEEVAKPISLSLRLFGNIFAGGILVALIALFPPYIMWAPNAIWKAFDLFVGAIQAFIFALLTILYFSQAMELEEEHH
TUB1763,TUB,MWIRAERVAVLTPTASLRRLTACYAALAVCAALACTTGQPAARAADGREMLAQAIATTRGSYLVYNFGGGHPMPLLNAGGHWYEMNNGGHLMIIKNASQRLSPHLLVDTHTGDQARCEHNPGARTGEGLWQASEIYPPLKAWQRMGRPTIAVNANFFDVRGQKGGSWRSTGCSSPLGAYVDNTRGQGRANQAVTGTVAYAGKQGLSGGNELWSSLTTMILPVGGAPYVLRPKSRQDYDLATPVIEDLLNKNARFVAVAGIGLLSPGNTGQLHDGGPSAARTALAYAKQKDEMYIFQGGNYTPDNIQDLFRGLGSDTAILLDGGGSSAIVLRRDTGGMWAGAGSPKGSCDTRQVLCDSHERALPSWLAFN
TUB318,TUB,LSVVCCRNRWMNLAVWAERNGVAWVIAYRWFRAGLLPVPAQRVGRLILVNDPAVEESGRGRTLVYARVSSADQRSDLDRRVARVTAWATSQHLSVDKVVAEGGWALNGHRRKFFALLGDPVVTRIVVEHRDRFCWFGSEYVEAALVAQGRELVVVDLAEVDDDLVGDMTEILTSMCARLYGERAAQNGAKRALAAAVGDAEAA
TUB311,TUB,MAEPLAVDPTGLSAAAAKLAGLVFPQPPAPIAVSGTDSVVAAINETMPSIESLVSDGLPGVKAALTRTASNMNAAADVYAKTDQSLGTSLSQYAFGSSGEGLAGVASVGGQPSQATQLLSTPVSQVTTQLGETAAELAPRVVATVPQLVQLAPHAVQMSQNASPIAQTISQTAQQAAQSAQGGSGPMPAQLASAEKPATEQAEPVHEVTNDDQGDQGDVQPAEVVAAARDEGAGASPGQQPGGGVPAQAMDTGAGARPAASPLAAPVDPSTPAPSTTTTL
TUB1754,TUB,VSAATDLYAVHQALAGESRAIPTGSCPTVGVAGLTLGGGLGADSRHAGLTCDALKSATVVLPGGDAVSASADDHAELFWALRGGGGGNFGVTTSMTFARFPTADCDVVRVDFAPSAAAQVLVG
TUB304,TUB,VAKVNIKPLEDKILVQANEAETTTASGLVIPDTAKEKPQEGTVVAVGPGRWDEDGEKRIPLDVAEGDTVIYSKYGGTEIKYNGEEYLILSARDVLAVVSK
TUB1743,TUB,VGSLSPWHWAILAVVVIVLFGAKKLPDAARSLGKSLRIFKSEVRELQNENKAEASIETPTPVQSQRVDPSAASGQDSTEARPA
TUB1730,TUB,VTAPNEPGALSKGDGPNADGLVDRGGAHRAATGPGRIPDAGDPPPWQRAATRQSQAGHRQPPPVSHPEGRPTNPPAAADARLNRFISGASAPVTGPAAAVRTPQPDPDASLGCGDGSPAEAYASELPDLSGPTPRAPQRNPAPARPAEGGAGSRGDSAAGSSGGRSITAESRDARVQLSARRSRGPVRASMQIRRIDPWSTLKVSLLLSVALFFVWMITVAFLYLVLGGMGVWAKLNSNVGDLLNNASGSSAELVSSGTIFGGAFLIGLVNIVLMTALATIGAFVYNLITDLIGGIEVTLADRD
TUB979,TUB,MFTLLVSWLLVACVPGLLMLATLGLGRLERFLARDTVTATDVAEFLEQAEAVDVHTLARNGMPEALDYLHRRQARRITDSPPLGSGAGPRYAGPLFVTDLDSPVEPPRHGQPNPQFRTARHANHV
TUB960,TUB,MATVVGMSRPMTSTAMLVALTCSATVLAACVPAFGADPRFATYSGAGPQGAATTTPPPAGPPPLAAPKNDLSWHDCTSRVYSNAGIPAAPGVKLECASYDTDLDPLVGGSTAVSIGVVRARSNQTPSDAGPLVFTTGSDLPSSTQLPVWLAHAGIDVLRSHPIVAVDRRGMGMSSPIDCRDHFDRDEMRDQAQFQAGDDPVANLSDISNTATTDCTDAIAPGESAYDNTHAASDIERLRKLWDVPALAFVGIGNGTQVALAYAASRPDNVARLILDSPIALGVSAEAAAEQQVQGQQAALDAFAAQCVAVNCALGSHPKGAVSALLSAARSGDGPGGASVAAVANAVATALGFPDSGRVDSTTKLADALAAARSGDMNLLSALINRADTTRDTDGQFISSCSDAVNRPTPDRVRELVVAWGKLYPQFGAVAALNLVKCVHWPSSSPPQPPKDLKVDVLLLGVQNDPIVGNEGVAATAATAINANAASKRVMWQGIGHGASIYSSCAVPPLVAYLDTGKLPDTDTYCPA
TUB944,TUB,VATIAASPTHNALGKAARRLLPLLFVLYVINFVDRANISVAALAMNADLRLSATAYGTAAGVFFLGYVLFQVPANAALARFGAGRTLTAVVLAWGVCSAATALVTSAHTLYLARFALGVAEGGFFPGVIAYLTVWFPCAQRARAVATFLLAIPVANTVGLPLSGLIVGHVHMAGLPGWRAMFVIEALPALLLAPLLRRLLPDNPQRASWLTPEERAELSARLTEDTPAPTGRSSGAGWDLVLFAVVYGGLYFALYALQFFLPQLVASLAHGTATLTAATLAALPYGVAALAMLAWSHRSIDRSGAQAGHITLPTTAAGSAALGAALSPMSPIVTLSWLTIAVAGILAAMPAFWSRCTAALAGPRVAVAIATVNAVASLASFAGPYATGHLKDATGTYHLALLTVAAVLAAAAACSLLLRHAGRTVCANDSEIMLHPSPATPFV
TUB919,TUB,VFANIGWWEMLVLVMVGLVVLGPERLPGAIRWAASALRQARDYLSGVTSQLREDIGPEFDDLRGHLGELQKLRGMTPRAALTKHLLDGDDSLFTGDFDRPTPKKPDAAGSAGPDATEQIGAGPIPFDSDAT
TUB908,TUB,VKLSNQKRHWPGYLFGRIRTSTLVLIAAFLAVWWIYETYRPQAPGPGDSPPTQVVPPGFVPDPDYTWVPRTRVQPPTVKATPTTTSSTPPVSPPETTTDSAVPPPFELPPPFGPGTTTPTPPAPLPQPGPGPTAGTYPKSEPPTR
TUB2182,TUB,MVLARPDAVFAPARNRCHVSLPVNAMSLKMKVCNHVIMRHHHMHGRRYGRPGGWQQAQQPDASGAAEWFAGRLPEDWFDGDPTVIVDREEITVIGKLPGLESPEEESAARASGRVSRFRDETRPERMTIADEAQNRYGRKVSWGVEVGGERILFTHIAVPVMTRLKQPERQVLDTLVDAGVARSRSDALAWSVKLVGEHTEEWLAKLRTAMSAVDDLRAQGPDLPA
TUB1080,TUB,MAKRTPVRKACTVLAVLAATLLLGACGGPTQPRSITLTFIRNAQSQANADGIIDTDMPGSGLSADGKAEAQQVAHQVSRRDVDSIYSSPMAADQQTAGPLAGELGKQVEILPGLQAINAGWFNGKPESMANSTYMLAPADWLAGDVHNTIPGSISGTEFNSQFSAAVRKIYDSGHNTPVVFSQGVAIMIWTLMNARNSRDSLLTTHPLPNIGRVVITGNPVTGWRLVEWDGIRNFT
TUB2166,TUB,MAGALFEPSFAAAHPAGLLRRPVTRTVVLSVAATSIAHMFEISLPDPTELCRSDDGALVAAIEDCARVEAAASARRLSAIAELTGRRTGADQRADWACDFWDCAAAEVAAALTISHGKASGQMHLSLALNRLPQVAALFLAGHLGARLFSIIAWRTYLVRDPHALSLLDAALAEHAGAWGPLSAPKLEKAIDSWIDRYDPGALRRSRISARTRDLCIGDPDEDAGTAALWGRLYATDAAMLDRRLTEMAHGVCEDDPRTLAQRRADALGALAAGADHLACGCGKPDCPSGAGNDERAAGVVIHVVADASALDAQPDPHLSGDEPPSRPLTPETTLFEALTPDPEPDPPATHAPAELITTGGGVVPAPLLAELIRGGATISQVRHPGDLAAEPHYRPSAKLAEFVRMRDLTCRFPGCDVPAEFCDIDHSAPWPLGPTHPSNLKCACRKHHLLKTFWTGWRDVQLPDGTVIWTAPNGHTYTTHPGSRIFFPTWHTTTAELPQTSTAAVNVDARGLMMPRRRRTRAAELAHRINAERALNDAYMAERNKPPSF
TUB2149,TUB,MDYAFLPPEINSARMYSGPGPNSMLVAAASWDALAAELASAAENYGSVIARLTGMHWWGPASTSMLAMSAPYVEWLERTAAQTKQTATQARAAAAAFEQAHAMTVPPALVTGIRGAIVVETASASNTAGTPP
TUB2135,TUB,MTAEPEVRTLREVVLDQLGTAESRAYKMWLPPLTNPVPLNELIARDRRQPLRFALGIMDEPRRHLQDVWGVDVSGAGGNIGIGGAPQTGKSTLLQTMVMSAAATHSPRNVQFYCIDLGGGGLIYLENLPHVGGVANRSEPDKVNRVVAEMQAVMRQRETTFKEHRVGSIGMYRQLRDDPSQPVASDPYGDVFLIIDGWPGFVGEFPDLEGQVQDLAAQGLAFGVHVIISTPRWTELKSRVRDYLGTKIEFRLGDVNETQIDRITREIPANRPGRAVSMEKHHLMIGVPRFDGVHSADNLVEAITAGVTQIASQHTEQAPPVRVLPERIHLHELDPNPPGPESDYRTRWEIPIGLRETDLTPAHCHMHTNPHLLIFGAAKSGKTTIAHAIARAICARNSPQQVRFMLADYRSGLLDAVPDTHLLGAGAINRNSASLDEAVQALAVNLKKRLPPTDLTTAQLRSRSWWSGFDVVLLVDDWHMIVGAAGGMPPMAPLAPLLPAAADIGLHIIVTCQMSQAYKATMDKFVGAAFGSGAPTMFLSGEKQEFPSSEFKVKRRPPGQAFLVSPDGKEVIQAPYIEPPEEVFAAPPSAG
TUB1041,TUB,MKTGTATTRRRLLAVLIALALPGAAVALLAEPSATGASDPCAASEVARTVGSVAKSMGDYLDSHPETNQVMTAVLQQQVGPGSVASLKAHFEANPKVASDLHALSQPLTDLSTRCSLPISGLQAIGLMQAVQGARR
TUB287,TUB,MFTGIASHAGALGAALVVLIGAAILHDGPAAADPNQDDRFLALLEKKEIPAVANVPRVIDAAHKVCRKLDGGMPVNDIVDGLRNDAYNIDPVMRLYPVRLTTTMTRFISAAVEIYCPNHHSKMAFAMANFEPGSNEPTHRVAASTRSAVNSGSDLRASVSDMTIMSPGWREPTGAMLASVLGAVRAGDPLIPNPPPIPVPPPAAQTLIPPPPIVAPPPPRPAPPQQPPPPPPEVEPPAGVPQSGGAAGSGGAGSGGGGGGDGPVEPSPARPMPPGFIRLAP
TUB1009,TUB,MSSGNSSLGIIVGIDDSPAAQVAVRWAARDAELRKIPLTLVHAVSPEVATWLEVPLPPGVLRWQQDHGRHLIDDALKVVEQASLRAGPPTVHSEIVPAAAVPTLVDMSKDAVLMVVGCLGSGRWPGRLLGSVSSGLLRHAHCPVVIIHDEDSVMPHPQQAPVLVGVDGSSASELATAIAFDEASRRNVDLVALHAWSDVDVSEWPGIDWPATQSMAEQVLAERLAGWQERYPNVAITRVVVRDQPARQLVQRSEEAQLVVVGSRGRGGYAGMLVGSVGETVAQLARTPVIVARESLT
TUB2792,TUB,MKLARPDVFHPRVVLAGWPQQPAGDGDDAGLVAALRHRGLHAGWLSWDDPEIVHADLVILRATRDYPARLDEFLAWTTRVANLLNSRPVVAWNVERRYLRDLMDRGVPTVPGEVYVPGEPVRLPRKGQVFVGPTIGTGTRRCSARFAAEFVAQLHAAGQAVLVQPGGSGDETVLVFLGGEPSHAFTKQADTWRQTEPDFEIWDVGAAAVAGAAAQVGVDPGELLYARAHITGGSRDPRLLELQLVDPSLGWQWLDPDIRNLAQRDFALCVQSALERLGLGPFSHRRP
TUB2791,TUB,MTTRPATDRRKMPTGREEVAAAILQAATDLFAERGPAATSIRDIAARSKVNHGLVFRHFGTKDQLVGAVLDHLGTKLTRLLHSEAPADIIERALDRHGRVLARALLDGYPVGQLQQRFPNVAELLDAVRPRYDSDLGARLAVAHALALQFGWRLFAPMLRSATGIDELTGDELRLSVNDAVARILEPH
TUB2779,TUB,MTLTALGMPALRSRTNGIADPRVVPTTGPLVDTFGRVANDLRVSLTDRCNLRCSYCMPERGLRWLPGEQLLRPDELARLIHIAVTRLGVTSVRFTGGEPLLAHHLDEVVAATARLRPRPEISLTTNGVGLARRAGALAEAGLDRVNVSLDSIDRAHFAAITRRDRLAHVLAGLAAAKAAGLTPVKVNAVLDPTTGREDVVDLLRFCLERGYQLRVIEQMPLDAGHSWRRNIALSADDVLAALRPHFRLRPDPAPRGSAPAELWLVDAGPNTPRGRFGVIASVSHAFCSTCDRTRLTADGQIRSCLFSTEETDLRRLLRGGADDDAIEAAWRAAMWSKPAGHGINAPDFIQPDRPMSAIGG
TUB2778,TUB,MGELAEPGVLDRLRARFGWLDHVVRAFTRFNDRNGSLFAAGLTYYTIFAIFPLLMVGFGVGGFALSRRPELLTTLEERIRTSVSGAVGQQLVDLMNSAIDARASVGVIGLATAAWVGLGWMWHLREALSQMWAHPVAPAGYLRTKLSDLAAMVGTFVVIVATIALTVLGHARPMAAVLRWLEIPQFSVFDEIFRGISVLVSVLVSWVLFTWMIGRLPREPVGLVTAARAGLMAAVGFELFKQVGAIYLQIVLRSPAGAVFGPVLGLMVFAFVTAWLILFATAWAATASA
TUB2773,TUB,MFMALRAPMLERMNGLHTDDAPVNWLERRGGRLTSRRRVTLLHAGVEHPMRLWGVQSEAITAAMVLSRKVSAIIAGHCGVRLVDQGVGDGFVAAFAHASDAVACALELHQAPLSPIVLRIGIHTGEAQLVDERIYAGATMNLAAELRDLAHGGQTVMSGATEDAVLGRLPMRAWLIGLRPMEGSPEGHNFPQSQRIAQLCHPNLRNTFPPLRMRIADASGIPYVGRILVNVQVVPHWEGGCAAAGMVLAG
TUB2770,TUB,MKRSMKSGSFAIGLAMMLAPMVAAPGLAAADPATRPVDYQQITDVVIARGLSQRGVPFSWAGGGISGPTRGTGTGINTVGFDASGLIQYAYAGAGLKLPRSSGQMYKVGQKVLPQQARKGDLIFYGPEGTQSVALYLGKGQMLEVGDVVQVSPVRTNGMTPYLVRVLGTQPTPVQQAPVQPAPVQQAPVQQAPVQQAPVQQAPVQQAPVQQAPVQQAPVQPPPFGTARSR
TUB233,TUB,MSRLSSILRAGAAFLVLGIAAATFPQSAAADSTEDFPIPRRMIATTCDAEQYLAAVRDTSPVYYQRYMIDFNNHANLQQATINKAHWFFSLSPAERRDYSEHFYNGDPLTFAWVNHMKIFFNNKGVVAKGTEVCNGYPAGDMSVWNWA
TUB2763,TUB,VSFVVLPPEINSLRMFIGAGTAPMLAAAAAWDGLAEELGTAAQSFASVTAGLAGQAWQGPAALAMAAAAAPYAGWLTAAAAQSAGAAGQARAVASIFEAAQAATVLPAAVAANRDAFVQLVMTNLFGQNAPLIAAAEGVYEEMWAADVAAMSGYYSGASAIAAQVVPWASLLQRFPGLGAGATGATGGESVGTGATGGESVGTGGGESVGTGGATASGGGVGYVGSGVASAGLAAGDPAHGSVGQGNFGGGDVGAGDVVASSATSAHAGVVSPGFIGAPLALAALGQMARGGTNSAPGTATESARAPEPAASAPPEAVVEVPELEVPAMGVLPTVDPKVAAKAAPLSTTRVGQSAGSGIPESTLRTAQGQQASETSAAEETAPSLRPEAAAGQLRPRVRKDPKIQMRGG
TUB2758,TUB,VTRPDNEPARLRSVAENLAAEAAAFVRGRRAEVFGISRAGDGDGAVRAKSSPTDPVTVVDTDTERLLRDRLAQLRPGDPILGEEGGGPADVTATPSDRVTWVLDPIDGTVNFVYGIPAYAVSIGAQVGGITVAGAVADVAARTVYSAATGLGAHLTDERGRHVLRCTGVDELSMALLGTGFGYSVRCREKQAELLAHVVPLVRDVRRIGSAALDLCMVAAGRLDAYYEHGVQVWDCAAGALIAAEAGARVLLSTPRAGGAGLVVVAAAPGIADELLAALQRFNGLEPIPD
TUB2756,TUB,MSTVHSSIDQHPDLLALRASFDRAAESTIAHFTFGLALLAGLYVAASPWIVGFSATRGLPTCDLIVGIAVAYLAYGFASALDRTHGMTWTLPVLGVWVIFSPWVLPGVAVTAGMMWSHIIAGAVVAVLGFYFGMRTRAAANQG
TUB2747,TUB,MIQIARTWRVFAGGMATGFIGVVLVTAGKASADPLLPPPPIPAPVSAPATVPPVQNLTALPGGSSNRFSPAPAPAPIASPIPVGAPGSTAVPPLPPPVTPAISGTLRDHLREKGVKLEAQRPHGFKALDITLPMPPRWTQVPDPNVPDAFVVIADRLGNSVYTSNAQLVVYRLIGDFDPAEAITHGYIDSQKLLAWQTTNASMANFDGFPSSIIEGTYRENDMTLNTSRRHVIATSGADKYLVSLSVTTALSQAVTDGPATDAIVNGFQVVAHAAPAQAPAPAPGSAPVGLPGQAPGYPPAGTLTPVPPR
TUB2746,TUB,VSALGRSRRAWGWHRLHDEWAARVVSAAAVRPGELVFDIGAGEGALTAHLVRAGARVVAVELHPRRVGVLRERFPGITVVHADAASIRLPGRPFRVVANPPYGISSRLLRTLLAPNSGLVAADLVLQRALVCKFASRNARRFTLTVGLMLPRRAFLPPPHVDSAVLVVRRRKCGDWQGR
TUB2741,TUB,VRTTIRIDDELYREVKAKAARSGRTVAAVLEDAVRRGLNPPKPQAAGRYRVQPSGKGGLRPGVDLSSNAALAEAMNDGVSVDAVR
TUB2740,TUB,LTAEAPPLGELEAIRPYPARTGPKGSLVYKLITTTDHKMIGIMYCVACISFFFIGGLLALLMRTELAAPGLQFLSNEQFNQLFTMHGTIMLLFYATPIVFGFANLVLPLQIGAPDVAFPRLNAFSFWLFVFGATIGAAGFITPGGAADFGWTAYTPLTDAIHSPGAGGDLWIMGLIVAGLGTILGAVNMITTVVCMRAPGMTMFRMPIFTWNIMVTSILILIAFPLLTAALFGLAADRHLGAHIYDAANGGVLLWQHLFWFFGHPEVYIIALPFFGIVSEIFPVFSRKPIFGYTTLVYATLSIAALSVAVWAHHMFATGAVLLPFFSFMTYLIAVPTGIKFFNWIGTMWKGQLTFETPMLFSVGFMVTFLLGGLTGVLLASPPLDFHVTDSYFVVAHFHYVLFGTIVFATFAGIYFWFPKMTGRLLDERLGKLHFWLTFIGFHTTFLVQHWLGDEGMPRRYADYLPTDGFQGLNVVSTIGAFILGASMFPFVWNVFKSWRYGEVVTVDDPWGYGNSLEWATSCPPPRHNFTELPRIRSERPAFELHYPHMVERLRAEAHVGRHHDEPAMVTSS
TUB1643,TUB,MTSTGPETSETPGATTQRHGFGIDVGGSGIKGGIVDLDTGQLIGDRIKLLTPQPATPLAVAKTIAEVVNGFGWRGPLGVTYPGVVTHGVVRTAANVDKSWIGTNARDTIGAELGGQQVTILNDADAAGLAETRYGAGKNNPGLVVLLTFGTGIGSAVIHNGTLIPNTEFGHLEVGGKEAEERAASSVKEKNDWTYPKWAKQVIRVLIAIENAIWPDLFIAGGGISRKADKWVPLLENRTPVVPAALQNTAGIVGAAMASVADTTH
TUB2721,TUB,MIDEALFDAEEKMEKAVAVARDDLSTIRTGRANPGMFSRITIDYYGAATPITQLASINVPEARLVVIKPYEANQLRAIETAIRNSDLGVNPTNDGALIRVAVPQLTEERRRELVKQAKHKGEEAKVSVRNIRRKAMEELHRIRKEGEAGEDEVGRAEKDLDKTTHQYVTQIDELVKHKEGELLEV
TUB1628,TUB,VSDTKSDIKILALVGSLRAASFNRQIAELAAKVAPDGVTVTMFEGLGDLPFYNEDIDTATEVPAPVSALREAASDAHAALVVTPEYNGSIPAVIKNAIDWLSRPFGDGALKDKPLAVIGGSMGRYGGVWAHDETRKSFSIAGTRVVDAIKLSVPFQTLGKSVADDAGLAANVRDAVGNLAAEVG
TUB1622,TUB,MGSQKRLVQRVERKLEQTVGDAFARIFGGSIVPQEVEALLRREAADGIQSLQGNRLLAPNEYIITLGVHDFEKLGADPELKSTGFARDLADYIQEQGWQTYGDVVVRFEQSSNLHTGQFRARGTVNPDVETHPPVIDCARPQSNHAFGAEPGVAPMSDNSSYRGGQGQGRPDEYYDDRYARPQEDPRGGPDPQGGSDPRGGYPPETGGYPPQPGYPRPRHPDQGDYPEQIGYPDQGGYPEQRGYPEQRGYPDQRGYQDQGRGYPDQGQGGYPPPYEQRPPVSPGPAAGYGAPGYDQGYRQSGGYGPSPGGGQPGYGGYGEYGRGPARHEEGSYVPSGPPGPPEQRPAYPDQGGYDQGYQQGATTYGRQDYGGGADYTRYTESPRVPGYAPQGGGYAEPAGRDYDYGQSGAPDYGQPAPGGYSGYGQGGYGSAGTSVTLQLDDGSGRTYQLREGSNIIGRGQDAQFRLPDTGVSRRHLEIRWDGQVALLADLNSTNGTTVNNAPVQEWQLADGDVIRLGHSEIIVRMH
TUB2707,TUB,LLTVGVGIGAAILLGWFTLAHRHPDQPGAAATPPPAGLTTRSAPTAAPPSTLQSPDLDSVFLGNLHDRGISFTNPDAAVYNGKMVCTNLGGGMTVQQVVEALQSSSPALGDRTTAYVAVSIRTYCPKYDAVLPPGS
TUB1619,TUB,MLRLVVGALLLVLAFAGGYAVAACKTVTLTVDGTAMRVTTMKSRVIDIVEENGFSVDDRDDLYPAAGVQVHDADTIVLRRSRPLQISLDGHDAKQVWTTASTVDEALAQLAMTDTAPAAASRASRVPLSGMALPVVSAKTVQLNDGGLVRTVHLPAPNVAGLLSAAGVPLLQSDHVVPAATAPIVEGMQIQVTRNRIKKVTERLPLPPNARRVEDPEMNMSREVVEDPGVPGTQDVTFAVAEVNGVETGRLPVANVVVTPAHEAVVRVGTKPGTEVPPVIDGSIWDAIAGCEAGGNWAINTGNGYYGGVQFDQGTWEANGGLRYAPRADLATREEQIAVAEVTRLRQGWGAWPVCAARAGAR
TUB887,TUB,GQSYQAVSAQAAAFHDRFVQLLNAGGGSYASAEIANAQQNLLNAVNAPTQTLLGRPLVGDGADGASGPVGQPGGDGGILWGNGGNGGDSTSPGVAGGAGGSAGLIGNGGRGGNGAPGGAGGNGGLGGLLLGNGGAGGVGGTGDNGVGDLGAGGGGGDGGLGGRAGLIGHGGAGGNGGDGGHGGSGKAGGSGGSGGFGQFGGAGGLLYGNGGAAGSGGNGGDAGTGVSSDGFAGLGGSGGRGGDAGLIGVGGGGGGNGGDPGLGARLFQVGSRGGDGGVGGWLYGDGGGGGDGGNGGLPFIGSTNAGNGGSARLIGNGGAGGSGGSGAPGSVSSGGVGGAGNPGGSGGNGGVWYGNGGAGGAAGQGGPGMNTTSPGGPGGVGGHGGTAILFGDGGAGGAGAAGGPGTPDGAAGPGGSGGTGGLLFGVPGPSGPDG
TUB872,TUB,VLDLEPRGPLPTEIYWRRRGLALGIAVVVVGIAVAIVIAFVDSSAGAKPVSADKPASAQSHPGSPAPQAPQPAGQTEGNAAAAPPQGQNPETPTPTAAVQPPPVLKEGDDCPDSTLAVKGLTNAPQYYVGDQPKFTMVVTNIGLVSCKRDVGAAVLAAYVYSLDNKRLWSNLDCAPSNETLVKTFSPGEQVTTAVTWTGMGSAPRCPLPRPAIGPGTYNLVVQLGNLRSLPVPFILNQPPPPPGPVPAPGPAQAPPPESPAQGG
TUB871,TUB,MAATVVIVAWIANRPPASSHEPSPTPNTQLAEQPLIGLGGGVTVRELTQDTPFSLVALTGDLAGTSARVRAKRPDGDWGPWYQTEYETEPRDPAGTDGSVELGGLNPGPRSTDPVFVGTTTTVQVAVTRPIDAPITQPPAGRPPNDLLDSGLGYRPATKEQPFGQNISAILISPPQAPPGTQWTPPTAVTMAGQPPAIISRAEWGADESLRCETPEYDRGVRAAVVHHTAGSNDYSPLESAGIVKAIYTYHSKTLGWCDIAYNALVDKYGQVFEGSAGGLTKPVEGFHTGGFNRNTWGVAMIGNFDDVAPTPIQIRTVGRLLGWRLGMDDVDPRSMVDLQSAGSSYTTFPGGAIARLPAIFTHRDVGNTDCPGNAAYAVMDEIRDIAAHFNDPPEELIKALEGGAIYQRWQALGGMNSALGAPTSPEADAADGARYATFAKGAMYWSPVTDAQPITGAIYEAWASQSYERGPLGLPTSAEIQEPLQITQNFQHGTLNFERLTGNVTEVVDGITTPLATRPPSGPTVPPEHFTLPTHPIT
TUB851,TUB,LKNARTTLIAAAIAGTLVTTSPAGIANADDAGLDPNAAAGPDAVGFDPNLPPAPDAAPVDTPPAPEDAGFDPNLPPPLAPDFLSPPAEEAPPVPVAYSVNWDAIAQCESGGNWSINTGNGYYGGLRFTAGTWRANGGSGSAANASREEQIRVAENVLRSQGIRAWPVCGRRG
TUB845,TUB,MRLVRLLGMVLTILAAGLLLGPPAGAQPPFRLSNYVTDNAGVLTSSGRTAVTAAVDRLYADRRIRLWVVYVENFSGQSALNWAQRTTRTSELGNYDALLAVATTGREYAFLVPSAMPGVSEGQVDNVRRYQIEPALHDGDYSGAAVAAANGLNRSPSSSSRVVLLVTVGIIVIVVAVLLVVMRHRNRRRRADELAAARRVDPTNVMALAAVPLQALDDLSRSMVVDVDNAVRTSTNELALAIEEFGERRTAPFTQAVNNAKAALSQAFTVRQQLDDNTPETPAQRRELLTRVIVSAAHADRELASQTEAFEKLRDLVINAPARLDLLTQQYVELTTRIGPTQQRLAELHTEFDAAAMTSIAGNVTTATERLAFADRNISAARDLADQAVSGRQAGLVDAVRAAESALGQARALLDAVDSAATDIRHAVASLPAVVADIQTGIKRANQHLQQAQQPQTGRTGDLIAARDAAARALDRARGAADPLTAFDQLTKVDADLDRLLATLAEEQATADRLNRSLEQALFTAESRVRAVSEYIDTRRGSIGPEARTRLAEAKRQLEAAHDRKSSNPTEAIAYANAASTLAAHAQSLANADVQSAQRAYTRRGGNNAGAILGGIIIGDLLSGGTRGGLGGWIPTSFGGSSNAPGSSPDGGFLGGGGRF
TUB2085,TUB,VSISCRVREGFVMRLAIVGTAAAAAIGGTLAVAPLTLSTPERVAGGTCSAGQQCDRLAAVLMPDTATPSGPAAAEHAVPAPFEPVADTIAPGLVPRPGVPAAAAVPRVGPPAVPGLPNIPGAAGPALPPPPALPNLAAPSVPGVGIPGIGIPGIGIPGIGIPGVPDPITGVNTAAAVVNGVLGVGGTAAGVVTASAVAVTYLVLAVNALESSGILPTARGTASTVASLLLPGAQSAAAALPAVGLPALPGVTPASLLAMAAAAGLPGVGFPSLPGVSPTDLMAMAAAAGLPTSLPGLAGMSPAELTALVAGGLPMLAAAGLPAGLAGVDPATLAAALPALAAGGLPPGLPALPGVDPAALAAALPALAAGLPALPAGLPPLPAVPALPAPPPLPGPPPLPALPSRLCTPGFGPIGVCIP
TUB2049,TUB,MVAVLTYARQLGFCRSTPPTIPHSRNQLVNKTAGQAAVAESWADRVSPGAVTHATGAMCPTLGAHQFEPNQVRCTACLTRTLSCRIFRRRRELPVVGLASGDPLHPALG
TUB2034,TUB,MREFGNPLGDRPPLDELARTDLLLDALAEREEVDFADPRDDALAALLGQWRDDLRWPPASALVSQDEAVAALRAGVAQRRRARRSLAAVGSVAAALLVLSGFGAVVADARPGDLLYGLHAMMFNRSRVSDDQIVLSAKANLAKVEQMIAQGQWAEAQDELAEVSSTVQAVTDGSRRQDLINEVNLLNTKVETRDPNATLRPGSPSNPAAPGSVGNSWTPLAPVVEPPTPPTPASAAEPSMSAGVSESPMPNSTSTVAASPSTPSSKPEPGSIDPSLEPADEATNPAGQPAPETPVSPTH
TUB2033,TUB,VSYVSVLPATLATAATEVARIGSALSLASAVAAAQTSAVQAAAADEVSAAIAALFSAHGRDFQALSARAAAFHHEFVQALAAGAGSYAVAEIAAASPLQSLIDVFNAPIQAATGRPLIGNGANGQPGTGAPGGPAGG
TUB2030,TUB,VTERTLVLIKPDGIERQLIGEIISRIERKGLTIAALQLRTVSAELASQHYAEHEGKPFFGSLLEFITSGPVVAAIVEGTRAIAAVRQLAGGTDPVQAAAPGTIRGDFALETQFNLVHGSDSAESAQREIALWFPGA
TUB2022,TUB,MPKPADHRNHAAVSTSVLSALFLGAGAALLSACSSPQHASTVPGTTPSIWTGSPAPSGLSGHDEESPGAQSLTSTLTAPDGTKVATAKFEFANGYATVTIATTGVGKLTPGFHGLHIHQVGKCEPNSVAPTGGAPGNFLSAGGHYHVPGHTGTPASGDLASLQVRGDGSAMLVTTTDAFTMDDLLSGAKTAIIIHAGADNFANIPPERYVQVNGTPGPDETTLTTGDAGKRVACGVIGSG
TUB2013,TUB,MLATLSQIRAWSTEHLIDAAGYWTETADRWEDVFLQMRNQAHAIAWNGAGGDGLRQRTRADFSTVSGIADQLRRAATIARNGAGTIDAAQRRVMYAVEDAQDAGFNVGEDLSVTDTKTTQPAAVQAARLAQAQALAGDIRLRVGQLVAAENEVSGQLAATTGDVGNVRFAGAPVVAHSAVQLVDFFKQDGPTPPPPGAPHPSGGADGPYSDPITSMMLPPAGTEAPVSDATKRWVDNMVNELAARPPDDPIAVEARRLAFQALHRPCNSAEWTAAVAGFAGSSAGVVGTALAIPAGPADWALLGAALLGVGGSGAAVVNCATK
TUB196,TUB,MRRNIRVTLGAATIVAALGLSGCSHPEFKRSSPPAPSLPPVTSSPLEAAPITPLPAPEALIDVLSRLADPAVPGTNKVQLIEGATPENAAALDRFTTALRDGSYLPMTFAANDIAWSDNKPSDVMATVVVTTAHPDNREFTFPMEFVSFKGGWQLSRQTAEMLLAMGNSPDSTPSATSPAPAPSPTPPG
TUB2008,TUB,VLSARCHIRHIGSPGKDARCAHLSATLRPGIGISPTNVGNATVLADGTPAKPIQGAETMQRARHTGSCFSANARGPAISSGNPSRAGCGVPSSTTTPSSTPQAIRLLACTDSDALTVTRTAR
TUB190,TUB,MNNLYRDLAPVTEAAWAEIELEAARTFKRHIAGRRVVDVSDPGGPVTAAVSTGRLIDVKAPTNGVIAHLRASKPLVRLRVPFTLSRNEIDDVERGSKDSDWEPVKEAAKKLAFVEDRTIFEGYSAASIEGIRSASSNPALTLPEDPREIPDVISQALSELRLAGVDGPYSVLLSADVYTKVSETSDHGYPIREHLNRLVDGDIIWAPAIDGAFVLTTRGGDFDLQLGTDVAIGYASHDTDTVRLYLQETLTFLCYTAEASVALSH
TUB173,TUB,MATRFMTDPHAMRDMAGRFEVHAQTVEDEARRMWASAQNISGAGWSGMAEATSLDTMAQMNQAFRNIVNMLHGVRDGLVRDANNYEQQEQASQQILSS
TUB2694,TUB,MSPRRTSGGVVPVDRYRIDEGLIVVLVFAGRDERRRTVCFADKFGCVHIGNPDLYRPQTSLPQPLPISSHAISGSRFVETTNRADQQEPIGPNRAELFDQALHAG
TUB2691,TUB,MIDHALALTHIDERGAARMVDVSEKPVTLRVAKASGLVIMKPSTLRMISDGAAAKGDVMAAARIAGIAAAKRTGDLIPLCHPLGLDAVSVTITPCEPDRVKILATTTTLGRTGVEMEALTAVSVAALTIYDMCKAVDRAMEISQIVLQEKSGGRSGVYRRSASDLACQSR
TUB152,TUB,MIATTRDREGATMITFRLRLPCRTILRVFSRNPLVRGTDRLEAVVMLLAVTVSLLTIPFAAAAGTAVQDSRSHVYAHQAQTRHPATATVIDHEGVIDSNTTATSAPPRTKITVPARWVVNGIERSGEVNAKPGTKSGDRVGIWVDSAGQLVDEPAPPARAIADAALAALGLWLSVAAVAGALLALTRAILIRVRNASWQHDIDSLFCTQR
TUB150,TUB,VSTTRRRRPALIALVIIATCGCLALGWWQWTRFQSTSGTFQNLGYALQWPLFAWFCVYAYRNFVRYEETPPQPPTGGAAAEIPAGLLPERPKPAQQPPDDPVLREYNAYLAELAKDDARKQNRTTA
TUB2685,TUB,VFESLSDRLTAALQGLRGKGRLTDADIDATTREIRLALLEADVSLPVVRAFIHRIKERARGAEVSSALNPAQQVVKIVNEELISILGGETRELAFAKTPPTVVMLAGLQGSGKTTLAGKLAARLRGQGHTPLLVACDLQRPAAVNQLQVVGERAGVPVFAPHPGASPESGPGDPVAVAAAGLAEARAKHFDVVIVDTAGRLGIDEELMAQAAAIRDAINPDEVLFVLDAMIGQDAVTTAAAFGEGVGFTGVALTKLDGDARGGAALSVREVTGVPILFASTGEKLEDFDVFHPDRMASRILGMGDVLSLIEQAEQVFDAQQAEEAAAKIGAGELTLEDFLEQMLAVRKMGPIGNLLGMLPGAAQMKDALAEVDDKQLDRVQAIIRGMTPQERADPKIINASRRLRIANGSGVTVSEVNQLVERFFEARKMMSSMLGGMGIPGIGRKSATRKSKGAKGKSGKKSKKGTRGPTPPKVKSPFGVPGMPGLAGLPGGLPDLSQMPKGLDELPPGLADFDLSKLKFPGKK
TUB141,TUB,MDVALGVAVTDRVARLALVDSAAPGTVIDQFVLDVAEHPVEVLTETVVGTDRSLAGENHRLVATRLCWPDQAKADELQHALQDSGVHDVAVISEAQAATALVGAAHAGSAVLLVGDETATLSVVGDPDAPPTMVAVAPVAGADATSTVDTLMARLGDQALAPGDVFLVGRSAEHTTVLADQLRAASTMRVQTPDDPTFALARGAAMAAGAATMAHPALVADATTSLPRAEAGQSGSEGEQLAYSQASDYELLPVDEYEEHDEYGAAADRSAPLSRRSLLIGNAVVAFAVIGFASLAVAVAVTIRPTAASKPVEGHQNAQPGKFMPLLPTQQQAPVPPPPPDDPTAGFQGGTIPAVQNVVPRPGTSPGVGGTPASPAPEAPAVPGVVPAPVPIPVPIIIPPFPGWQPGMPTIPTAPPTTPVTTSATTPPTTPPTTPVTTPPTTPPTTPVTTPPTTPPTTPVTTPPTTVAPTTVAPTTVAPTTVAPTTVAPATATPTTVAPQPTQQPTQQPTQQMPTQQQTVAPQTVAPAPQPPSGGRNGSGGGDLFGGF
TUB134,TUB,MKALVAVSAVAVVALLGVSSAQADPEADPGAGEANYGGPPSSPRLVDHTEWAQWGSLPSLRVYPSQVGRTASRRLGMAAADAAWAEVLALSPEADTAGMRAQFICHWQYAEIRQPGKPSWNLEPWRPVVDDSEMLASGCNPGSPEESF
TUB1572,TUB,VGDYGPFGFDPDEFDRVIREGSEGLRDAFERIGRFLSSSGAGTGWSAIFEDLSRRSRPAPETAGEAGDGVWAIYTVDADGGARVEQVYATELDALRANKDNTDPKRKVRFLPYGIAVSVLDDPVDEAQ
TUB2654,TUB,MSGRHRKPTTSNVSVAKIAFTGAVLGGGGIAMAAQATAATDGEWDQVARCESGGNWSINTGNGYLGGLQFTQSTWAAHGGGEFAPSAQLASREQQIAVGERVLATQGRGAWPVCGRGLSNATPREVLPASAAMDAPLDAAAVNGEPAPLAPPPADPAPPVELAANDLPAPLGEPLPAAPADPAPPADLAPPAPADVAPPVELAVNDLPAPLGEPLPAAPADPAPPADLAPPAPADLAPPAPADLAPPAPADLAPPVELAVNDLPAPLGEPLPAAPAELAPPADLAPASADLAPPAPADLAPPAPAELAPPAPADLAPPAAVNEQTAPGDQPATAPGGPVGLATDLELPEPDPQPADAPPPGDVTEAPAETPQVSNIAYTKKLWQAIRAQDVCGNDALDSLAQPYVIG
TUB114,TUB,VYRVFEALDELSAIVEEARGVPMTAGCVVPRGDVLELIDDIKDAIPGELDDAQDVLDARDSMLQDAKTHADSMVSSATTEAESILNHARTEADRILSDAKAQADRMVSEARQHSERMVADAREEAIRIATAAKREYEASVSRAQAECDRLIENGNISYEKAVQEGIKEQQRLVSQNEVVAAANAESTRLVDTAHAEADRLRGECDIYVDNKLAEFEEFLNGTLRSVGRGRHQLRTAAGTHDYAVR
TUB1554,TUB,MRLKPAPSPAAAFAVAGLILAGWAGSVGLAGADPEPAPTPKTAIDSDGTYAVGIDIAPGTYSSAGPVGDGTCYWKRMGNPDGALIDNALSKKPQVVTIEPTDKAFKTHGCQPWQNTGSEGAAPAGVPGPEAGAQLQNQLGILNGLLGPTGGRVPQP
TUB109,TUB,MYRYQVRVQQRRSEMNRWVATRSRRHTYQWITDHKSPRDHYRHISELRTSIATSSPGRCDMSPIPRIVSVSLAWAAAIGLMVPIGLAPPAMAAPCSGDAANAPPPPSAIVTDPGATALGPVRPGHGPIPTGRKPRGANDRAPLPKLGPLISALLNPGARNAAPLQQQALVPRANPGPNPAPNPPATGPQPPNATQLTPNPAPAPDPAPAAAPDPGATLAGATTSLAEWVTGPDSPNKTLERFGISGTDLGIPWDNGDPANRQVLMIFGDTFGYCAVDGHQWRYNTLFRSQDRDLGNGVHVTSGDASNRYSGSPVRQPGFSKQLINSIKWARDETGIIPTAGIAVGKTQYVNFMSIRNWGRDGEWTTNYSGIAVSKDNGQTWGVFPGTIRASGPDSGGKARFVPGNENFQMGAYLKSNDGYLYSFGTPPGRGGSAYLARVPQRFVPDLTKYQYWNGDSNSWVPNKPDAATPVIPGPVGEMSVQYNTYLKQYLALYTNGMNDVVARTAPAPQGPWSAEQMLVSSWQMPGGIYAPMMHPWSTGKDVYFNLSLWSAYNVMLMHTVLP
TUB2634,TUB,VWEGLWIATAVIAALVVIAALTLGLVLYRRRRISLSPRPERGVVDRSGGYTASSGITFSQTPTTQPAERIDTSGLPAVGDDATVPRDAPKRTIADVHLPEFEPEPQAPEVPEADAIAPPEGRLERLRGRLARSQNALGRGLLGLIGGGDLDEDSWQDVEDTLLVADLGPAATASVVSQLRSRLASGNVRTEADARAVLRDVLINELQPGMDRSIRALPHAGHPSVLLVVGVNGTGKTTTVGKLARVLVADGRRVVLGAADTFRAAAADQLQTWAARVGAAVVRGPEGADPASVAFDAVDKGIAAGADVVLIDTAGRLHTKVGLMDELDKVKRVVTRRASVDEVLLVLDATIGQNGLAQARVFAEVVDISGAVLTKLDGTAKGGIVFRVQQELGVPVKLVGLGEGPDDLAPFEPAAFVDALLG
TUB1546,TUB,VASKAGLGQTPATTDARRTQKFYRGSPGRPWLIGAVVIPLLIAAIGYGAFERPQSVTGPTGVLPTLTPTSTRGASALSLSLLSISRSGNTVTLIGDFPDEAAKAALMTALNGLLAPGVNVIDQIHVDPVVRSLDFSSAEPVFTASVPIPDFGLKVERDTVTLTGTAPSSEHKDAVKRAATSTWPDMKIVNNIEVTGQAPPGPPASGPCADLQSAINAVTGGPIAFGNDGASLIPADYEILNRVADKLKACPDARVTINGYTDNTGSEGINIPLSAQRAKIVADYLVARGVAGDHIATVGLGSVNPIASNATPEGRAKNRRVEIVVN
TUB2625,TUB,MSNANFSILVDFAAGGLVLASVLIVWRRDLRAIVRLLAWQGAALAAIPLLRGIRDNDRALIAVGIAVLALRALVLPWLLARAVGAEAAAQREATPLVNTASSLLITAGLTLTAFAITQPVVNLEPGVTINAVPAAFAVVLIALFVMTTRLHAVSQAAGFLMLDNGIAATAFLLTAGVPLIVELGASLDVLFAVIVIGVLTGRLRRIFGDADLDKLRELRD
TUB795,TUB,MTSTLHRTPLATAGLALVVALGGCGGGGGDSRETPPYVPKATTVDATTPAPAAEPLTIASPMFADGAPIPVQFSCKGANVAPPLTWSSPAGAAELALVVDDPDAVGGLYVHWIVTGIAPGSGSTADGQTPAGGHSVPNSGGRQGYFGPCPPAGTGTHHYRFTLYHLPVALQLPPGATGVQAAQAIAQAASGQARLVGTFEG
TUB2601,TUB,MNGLISQACGSHRPRRPSSLGAVAILIAATLFATVVAGCGKKPTTASSPSPGSPSPEAQQILQDSSKATKGLHSVHVVVTVNNLSTLPFESVDADVTNQPQGNGQAVGNAKVRMKPNTPVVATEFLVTNKTMYTKRGGDYVSVGPAEKIYDPGIILDKDRGLGAVVGQVQNPTIQGRDAIDGLATVKVSGTIDAAVIDPIVPQLGKGGGRLPITLWIVDTNASTPAPAANLVRMVIDKDQGNVDITLSNWGAPVTIPNPAG
TUB1514,TUB,MNLILTAHGTRRPSGVAMIADIAAQVSALVDRTVQVAFVDVLGPSPSEVLSALSCRPAIVVPAFLSRGYHVRTDLPAHVAASAHPHVTVTPALGPCREIAQIVTQQLVESGWRPGDSVILAAAGASDRRARADLHTTRTLVSELTGSWVDMGFAGTGGPDVRTAVQRARDRAEANRGARRVAVASFLLAEGLFQERLRASGADVVTRPLGTHPGLAQLVANRFRSAVARQQRLHRWHGTPTPVTLDL
TUB1502,TUB,MRALIIVDVQNDFCEGGSLAVTGGAALARAISDYLAEAADYHHVVATKDFHIDPGDHFSGTPDYSSSWPPHCVSGTPGADFHPSLDTSAIEAVFYKGAYTGAYSGFEGVDENGTPLLNWLRQRGVDEVDVVGIATDHCVRQTAEDAVRNGLATRVLVDLTAGVSADTTVAALEEMRTASVELVCSS
TUB779,TUB,MSHVTAAPNVLAASAGELAAIGSTMRAANAAAAAPTAGVLAAGGDDVSAGIAALFGARAQAYQAISAQAALFHDRFVQILQEGAAAYAMAEAANALPLQKAQGVVSELAQDRTGGTGTGQSRGAGGFGGVGQAGGKGWDGGPIGNGQVGEQHGAGQLGSTDGNPGVAGAAHGSGVSASHGSGATGAAGVADPGGSGAGVGSAAGNGTGAGSADAVGGAGTGRDIVGSVRGDGGVGMASGDGGLSTGAAGASAEGGLMPGFGGAPWVGGHWGLGGEGHSGAIGGVGEQVAPAVATAPAVSPATTSAVAAESGSTPATKAQAMHATTNPGNAAHQGNPADPGNSARRADGGRDEQLLLLPLTSLRGLRHTLKKLSGLRARNGLLTASGDNASGSGRPWDRDQLLRALGLRPPGHE
TUB763,TUB,MPTSNPAKPLDGFRVLDFTQNVAGPLAGQVLVDLGAEVIKVEAPGGEAARQITSVLPGRPPLATYFLPNNRGKKSVTVDLTTEQAKQQMLRLADTADVVLEAFRPGTMEKLGLGPDDLRSRNPNLIYARLTAYGGNGPHGSRPGIDLVVAAEAGMTTGMPTPEGKPQIIPFQLVDNASGHVLAQAVLAALLHRERNGVADVVQVAMYDVAVGLQANQLMMHLNRAASDQPKPEPAPKAKRRKGVGFATQPSDAFRTADGYIVISAYVPKHWQKLCYLIGRPDLVEDQRFAEQRSRSINYAELTAELELALASKTATEWVQLLQANGLMACLAHTWKQVVDTPLFAENDLTLEVGRGADTITVIRTPARYASFRAVVTDPPPTAGEHNAVFLARP
TUB2597,TUB,MLRRVAILLAAVLAFAGCSGGTRLAAGFGNGNSVHTLDVDGAGRSYRLYKPVGLPSSAPLVVMLHGGFGSAKQAERSYGWDELADSEKFLVAYPDGYHRAWNANGGGCCGRPAREGVDDIGFVRAVVADIANNVSIDPARVYVTGMSNGAIMSYTLACNTSIFAAIGVVSGTQLDPCQSPRPVSVIHIHGTADPLVRYHGGPGAGFARIDGPPVPDLNAFWREVNRCGALDTTTEGPVTTSGATCADNRRVVLLTVDDAGHRWPSFATQTLWRFFAAHFR
TUB2591,TUB,VRLSLIARGMAALLAATALVAGCNTTIDGRPVASPGSGPTEPTFPTPRPTTAPPGTTAPTLPTTPVSPTAPAGAIPLPPDSNGYVFIETKSGMTRCQINRDSVGCEAPFTNSPLRDGEHANGIHITAGGSVQWVLGNLGAIPTVSIDYRTYEAQGWTIDATTDGTRFTNNRTGHGMFVSIEKVDTF
TUB2573,TUB,VFQISPEQWMHSAAQVTTQGEGLAVGHLSSDYRMQAAQFGWQGASAMALNAKMDDWLDASRALLTRIGDHAFGLQEAAIQHAAAEAERAQALAQVGVSADVVAGPRGV
TUB2567,TUB,MTATVEIRRAADRAVTTTSWLKSRHSFSFGDHYDPDNTHHGLLLVNNDDQMEPASGFDPHPHRDMEIVTWVLRGALRHQDSAGNSGVIYPGLAQRMSAGTGILHSEMNDSATEPVHFVQMWVIPDATGITASYQQQEIDDELLRAGLVTIASGIPGQDAALTLHNSSASLHGARLRPGATVSLPCAPFLHLFVAYGRLTLEGGGELADGDAVRFTDADARGLTANEPSEVLIWEMHAKLGDSAT
TUB2565,TUB,MTRPKLELSDDEWRQKLTPQEFHVLRRAGTERPFTGEYTDTTTAGIYQCRACGAELFRSTEKFESHCGWPSFFDPKSSDAVTLRPDHSLGMTRTEVLCANCDSHLGHVFAGEGYPTPTDKRYCINSISLRLVPGSV
TUB2560,TUB,VISTTRIDFLWILSVAFASMIALATLLTLINQVVGTPYIPGGDSPAGTDCSELASWVSNAATARPVFGDRFNTGNEEAALAARGFQQGTAPNALVIGWNGHHTAVTLPDGTPVSSGEGGGVRVGGGGAYQPKFTHHMYLPMDVDAGEDQPPAPDEPVTAVDDVEPEMPAPCPTQRPPVTPRHNLCNKLRTMPGALSAALAAAAPVWPAPISGCRGFSTSLLAKRNHPVIVGK
TUB1471,TUB,MAETPDHAELRRRIADMAFNADVGMATCKRCGDAVPYIILPNLQTGEPVMGVADNKWKRANCPVDVGKPCPFLIAEGVADSTDDTIEVDQ
TUB2552,TUB,MALQPVTRRSVPEEVFEQIATDVLTGEMPPGEALPSERRLAELLGVSRPAVREALKRLSAAGLVEVRQGDVTTVRDFRRHAGLDLLPRLLFRNGELDISVVRSILEARLRNFPKVAELAAERNEPELAELLQDSLRALDTEEDPIVWQRHTLDFWDHVVDSAGSIVDRLMYNAFRAAYEPTLAALTTTMTAAAKRPSDYRKLADAICSGDPTGAKKAAQDLLELANTSLMAVLVSQASRQ
TUB1463,TUB,VSLVIATPQLLATAALDLASIGSQVSAANAAAAMPTTEVVAAAADEVSAAIAGLFGAHARQYQALSVQVAAFHEQFVQALTAAAGRYASTEAAVERSLLGAVNAPTEALLGRPLIGNGADGTAPGQPGAAGGLLFGNGGNGAAGGFGQTGGSGGAAGLIGNGGNGGAGGTGAAGGAGGNGGWLWGNGGNGGVGGTSVAAGIGGAGGNGGNAGLFGHGGAGGTGGAGLAGANGVNPTPGPAASTGDSPADVSGIGDQTGGDGGTGGHGTAGTPTGGTGGDGATATAGSGKATGGAGGDGGTAAAGGGGGNGGDGGVAQGDIASAFGGDGGNGSDGVAAGSGGGSGGAGGGAFVHIATATSTGGSGGFGGNGAASAASGADGGAGGAGGNGGAGGLLFGDGGNGGAGGAGGIGGDGATGGPGGSGGNAGIARFDSPDPEAEPDVVGGKGGDGGKGGSGLGVGGAGGTGGAGGNGGAGGLLFGNGGNGGNAGAGGDGGAGVAGGVGGNGGGGGTATFHEDPVAGVWAVGGVGGDGGSGGSSLGVGGVGGAGGVGGKGGASGMLIGNGGNGGSGGVGGAGGVGGAGGDGGNGGSGGNASTFGDENSIGGAGGTGGNGGNGANGGNGGAGGIAGGAGGSGGFLSGAAGVSGADGIGGAGGAGGAGGAGGSGGEAGAGGLTNGPGSPGVSGTEGMAGAPG
TUB2541,TUB,MVSLLVHAALGVVVIGWIVSSNPKVFTRPAGGSWFSLPECVYYVVGIASIALGWYFNIRFVQQYAHGAANPLWGPGSWAEYVRLMFTNPAASSAGQDYTIANVILLPLFSTTDGYRRGLRRPWLYFVSSLFTSFAFAFAFYFATIERQHRHERSRATVGA
TUB1442,TUB,MRVNRPQCARVPYSAESLVRVEASWYGRTLRAIPEVLSQVGYQQADHGESLLTSHHCCLGAAEGARPGWVGSSAGALSGLLDSWAEASTAHAARIGDHSYGMHLAAVGFAEMEEHNAAALAAVYPTGGGSARCDGVDVS
TUB2528,TUB,MSVVRSIGKKMQRISGPNALAVKGRPTQVYGHTHVRLDCRFMADSEFTAPEVTQLAEGLHRALSKLISMLRRGDPNGAAAGDLTLAQLSILVTLLDQGPIRMTDLAAHERVRTPTTTVAIRRLEKIGLVKRSRDPSDLRAVLVDITPQGRAVHGESLANRRAALAALLSQLPRSDLETLRKALAPLERLASGEPASGPASNSPARKRA
TUB66,TUB,MVNKPFERRSLLRGAGALTAASLAPWAAGCAADDDDALTFFFAANPDELRPRMRVVNEFQRRYPDIKVRALLSGPGVMQQLATFCAGGKCPDVLMAWELTYAELADRGVLLDLNTLLARDQAFAAELKSDSIGALYETFTFNGGQYAFPEQWSGNFLFYNKQLFDDAGVPPPPGSWERPWSFAEFLDAAQALTKQGRSGRDRQWGFVNAWVSFYAAGLFAMNNGVPWSVPRMNPTHLNFDHDGFLEAVQFYADLTNKHKVAPSAAEQQSMSTADLFSVGKAGIALAGHWRYQTFDRADGLDFDVAPLPIGPRGRAACSDIGVTGLAIAATSRRKDQAWEFVKFATGPVGQALIGESRLFVPVLRSAINSHGFANAHRRVGNLAVLSEGPAYSEGLPVTPAWEKIAALMDRYFGPVLRGSRPATSLTGLSQAVDEVLRNP
TUB2519,TUB,MADADTTDFDVDAEAPGGGVREDTATDADEADDQEERLVAEGEIAGDYLEELLDVLDFDGDIDLDVEGNRAVVSIDGSDDLNKLVGRGGEVLDALQELTRLAVHQKTGVRSRLMLDIARWRRRRREELAALADEVARRVAETGDREELVPMTPFERKIVHDAVAAVPGVHSESEGVEPERRVVVLRD
TUB2515,TUB,MSGHRKKAMLALAAASLAATLAPNAVAAAEPSWNGQYLVTLSANAKTGTSMAANRPEYPHKANYTFSSRCASDVCIATVVDAPPPKNEFIPRPIEYTWNGTQWVREISWQWDCLLPDGTIEYAPAKSITAYTPGQYGILTGVFHTDIASGTCKGNVDMPVSAKPIVG
TUB58,TUB,MSFVNVDPFGMLAAAATLESLGSHMAVSNAAVASVTTKVPPPAADYVSKKLSLFFSSHGQQYQVQAARGTAFHRKLVRTLANGALAYEEVEIANNEGF
TUB55,TUB,MTDSEKSATIKVTDASFATDVLSSNKPVLVDFWATWCGPCKMVAPVLEEIATERATDLTVAKLDVDTNPETARNFQVVSIPTLILFKDGQPVKRIVGAKGKAALLRELSDVVPNLN
TUB41,TUB,MTDRVSVGNLRIARVLYDFVNNEALPGTDIDPDSFWAGVDKVVADLTPQNQALLNARDELQAQIDKWHRRRVIEPIDMDAYRQFLTEIGYLLPEPDDFTITTSGVDAEITTTAGPQLVVPVLNARFALNAANARWGSLYDALYGTDVIPETDGAEKGPTYNKVRGDKVIAYARKFLDDSVPLSSGSFGDATGFTVQDGQLVVALPDKSTGLANPGQFAGYTGAAESPTSVLLINHGLHIEILIDPESQVGTTDRAGVKDVILESAITTIMDFEDSVAAVDAADKVLGYRNWLGLNKGDLAAAVDKDGTAFLRVLNRDRNYTAPGGGQFTLPGRSLMFVRNVGHLMTNDAIVDTDGSEVFEGIMDALFTGLIAIHGLKASDVNGPLINSRTGSIYIVKPKMHGPAEVAFTCELFSRVEDVLGLPQNTMKIGIMDEERRTTVNLKACIKAAADRVVFINTGFLDRTGDEIHTSMEAGPMVRKGTMKSQPWILAYEDHNVDAGLAAGFSGRAQVGKGMWTMTELMADMVETKIAQPRAGASTAWVPSPTAATLHALHYHQVDVAAVQQGLAGKRRATIEQLLTIPLAKELAWAPDEIREEVDNNCQSILGYVVRWVDQGVGCSKVPDIHDVALMEDRATLRISSQLLANWLRHGVITSADVRASLERMAPLVDRQNAGDVAYRPMAPNFDDSIAFLAAQELILSGAQQPNGYTEPILHRRRREFKARAAEKPAPSDRAGDDAAR
TUB1407,TUB,MVPLWFTLSALCFVGAVVLLYVDIDRRRGRSRRRKSWARSHGFDYERESTEILKRWTRGVMSTVGDVAAHNVVLGQIRGEAVYIFDLEEVATVIALHRKVGTNVVVDLRLKGLKEPRESDIWLLGAIGPRMVYSTNLDAARRACDRRMVTFAHTAPDCAEIMWNEQNWTLVSMPIASTRAQWDEGLRTVRQFNDLLRVLPPLPQEMPQQTGVGPRGAAPGRPVAPGGPAELPPRRAQPDPATTVLPDPARRAPEPIRRDEGRSEGVRRPPPAGRNGQQATNYQH
TUB38,TUB,MSSITVSVDPVDPVDPVDPVDPVDAVVAAGSDGLTVARIESEIGALEFLNELRTELKSGQFRPQPVRERKIPKPGGLGKVRRLGIPTVADRVVQAALKLVLEPIFETDFEPVSYGFRPARRAHDTIAEIHLFGTQEYRWVLDADIKACFDRIDHADLMDRVRHRIKDKRVLRLVNWQRIRHRWNWTDVRRWLTDPTGRWHPISADGITLFNPAAVPIRRYRYRGNTIPTPWTQAV
TUB34,TUB,MAKNPKDGESRTFLISVAAELAGMHAQTLRTYDRLGLVSPRRTSGGGRRYSLHDVELLRQVQHLSQDEGVNLAGIKRIIELTSQVEALQSRLQEMAEELAVLRANQRREVAVVPKSTALVVWKPRR
TUB27,TUB,VSAQRARSAVQASHRSIHPHIPGVPWWAAILIAVTATAIGYAIDAGSGHKALTLVFTGCYIAGCVGAVLAVRQSDLFTALVQPPLILFCAVPGAYWLFHGGTIGKFKDLLINCGYSLIERFPLMLGTAAGVLLIGLVRWYLGTALFDSIARKLSSLMTGDSDDDGGRRSAQRPARTRSRHARPPSEDNREPIAERRSRRRPRPQNDPHPRRNAHERPAPRSSRFDSYRSYQPSEPSGPAEPVNRYERRGARYQPYARYEPTYEPQRRRARPSEPTNPTHHPISQVRYRGSATRDARRDNYREEQRFDRRDRSRAPRRPPAESWEYDV
TUB23,TUB,VLRAAPVINRLTNRPISRRGVLAGGAALAALGVVSACGESAPKAPAVEELRSPLDQARHDGALAAAAATAIGIPPQVAAALTVVATQRTSHARALATEIARAAGKLVSATSETSSSSPSPTDPAAPPPAVSDVIDSLRTSAGEASRLVATTSGYRAGLLASIAASCTASYTVALVPSGPSI
TUB14,TUB,MSDPVSYTRKDSIAVISMDDGKVNALGPAMQQALNAAIDNADRDDVGALVITGNGRVFSGGFDLKILTSGEVQPAIDMLRGGFELAYRLLSYPKPVVMACTGHAIAMGAFLLSCGDHRVAAHAYNIQANEVAIGMTIPYAALEIMKLRLTRSAYQQATGLAKTFFGETALAAGFIDEIALPEVVVSRAEEAAREFAGLNQHAHAATKLRSRADALTAIRAGIDGIAAEFGL
TUB12,TUB,VMSAQRVVRTVRTARAISTALAVAIVLGTGVAWSSVRSFEDGIFHMSAPSLGHGGDDGAIDILLVGLDSRTDAHGNPLSAEELATLHAGDEEATNTDTIILIRVPNNGKSATAISIPRDSYVAAPGLGKTKINGVYGQTRETKRAGLVQAGASPTEAAAAGTEAGREALIKTVADLTGVTVDHYAEIGLLGFALIADALGGVDVCLKEPVYEPLSGADFPAGRQKLNGPQALSFVRQRHDLPRGDLDRVVRQQAVMAALAHRVISGQTLSSPATLKRLEQAVQRSVVLSSGWDIMDFVRQLQKLAGGNVAFATIPVLDGAGWSDDGMQSVVRVDPRQVQDWVVGLLHEQDQGKTDELAYTPAKTTANVVNDTDINGLAAAVSKVLSSKGFTTGSVGNNDGDHVPGSQVRAAKADDLGAQQVAKELGGLPVVADASIAPGSVRVVLANDYSGPGSGLGGSDPNGVVSPARAFNLGSADDTTPPPSPILTAGSDAPECIN
TUB10,TUB,MIFGSRRRIRGRRGRSGPMTRGLSALSRAVAVAWRRSLQLRVVALTLGLSLAVILALGFVLTSQVTNRVLDIKVRAAIDQIERARTTVSGIVNGEETRSLDSSLQLARNTLTSKTDPASGAGLAGAFDAVLMVPGDGPRAASTAGPVDQVPNALRGFVKAGQAAYQYATVQTEGFSGPALIIGTPTLSRVANLELYLIFPLASEQATITLVRGTMATGGLVLLVLLAGIALLVSRQVVVPVRSASRIAERFAEGHLSERMPVRGEDDMARLAVSFNDMAESLSRQIAQLEEFGNLQRRFTSDVSHELRTPLTTVRMAADLIYDHSADLDPTLRRSTELMVSELDRFETLLNDLLEISRHDAGVAELSVEAVDLRTTVNNALGNVGHLAEEAGIELLVDLPAEQVIAEVDARRVERILRNLIANAIDHAEHKPVRIRMAADEDTVAVTVRDYGVGLRPGEEKLVFSRFWRSDPSRVRRSGGTGLGLAISVEDARLHQGRLEAWGEPGEGACFRLTLPMVRGHKVTTSPLPMKPIPQPVLQPVAQPNPQPMPPEYKERQRPREHAEWSG
TUB649,TUB,MTDVDPHATRRDLVPNIPAELLEAGFDNVEEIGRGGFGVVYRCVQPSLDRAVAVKVLSTDLDRDNLERFLREQRAMGRLSGHPHIVTVLQVGVLAGGRPFIVMPYHAKNSLETLIRRHGPLDWRETLSIGVKLAGALEAAHRVGTLHRDVKPGNILLTDYGEPQLTDFGIARIAGGFETATGVIAGSPAFTAPEVLEGASPTPASDVYSLGATLFCALTGHAAYERRSGERVIAQFLRITSQPIPDLRKQGLPADVAAAIERAMARHPADRPATAADVGEELRDVQRRNGVSVDEMPLPVELGVERRRSPEAHAAHRHTGGGTPTVPTPPTPATKYRPSVPTGSLVTRSRLTDILRAGGRRRLILIHAPSGFGKSTLAAQWREELSRDGAAVAWLTIDNDDNNEVWFLSHLLESIRRVRPTLAESLGHVLEEHGDDAGRYVLTSLIDEIHENDDRIAVVIDDWHRVSDSRTQAALGFLLDNGCHHLQLIVTSWSRAGLPVGRLRIGDELAEIDSAALRFDTDEAAALLNDAGGLRLPRADVQALTTSTDGWAAALRLAALSLRGGGDATQLLRGLSGASDVIHEFLSENVLDTLEPELREFLLVASVTERTCGGLASALAGITNGRAMLEEAEHRGLFLQRTEDDPNWFRFHQMFADFLHRRLERGGSHRVAELHRRASAWFAENGYLHEAVDHALAAGDPARAVDLVEQDETNLPEQSKMTTLLAIVQKLPTSMVVSRARLQLAIAWANILLQRPAPATGALNRFETALGRAELPEATQADLRAEADVLRAVAEVFADRVERVDDLLAEAMSRPDTLPPRVPGTAGNTAALAAICRFEFAEVYPLLDWAAPYQEMMGPFGTVYAQCLRGMAARNRLDIVAALQNFRTAFEVGTAVGAHSHAARLAGSLLAELLYETGDLAGAGRLMDESYLLGSEGGAVDYLAARYVIGARVKAAQGDHEGAADRLSTGGDTAVQLGLPRLAARINNERIRLGIALPAAVAADLLAPRTIPRDNGIATMTAELDEDSAVRLLSAGDSADRDQACQRAGALAAAIDGTRRPLAALQAQILHIETLAATGRESDARNELAPVATKCAELGLSRLLVDAGLA
TUB640,TUB,VTNPQGPPNDPSPWARPGDQGPLARPPASSEASTGRLRPGEPAGHIQEPVSPPTQPEQQPQTEHLAASHAHTRRSGRQAAHQAWDPTGLLAAQEEEPAAVKTKRRARRDPLTVFLVLIIVFSLVLAGLIGGELYARHVANSKVAQAVACVVKDQATASFGVAPLLLWQVATRHFTNISVETAGNQIRDAKGMQIKLTIQNVRLKNTPNSRGTIGALDATITWSSEGIKESVQNAIPILGAFVTSSVVTHPADGTVELKGLLNNITAKPIVAGKGLELQIINFNTLGFSLPKETVQSTLNEFTSSLTKNYPLGIHADSVQVTSTGVVSRFSTRDAAIPTGIQNPCFSHI
TUB637,TUB,MSRLLALLCAAVCTGCVAVVLAPVSLAVVNPWFANSVGNATQVVSVVGTGGSTAKMDVYQRTAAGWQPLKTGITTHIGSAGMAPEAKSGYPATPMGVYSLDSAFGTAPNPGGGLPYTQVGPNHWWSGDDNSPTFNSMQVCQKSQCPFSTADSENLQIPQYKHSVVMGVNKAKVPGKGSAFFFHTTDGGPTAGCVAIDDATLVQIIRWLRPGAVIAIAK
TUB621,TUB,MFERFTDRARRVVVLAQEEARMLNHNYIGTEHILLGLIHEGEGVAAKSLESLGISLEGVRSQVEEIIGQGQQAPSGHIPFTPRAKKVLELSLREALQLGHNYIGTEHILLGLIREGEGVAAQVLVKLGAELTRVRQQVIQLLSGYQGKEAAEAGTGGRGGESGSPSTSLVLDQFGRNLTAAAMEGKLDPVIGREKEIERVMQVLSRRTKNNPVLIGEPGVGKTAVVEGLAQAIVHGEVPETLKDKQLYTLDLGSLVAGSRYRGDFEERLKKVLKEINTRGDIILFIDELHTLVGAGAAEGAIDAASILKPKLARGELQTIGATTLDEYRKYIEKDAALERRFQPVQVGEPTVEHTIEILKGLRDRYEAHHRVSITDAAMVAAATLADRYINDRFLPDKAIDLIDEAGARMRIRRMTAPPDLREFDEKIAEARREKESAIDAQDFEKAASLRDREKTLVAQRAEREKQWRSGDLDVVAEVDDEQIAEVLGNWTGIPVFKLTEAETTRLLRMEEELHKRIIGQEDAVKAVSKAIRRTRAGLKDPKRPSGSFIFAGPSGVGKTELSKALANFLFGDDDALIQIDMGEFHDRFTASRLFGAPPGYVGYEEGGQLTEKVRRKPFSVVLFDEIEKAHQEIYNSLLQVLEDGRLTDGQGRTVDFKNTVLIFTSNLGTSDISKPVGLGFSKGGGENDYERMKQKVNDELKKHFRPEFLNRIDDIIVFHQLTREEIIRMVDLMISRVAGQLKSKDMALVLTDAAKALLAKRGFDPVLGARPLRRTIQREIEDQLSEKILFEEVGPGQVVTVDVDNWDGEGPGEDAVFTFTGTRKPPAEPDLAKAGAHSAGGPEPAAR
TUB2496,TUB,VLVTVGSMNERVPDSSGLPLRAMVMVLLFLGVVFLLLVWQALGSSPNSEDDSSAISTMTTTTAAPTSTSVKPAAPRAEVRVYNISGTEGAAARTADRLKAAGFTVTDVGNLSLPDVAATTVYYTEVEGERATADAVGRTLGAAVELRLPELSDQPPGVIVVVTG
TUB2467,TUB,LAGIAGVDRDPPGWPQHSHLLAGDPERFRHQLQRAETTNSIECFVAEWHHAGVAADMTRPWPTVVQGGAGQRRRRDVEPDRKTPVRWMSGQRLSEITWPTTDIEHSVGAAEVQRHRGAVPLGSGGDAAGKVEGGRTPQPFVQP
TUB6,TUB,MHQVDPNLTRRKGRLAALAIAAMASASLVTVAVPATANADPEPAPPVPTTAASPPSTAAAPPAPATPVAPPPPAAANTPNAQPGDPNAAPPPADPNAPPPPVIAPNAPQPVRIDNPVGGFSFALPAGWVESDAAHFDYGSALLSKTTGDPPFPGQPPPVANDTRIVLGRLDQKLYASAEATDSKAAARLGSDMGEFYMPYPGTRINQETVSLDANGVSGSASYYEVKFSDPSKPNGQIWTGVIGSPAANAPDAGPPQRWFVVWLGTANNPVDKGAAKALAESIRPLVAPPPAPAPAPAEPAPAPAPAGEVAPTPTTPTPQRTLPA
TUB5,TUB,MTQSQTVTVDQQEILNRANEVEAPMADPPTDVPITPCELTAAKNAAQQLVLSADNMREYLAAGAKERQRLATSLRNAAKAYGEVDEEAATALDNDGEGTVQAESAGAVGGDSSAELTDTPRVATAGEPNFMDLKEAARKLETGDQGASLAHFADGWNTFNLTLQGDVKRFRGFDNWEGDAATACEASLDQQRQWILHMAKLSAAMAKQAQYVAQLHVWARREHPTYEDIVGLERLYAENPSARDQILPVYAEYQQRSEKVLTEYNNKAALEPVNPPKPPPAIKIDPPPPPQEQGLIPGFLMPPSDGSGVTPGTGMPAAPMVPPTGSPGGGLPADTAAQLTSAGREAAALSGDVAVKAASLGGGGGGGVPSAPLGSAIGGAESVRPAGAGDIAGLGQGRAGGGAALGGGGMGMPMGAAHQGQGGAKSKGSQQEDEALYTEDRAWTEAVIGNRRRQDSKESK
TUB4,TUB,MSRAFIIDPTISAIDGLYDLLGIGIPNQGGILYSSLEYFEKALEELAAAFPGDGWLGSAADKYAGKNRNHVNFFQELADLDRQLISLIHDQANAVQTTRDILEGAKKGLEFVRPVAVDLTYIPVVGHALSAAFQAPFCAGAMAVVGGALAYLVVKTLINATQLLKLLAKLAELVAAAIADIISDVADIIKGTLGEVWEFITNALNGLKELWDKLTGWVTGLFSRGWSNLESFFAGVPGLTGATSGLSQVTGLFGAAGLSASSGLAHADSLASSASLPALAGIGGGSGFGGLPSLAQVHAASTRQALRPRADGPVGAAAEQVGGQSQLVSAQGSQGMGGPVGMGGMHPSSGASKGTTTKKYSEGAAAGTEDAERAPVEADAGGGQKVLVRNVV
